chapter_index,chapter_title,article_index,article_title,category,text,start,end
0,第一章　総則,0,第一条,LAW_REFERENCE, この法,12,16
0,第一章　総則,0,第一条,ARTICLE_REFERENCE,第一条,0,3
0,第一章　総則,0,第一条,ARTICLE_REFERENCE,第一条,9,12
0,第一章　総則,0,第一条,PROCEDURE,発明,19,21
0,第一章　総則,0,第一条,PROCEDURE,発明,37,39
0,第一章　総則,1,第二条,LAW_REFERENCE, この法律で「発明」とは、自然法則を利用した技術的思想の創作のうち高度のものをいう。 ２ この法律で「特許発明」とは、特許を受けている発明をいう。 ３ この法律で発明について「実施」とは、次に掲げる行為をいう。 一 物（プログラム等を含む。以下同じ。）の発明にあつては、その物の生産、使用、譲渡等（譲渡及び貸渡しをいい、その物がプログラム等である場合には、電気通信回線を通じた提供を含む。以下同じ。）、輸出若しくは輸入又は譲渡等の申出（譲渡等のための展示を含む。以下同じ。）をする行為 二 方法の発明にあつては、その方法の使用をする行為 三 物を生産する方法の発明にあつては、前号に掲げるもののほか、その方法により生産した物の使用、譲渡等、輸出若しくは輸入又は譲渡等の申出をする行為 ４ この法,12,359
0,第一章　総則,1,第二条,ARTICLE_REFERENCE,第二条,0,3
0,第一章　総則,1,第二条,ARTICLE_REFERENCE,第二条,9,12
0,第一章　総則,1,第二条,ARTICLE_REFERENCE,前号,300,302
0,第一章　総則,1,第二条,PROCEDURE,発明,19,21
0,第一章　総則,1,第二条,PROCEDURE,発明,65,67
0,第一章　総則,1,第二条,PROCEDURE,発明,79,81
0,第一章　総則,1,第二条,PROCEDURE,発明,93,95
0,第一章　総則,1,第二条,PROCEDURE,発明,139,141
0,第一章　総則,1,第二条,PROCEDURE,発明,260,262
0,第一章　総則,1,第二条,PROCEDURE,発明,292,294
0,第一章　総則,2,第三条,LAW_REFERENCE, この法律又はこの法律に基く命令の規定による期間の計算は、次の規定による。 一 期間の初日は、算入しない。ただし、その期間が午前零時から始まるときは、この限りでない。 二 期間を定めるのに月又は年をもつてしたときは、暦に従う。月又は年の始から期間を起算しないときは、その期間は、最後の月又は年においてその起算日に応当する日の前日に満了する。ただし、最後の月に応当する日がないときは、その月の末日に満了する。 ２ 特許出願、請求その他特許に関する手続（以下単に「手続」という。）についての期間の末日が行政機関の休日に関する法律（昭和六十三年法,15,285
0,第一章　総則,2,第三条,ARTICLE_REFERENCE,第三条,0,3
0,第一章　総則,2,第三条,ARTICLE_REFERENCE,第三条,12,15
0,第一章　総則,2,第三条,ARTICLE_REFERENCE,第九十一号,286,291
0,第一章　総則,2,第三条,ARTICLE_REFERENCE,第一条,292,295
0,第一章　総則,2,第三条,ARTICLE_REFERENCE,第一項,295,298
0,第一章　総則,2,第三条,ARTICLE_REFERENCE,各号,298,300
0,第一章　総則,2,第三条,TIME_PERIOD,から,81,83
0,第一章　総則,2,第三条,TIME_PERIOD,から,134,136
0,第一章　総則,2,第三条,TIME_PERIOD,六十三年,280,284
0,第一章　総則,2,第三条,PROCEDURE,出願,223,225
0,第一章　総則,2,第三条,PROCEDURE,請求,226,228
0,第一章　総則,3,第四条,ARTICLE_REFERENCE,第四条,0,3
0,第一章　総則,3,第四条,ARTICLE_REFERENCE,第四条,13,16
0,第一章　総則,3,第四条,ARTICLE_REFERENCE,第四十六条の二,53,60
0,第一章　総則,3,第四条,ARTICLE_REFERENCE,第一項,60,63
0,第一章　総則,3,第四条,ARTICLE_REFERENCE,第三号,63,66
0,第一章　総則,3,第四条,ARTICLE_REFERENCE,第百八条,67,71
0,第一章　総則,3,第四条,ARTICLE_REFERENCE,第一項,71,74
0,第一章　総則,3,第四条,ARTICLE_REFERENCE,第百二十一条,75,81
0,第一章　総則,3,第四条,ARTICLE_REFERENCE,第一項,81,84
0,第一章　総則,3,第四条,ARTICLE_REFERENCE,第百七十三条,86,92
0,第一章　総則,3,第四条,ARTICLE_REFERENCE,第一項,92,95
0,第一章　総則,3,第四条,ORGANIZATION,特許庁長官,17,22
0,第一章　総則,3,第四条,PROCEDURE,請求,42,44
0,第一章　総則,4,第五条,LAW_REFERENCE, 特許庁長官、審判長又は審査官は、この法律の規定により手続をすべき期間を指定したときは、請求により又は職権で、その期間を延長することができる。 ２ 審判長は、この法,7,89
0,第一章　総則,4,第五条,LAW_REFERENCE,省令,156,158
0,第一章　総則,4,第五条,LAW_REFERENCE,省令,196,198
0,第一章　総則,4,第五条,ARTICLE_REFERENCE,第五条,0,3
0,第一章　総則,4,第五条,ARTICLE_REFERENCE,第五条,4,7
0,第一章　総則,4,第五条,ARTICLE_REFERENCE,第一項,137,140
0,第一章　総則,4,第五条,ORGANIZATION,特許庁長官,8,13
0,第一章　総則,4,第五条,ORGANIZATION,審査官,19,22
0,第一章　総則,4,第五条,PROCEDURE,審判,14,16
0,第一章　総則,4,第五条,PROCEDURE,審査,19,21
0,第一章　総則,4,第五条,PROCEDURE,請求,51,53
0,第一章　総則,4,第五条,PROCEDURE,審判,81,83
0,第一章　総則,4,第五条,PROCEDURE,請求,107,109
0,第一章　総則,4,第五条,PROCEDURE,請求,209,211
0,第一章　総則,5,第六条,LAW_REFERENCE,"
（法",3,6
0,第一章　総則,5,第六条,LAW_REFERENCE, 法,26,28
0,第一章　総則,5,第六条,LAW_REFERENCE,第一項の規定により特許無効審判又は延長登録無効審判の確定審決に対する再審を請求すること。 ２ 法,154,202
0,第一章　総則,5,第六条,ARTICLE_REFERENCE,第六条,0,3
0,第一章　総則,5,第六条,ARTICLE_REFERENCE,第六条,23,26
0,第一章　総則,5,第六条,ARTICLE_REFERENCE,第百七十一条,148,154
0,第一章　総則,5,第六条,ARTICLE_REFERENCE,第一項,154,157
0,第一章　総則,5,第六条,PROCEDURE,出願,88,90
0,第一章　総則,5,第六条,PROCEDURE,審査,90,92
0,第一章　総則,5,第六条,PROCEDURE,請求,93,95
0,第一章　総則,5,第六条,PROCEDURE,無効審判,123,127
0,第一章　総則,5,第六条,PROCEDURE,登録,131,133
0,第一章　総則,5,第六条,PROCEDURE,無効審判,133,137
0,第一章　総則,5,第六条,PROCEDURE,請求,138,140
0,第一章　総則,5,第六条,PROCEDURE,無効審判,165,169
0,第一章　総則,5,第六条,PROCEDURE,登録,173,175
0,第一章　総則,5,第六条,PROCEDURE,無効審判,175,179
0,第一章　総則,5,第六条,PROCEDURE,再審,188,190
0,第一章　総則,5,第六条,PROCEDURE,請求,191,193
0,第一章　総則,5,第六条,PROCEDURE,無効審判,244,248
0,第一章　総則,5,第六条,PROCEDURE,登録,252,254
0,第一章　総則,5,第六条,PROCEDURE,無効審判,254,258
0,第一章　総則,5,第六条,PROCEDURE,再審,267,269
0,第一章　総則,5,第六条,PROCEDURE,請求,270,272
0,第一章　総則,5,第六条,LEGAL_STATUS,無効,123,125
0,第一章　総則,5,第六条,LEGAL_STATUS,無効,133,135
0,第一章　総則,5,第六条,LEGAL_STATUS,無効,165,167
0,第一章　総則,5,第六条,LEGAL_STATUS,無効,175,177
0,第一章　総則,5,第六条,LEGAL_STATUS,無効,244,246
0,第一章　総則,5,第六条,LEGAL_STATUS,無効,254,256
0,第一章　総則,6,第七条,LAW_REFERENCE, 未成年者及び成年被後見人は、法定代理人によらなければ、手続をすることができない。ただし、未成年者が独立して法律行為をすることができるときは、この限りでない。 ２ 被保佐人が手続をするには、保佐人の同意を得なければならない。 ３ 法定代理人が手続をするには、後見監督人があるときは、その同意を得なければならない。 ４ 被保佐人又は法,30,196
0,第一章　総則,6,第七条,ARTICLE_REFERENCE,第七条,0,3
0,第一章　総則,6,第七条,ARTICLE_REFERENCE,第七条,27,30
0,第一章　総則,6,第七条,PROCEDURE,特許権,204,207
0,第一章　総則,6,第七条,PROCEDURE,請求,224,226
0,第一章　総則,6,第七条,PROCEDURE,審判,228,230
0,第一章　総則,6,第七条,PROCEDURE,再審,234,236
0,第一章　総則,6,第七条,LEGAL_STATUS,代理人,47,50
0,第一章　総則,6,第七条,LEGAL_STATUS,代理人,147,150
0,第一章　総則,6,第七条,LEGAL_STATUS,代理人,197,200
0,第一章　総則,7,第八条,LAW_REFERENCE, 日本国内に住所又は居所（法人にあつては、営業所）を有しない者（以下「在外者」という。）は、政令で定める場合を除き、その者の特許に関する代理人であつて日本国内に住所又は居所を有するもの（以下「特許管理人」という。）によらなければ、手続をし、又はこの法律若しくはこの法律に基づく命令の規定により行政庁がした処分を不服として訴えを提起することができない。 ２ 特許管理人は、一切の手続及びこの法律又はこの法,19,220
0,第一章　総則,7,第八条,ARTICLE_REFERENCE,第八条,0,3
0,第一章　総則,7,第八条,ARTICLE_REFERENCE,第八条,16,19
0,第一章　総則,7,第八条,LEGAL_STATUS,代理人,87,90
0,第一章　総則,8,第九条,LAW_REFERENCE, 日本国内に住所又は居所（法,16,30
0,第一章　総則,8,第九条,ARTICLE_REFERENCE,第九条,0,3
0,第一章　総則,8,第九条,ARTICLE_REFERENCE,第九条,13,16
0,第一章　総則,8,第九条,ARTICLE_REFERENCE,第四十一条,136,141
0,第一章　総則,8,第九条,ARTICLE_REFERENCE,第一項,141,144
0,第一章　総則,8,第九条,ARTICLE_REFERENCE,第四十六条の二,161,168
0,第一章　総則,8,第九条,ARTICLE_REFERENCE,第一項,168,171
0,第一章　総則,8,第九条,PROCEDURE,出願,82,84
0,第一章　総則,8,第九条,PROCEDURE,特許権,98,101
0,第一章　総則,8,第九条,PROCEDURE,登録,109,111
0,第一章　総則,8,第九条,PROCEDURE,出願,112,114
0,第一章　総則,8,第九条,PROCEDURE,請求,119,121
0,第一章　総則,8,第九条,PROCEDURE,申請,122,124
0,第一章　総則,8,第九条,PROCEDURE,登録,181,183
0,第一章　総則,8,第九条,PROCEDURE,出願,189,191
0,第一章　総則,8,第九条,PROCEDURE,出願,192,194
0,第一章　総則,8,第九条,PROCEDURE,請求,197,199
0,第一章　総則,8,第九条,PROCEDURE,審判,206,208
0,第一章　総則,8,第九条,PROCEDURE,請求,209,211
0,第一章　総則,8,第九条,PROCEDURE,特許権,212,215
0,第一章　総則,8,第九条,LEGAL_STATUS,代理人,63,66
0,第一章　総則,8,第九条,LEGAL_STATUS,拒絶,200,202
0,第一章　総則,8,第九条,LEGAL_STATUS,代理人,221,224
0,第一章　総則,9,第十条,ARTICLE_REFERENCE,第十条,0,3
0,第一章　総則,9,第十条,ARTICLE_REFERENCE,第十条,4,7
0,第一章　総則,10,第十一条,LAW_REFERENCE, 手続をする者の委任による代理人の代理権は、本人の死亡若しくは本人である法人の合併による消滅、本人である受託者の信託に関する任務の終了又は法,19,89
0,第一章　総則,10,第十一条,ARTICLE_REFERENCE,第十一条,0,4
0,第一章　総則,10,第十一条,ARTICLE_REFERENCE,第十一条,15,19
0,第一章　総則,10,第十一条,LEGAL_STATUS,代理人,32,35
0,第一章　総則,10,第十一条,LEGAL_STATUS,代理人,90,93
0,第一章　総則,11,第十二条,ARTICLE_REFERENCE,第十二条,0,4
0,第一章　総則,11,第十二条,ARTICLE_REFERENCE,第十二条,16,20
0,第一章　総則,11,第十二条,TIME_PERIOD,以上,34,36
0,第一章　総則,11,第十二条,ORGANIZATION,特許庁,42,45
0,第一章　総則,11,第十二条,LEGAL_STATUS,代理人,6,9
0,第一章　総則,11,第十二条,LEGAL_STATUS,代理人,28,31
0,第一章　総則,12,第十三条,ARTICLE_REFERENCE,第十三条,0,4
0,第一章　総則,12,第十三条,ARTICLE_REFERENCE,第十三条,15,19
0,第一章　総則,12,第十三条,ARTICLE_REFERENCE,第一項,214,217
0,第一章　総則,12,第十三条,ARTICLE_REFERENCE,第二項,219,222
0,第一章　総則,12,第十三条,ARTICLE_REFERENCE,第一項,235,238
0,第一章　総則,12,第十三条,ARTICLE_REFERENCE,第二項,247,250
0,第一章　総則,12,第十三条,ORGANIZATION,特許庁長官,20,25
0,第一章　総則,12,第十三条,ORGANIZATION,特許庁長官,89,94
0,第一章　総則,12,第十三条,ORGANIZATION,特許庁長官,152,157
0,第一章　総則,12,第十三条,ORGANIZATION,特許庁長官,202,207
0,第一章　総則,12,第十三条,ORGANIZATION,特許庁,255,258
0,第一章　総則,12,第十三条,PROCEDURE,審判,27,29
0,第一章　総則,12,第十三条,PROCEDURE,審判,96,98
0,第一章　総則,12,第十三条,PROCEDURE,審判,159,161
0,第一章　総則,12,第十三条,PROCEDURE,審判,209,211
0,第一章　総則,12,第十三条,LEGAL_STATUS,代理人,6,9
0,第一章　総則,12,第十三条,LEGAL_STATUS,代理人,61,64
0,第一章　総則,12,第十三条,LEGAL_STATUS,代理人,108,111
0,第一章　総則,12,第十三条,LEGAL_STATUS,代理人,179,182
0,第一章　総則,12,第十三条,LEGAL_STATUS,代理人,251,254
0,第一章　総則,12,第十三条,LEGAL_STATUS,却下,267,269
0,第一章　総則,13,第十四条,ARTICLE_REFERENCE,第十四条,0,4
0,第一章　総則,13,第十四条,ARTICLE_REFERENCE,第十四条,18,22
0,第一章　総則,13,第十四条,ARTICLE_REFERENCE,第四十一条,93,98
0,第一章　総則,13,第十四条,ARTICLE_REFERENCE,第一項,98,101
0,第一章　総則,13,第十四条,TIME_PERIOD,以上,25,27
0,第一章　総則,13,第十四条,ORGANIZATION,特許庁,175,178
0,第一章　総則,13,第十四条,PROCEDURE,出願,43,45
0,第一章　総則,13,第十四条,PROCEDURE,特許権,57,60
0,第一章　総則,13,第十四条,PROCEDURE,登録,68,70
0,第一章　総則,13,第十四条,PROCEDURE,出願,71,73
0,第一章　総則,13,第十四条,PROCEDURE,請求,78,80
0,第一章　総則,13,第十四条,PROCEDURE,申請,81,83
0,第一章　総則,13,第十四条,PROCEDURE,出願,116,118
0,第一章　総則,13,第十四条,PROCEDURE,請求,121,123
0,第一章　総則,13,第十四条,PROCEDURE,審判,132,134
0,第一章　総則,13,第十四条,PROCEDURE,請求,135,137
0,第一章　総則,13,第十四条,LEGAL_STATUS,拒絶,126,128
0,第一章　総則,14,第十五条,LAW_REFERENCE, 在外者の特許権その他特許に関する権利については、特許管理人があるときはその住所又は居所をもつて、特許管理人がないときは特許庁の所在地をもつて民事訴訟法（平成八年法,19,101
0,第一章　総則,14,第十五条,ARTICLE_REFERENCE,第十五条,0,4
0,第一章　総則,14,第十五条,ARTICLE_REFERENCE,第十五条,15,19
0,第一章　総則,14,第十五条,ARTICLE_REFERENCE,第百九号,102,106
0,第一章　総則,14,第十五条,ARTICLE_REFERENCE,第五条,107,110
0,第一章　総則,14,第十五条,ARTICLE_REFERENCE,第四号,110,113
0,第一章　総則,14,第十五条,TIME_PERIOD,八年,98,100
0,第一章　総則,14,第十五条,ORGANIZATION,特許庁,79,82
0,第一章　総則,14,第十五条,PROCEDURE,特許権,24,27
0,第一章　総則,14,第十五条,LEGAL_STATUS,権利,36,38
0,第一章　総則,15,第十六条,LAW_REFERENCE, 未成年者（独立して法律行為をすることができる者を除く。）又は成年被後見人がした手続は、法定代理人（本人が手続をする能力を取得したときは、本人）が追認することができる。 ２ 代理権がない者がした手続は、手続をする能力がある本人又は法定代理人が追認することができる。 ３ 被保佐人が保佐人の同意を得ないでした手続は、被保佐人が保佐人の同意を得て追認することができる。 ４ 後見監督人がある場合において法定代理人がその同意を得ないでした手続は、後見監督人の同意を得た法,27,259
0,第一章　総則,15,第十六条,ARTICLE_REFERENCE,第十六条,0,4
0,第一章　総則,15,第十六条,ARTICLE_REFERENCE,第十六条,23,27
0,第一章　総則,15,第十六条,LEGAL_STATUS,代理人,73,76
0,第一章　総則,15,第十六条,LEGAL_STATUS,代理人,144,147
0,第一章　総則,15,第十六条,LEGAL_STATUS,代理人,228,231
0,第一章　総則,15,第十六条,LEGAL_STATUS,代理人,260,263
0,第一章　総則,16,第十七条,LAW_REFERENCE,の規定に違反しているとき。 二 手続がこの法律又はこの法,457,485
0,第一章　総則,16,第十七条,ARTICLE_REFERENCE,第十七条,0,4
0,第一章　総則,16,第十七条,ARTICLE_REFERENCE,第十七条,13,17
0,第一章　総則,16,第十七条,ARTICLE_REFERENCE,次条,63,65
0,第一章　総則,16,第十七条,ARTICLE_REFERENCE,第十七条の五,67,73
0,第一章　総則,16,第十七条,ARTICLE_REFERENCE,第四十一条,127,132
0,第一章　総則,16,第十七条,ARTICLE_REFERENCE,第四項,132,135
0,第一章　総則,16,第十七条,ARTICLE_REFERENCE,第四十三条,139,144
0,第一章　総則,16,第十七条,ARTICLE_REFERENCE,第一項,144,147
0,第一章　総則,16,第十七条,ARTICLE_REFERENCE,第四十三条の二,148,155
0,第一章　総則,16,第十七条,ARTICLE_REFERENCE,第二項,155,158
0,第一章　総則,16,第十七条,ARTICLE_REFERENCE,第四十三条の三,159,166
0,第一章　総則,16,第十七条,ARTICLE_REFERENCE,第三項,166,169
0,第一章　総則,16,第十七条,ARTICLE_REFERENCE,第四十三条の三,186,193
0,第一章　総則,16,第十七条,ARTICLE_REFERENCE,第三項,193,196
0,第一章　総則,16,第十七条,ARTICLE_REFERENCE,第百二十条の五,220,227
0,第一章　総則,16,第十七条,ARTICLE_REFERENCE,第二項,227,230
0,第一章　総則,16,第十七条,ARTICLE_REFERENCE,第百三十四条の二,234,242
0,第一章　総則,16,第十七条,ARTICLE_REFERENCE,第一項,242,245
0,第一章　総則,16,第十七条,ARTICLE_REFERENCE,第三十六条の二,306,313
0,第一章　総則,16,第十七条,ARTICLE_REFERENCE,第二項,313,316
0,第一章　総則,16,第十七条,ARTICLE_REFERENCE,前項,330,332
0,第一章　総則,16,第十七条,ARTICLE_REFERENCE,同条,344,346
0,第一章　総則,16,第十七条,ARTICLE_REFERENCE,第一項,346,349
0,第一章　総則,16,第十七条,ARTICLE_REFERENCE,第七条,439,442
0,第一章　総則,16,第十七条,ARTICLE_REFERENCE,第一項,442,445
0,第一章　総則,16,第十七条,ARTICLE_REFERENCE,第三項,447,450
0,第一章　総則,16,第十七条,ARTICLE_REFERENCE,第九条,454,457
0,第一章　総則,16,第十七条,ARTICLE_REFERENCE,第百九十五条,517,523
0,第一章　総則,16,第十七条,ARTICLE_REFERENCE,第一項,523,526
0,第一章　総則,16,第十七条,ARTICLE_REFERENCE,第三項,528,531
0,第一章　総則,16,第十七条,ARTICLE_REFERENCE,次条,582,584
0,第一章　総則,16,第十七条,ARTICLE_REFERENCE,第二項,584,587
0,第一章　総則,16,第十七条,TIME_PERIOD,から,65,67
0,第一章　総則,16,第十七条,TIME_PERIOD,まで,73,75
0,第一章　総則,16,第十七条,TIME_PERIOD,から,445,447
0,第一章　総則,16,第十七条,TIME_PERIOD,まで,450,452
0,第一章　総則,16,第十七条,TIME_PERIOD,から,526,528
0,第一章　総則,16,第十七条,TIME_PERIOD,まで,531,533
0,第一章　総則,16,第十七条,MONEY_AMOUNT,手数料,544,547
0,第一章　総則,16,第十七条,MONEY_AMOUNT,手数料,565,568
0,第一章　総則,16,第十七条,ORGANIZATION,特許庁,29,32
0,第一章　総則,16,第十七条,ORGANIZATION,特許庁長官,384,389
0,第一章　総則,16,第十七条,PROCEDURE,明細書,105,108
0,第一章　総則,16,第十七条,PROCEDURE,請求,111,113
0,第一章　総則,16,第十七条,PROCEDURE,図面,117,119
0,第一章　総則,16,第十七条,PROCEDURE,要約書,123,126
0,第一章　総則,16,第十七条,PROCEDURE,審判,254,256
0,第一章　総則,16,第十七条,PROCEDURE,請求,257,259
0,第一章　総則,16,第十七条,PROCEDURE,明細書,269,272
0,第一章　総則,16,第十七条,PROCEDURE,請求,275,277
0,第一章　総則,16,第十七条,PROCEDURE,図面,284,286
0,第一章　総則,16,第十七条,PROCEDURE,出願,322,324
0,第一章　総則,16,第十七条,PROCEDURE,出願,325,327
0,第一章　総則,16,第十七条,PROCEDURE,要約書,360,363
0,第一章　総則,16,第十七条,LEGAL_STATUS,出願人,325,328
0,第一章　総則,16,第十七条,LEGAL_STATUS,違反,461,463
0,第一章　総則,16,第十七条,LEGAL_STATUS,違反,499,501
0,第一章　総則,17,第十七条の二,ARTICLE_REFERENCE,第十七条の二,0,6
0,第一章　総則,17,第十七条の二,ARTICLE_REFERENCE,第十七条の二,35,41
0,第一章　総則,17,第十七条の二,ARTICLE_REFERENCE,第五十条,114,118
0,第一章　総則,17,第十七条の二,ARTICLE_REFERENCE,第五十条,159,163
0,第一章　総則,17,第十七条の二,ARTICLE_REFERENCE,第百五十九条,164,170
0,第一章　総則,17,第十七条の二,ARTICLE_REFERENCE,第二項,170,173
0,第一章　総則,17,第十七条の二,ARTICLE_REFERENCE,第百七十四条,174,180
0,第一章　総則,17,第十七条の二,ARTICLE_REFERENCE,第二項,180,183
0,第一章　総則,17,第十七条の二,ARTICLE_REFERENCE,第百六十三条,200,206
0,第一章　総則,17,第十七条の二,ARTICLE_REFERENCE,第二項,206,209
0,第一章　総則,17,第十七条の二,ARTICLE_REFERENCE,第五十条,281,285
0,第一章　総則,17,第十七条の二,ARTICLE_REFERENCE,第四十八条の七,319,326
0,第一章　総則,17,第十七条の二,ARTICLE_REFERENCE,同条,345,347
0,第一章　総則,17,第十七条の二,ARTICLE_REFERENCE,第五十条,415,419
0,第一章　総則,17,第十七条の二,ARTICLE_REFERENCE,第三十六条の二,481,488
0,第一章　総則,17,第十七条の二,ARTICLE_REFERENCE,第二項,488,491
0,第一章　総則,17,第十七条の二,ARTICLE_REFERENCE,前項,517,519
0,第一章　総則,17,第十七条の二,ARTICLE_REFERENCE,第一項,583,586
0,第一章　総則,17,第十七条の二,ARTICLE_REFERENCE,第三十六条の二,664,671
0,第一章　総則,17,第十七条の二,ARTICLE_REFERENCE,第二項,671,674
0,第一章　総則,17,第十七条の二,ARTICLE_REFERENCE,同条,688,690
0,第一章　総則,17,第十七条の二,ARTICLE_REFERENCE,第八項,690,693
0,第一章　総則,17,第十七条の二,ARTICLE_REFERENCE,同条,720,722
0,第一章　総則,17,第十七条の二,ARTICLE_REFERENCE,第二項,722,725
0,第一章　総則,17,第十七条の二,ARTICLE_REFERENCE,第三十四条の二,812,819
0,第一章　総則,17,第十七条の二,ARTICLE_REFERENCE,第一項,819,822
0,第一章　総則,17,第十七条の二,ARTICLE_REFERENCE,第三十四条の三,824,831
0,第一章　総則,17,第十七条の二,ARTICLE_REFERENCE,第一項,831,834
0,第一章　総則,17,第十七条の二,ARTICLE_REFERENCE,前項,870,872
0,第一章　総則,17,第十七条の二,ARTICLE_REFERENCE,第一項,883,886
0,第一章　総則,17,第十七条の二,ARTICLE_REFERENCE,各号,886,888
0,第一章　総則,17,第十七条の二,ARTICLE_REFERENCE,第三十七条,1004,1009
0,第一章　総則,17,第十七条の二,ARTICLE_REFERENCE,第一項,1068,1071
0,第一章　総則,17,第十七条の二,ARTICLE_REFERENCE,第一号,1071,1074
0,第一章　総則,17,第十七条の二,ARTICLE_REFERENCE,第三号,1075,1078
0,第一章　総則,17,第十七条の二,ARTICLE_REFERENCE,第四号,1080,1083
0,第一章　総則,17,第十七条の二,ARTICLE_REFERENCE,同項,1090,1092
0,第一章　総則,17,第十七条の二,ARTICLE_REFERENCE,第一号,1092,1095
0,第一章　総則,17,第十七条の二,ARTICLE_REFERENCE,第五十条の二,1117,1123
0,第一章　総則,17,第十七条の二,ARTICLE_REFERENCE,第三十六条,1185,1190
0,第一章　総則,17,第十七条の二,ARTICLE_REFERENCE,第五項,1190,1193
0,第一章　総則,17,第十七条の二,ARTICLE_REFERENCE,第三十六条,1218,1223
0,第一章　総則,17,第十七条の二,ARTICLE_REFERENCE,第五項,1223,1226
0,第一章　総則,17,第十七条の二,ARTICLE_REFERENCE,第百二十六条,1399,1405
0,第一章　総則,17,第十七条の二,ARTICLE_REFERENCE,第七項,1405,1408
0,第一章　総則,17,第十七条の二,ARTICLE_REFERENCE,前項,1413,1415
0,第一章　総則,17,第十七条の二,ARTICLE_REFERENCE,第二号,1415,1418
0,第一章　総則,17,第十七条の二,PROCEDURE,明細書,15,18
0,第一章　総則,17,第十七条の二,PROCEDURE,請求,21,23
0,第一章　総則,17,第十七条の二,PROCEDURE,図面,28,30
0,第一章　総則,17,第十七条の二,PROCEDURE,出願,44,46
0,第一章　総則,17,第十七条の二,PROCEDURE,明細書,79,82
0,第一章　総則,17,第十七条の二,PROCEDURE,請求,85,87
0,第一章　総則,17,第十七条の二,PROCEDURE,図面,92,94
0,第一章　総則,17,第十七条の二,PROCEDURE,審判,448,450
0,第一章　総則,17,第十七条の二,PROCEDURE,請求,451,453
0,第一章　総則,17,第十七条の二,PROCEDURE,審判,464,466
0,第一章　総則,17,第十七条の二,PROCEDURE,請求,467,469
0,第一章　総則,17,第十七条の二,PROCEDURE,出願,497,499
0,第一章　総則,17,第十七条の二,PROCEDURE,出願,500,502
0,第一章　総則,17,第十七条の二,PROCEDURE,明細書,525,528
0,第一章　総則,17,第十七条の二,PROCEDURE,請求,531,533
0,第一章　総則,17,第十七条の二,PROCEDURE,図面,538,540
0,第一章　総則,17,第十七条の二,PROCEDURE,明細書,592,595
0,第一章　総則,17,第十七条の二,PROCEDURE,請求,598,600
0,第一章　総則,17,第十七条の二,PROCEDURE,図面,605,607
0,第一章　総則,17,第十七条の二,PROCEDURE,明細書,648,651
0,第一章　総則,17,第十七条の二,PROCEDURE,請求,654,656
0,第一章　総則,17,第十七条の二,PROCEDURE,図面,661,663
0,第一章　総則,17,第十七条の二,PROCEDURE,出願,680,682
0,第一章　総則,17,第十七条の二,PROCEDURE,明細書,699,702
0,第一章　総則,17,第十七条の二,PROCEDURE,請求,705,707
0,第一章　総則,17,第十七条の二,PROCEDURE,図面,712,714
0,第一章　総則,17,第十七条の二,PROCEDURE,明細書,750,753
0,第一章　総則,17,第十七条の二,PROCEDURE,請求,756,758
0,第一章　総則,17,第十七条の二,PROCEDURE,図面,763,765
0,第一章　総則,17,第十七条の二,PROCEDURE,明細書,793,796
0,第一章　総則,17,第十七条の二,PROCEDURE,請求,799,801
0,第一章　総則,17,第十七条の二,PROCEDURE,図面,808,810
0,第一章　総則,17,第十七条の二,PROCEDURE,請求,900,902
0,第一章　総則,17,第十七条の二,PROCEDURE,発明,966,968
0,第一章　総則,17,第十七条の二,PROCEDURE,請求,978,980
0,第一章　総則,17,第十七条の二,PROCEDURE,発明,999,1001
0,第一章　総則,17,第十七条の二,PROCEDURE,発明,1010,1012
0,第一章　総則,17,第十七条の二,PROCEDURE,発明,1026,1028
0,第一章　総則,17,第十七条の二,PROCEDURE,請求,1148,1150
0,第一章　総則,17,第十七条の二,PROCEDURE,請求項,1198,1201
0,第一章　総則,17,第十七条の二,PROCEDURE,請求,1209,1211
0,第一章　総則,17,第十七条の二,PROCEDURE,請求項,1232,1235
0,第一章　総則,17,第十七条の二,PROCEDURE,発明,1240,1242
0,第一章　総則,17,第十七条の二,PROCEDURE,請求項,1275,1278
0,第一章　総則,17,第十七条の二,PROCEDURE,発明,1284,1286
0,第一章　総則,17,第十七条の二,PROCEDURE,請求項,1295,1298
0,第一章　総則,17,第十七条の二,PROCEDURE,発明,1304,1306
0,第一章　総則,17,第十七条の二,LEGAL_STATUS,出願人,44,47
0,第一章　総則,17,第十七条の二,LEGAL_STATUS,拒絶,255,257
0,第一章　総則,17,第十七条の二,LEGAL_STATUS,拒絶,308,310
0,第一章　総則,17,第十七条の二,LEGAL_STATUS,拒絶,370,372
0,第一章　総則,17,第十七条の二,LEGAL_STATUS,拒絶,383,385
0,第一章　総則,17,第十七条の二,LEGAL_STATUS,拒絶,406,408
0,第一章　総則,17,第十七条の二,LEGAL_STATUS,拒絶,442,444
0,第一章　総則,17,第十七条の二,LEGAL_STATUS,出願人,500,503
0,第一章　総則,17,第十七条の二,LEGAL_STATUS,拒絶,927,929
0,第一章　総則,17,第十七条の二,LEGAL_STATUS,拒絶,1107,1109
0,第一章　総則,17,第十七条の二,LEGAL_STATUS,拒絶,1364,1366
0,第一章　総則,17,第十七条の二,LEGAL_STATUS,拒絶,1373,1375
0,第一章　総則,18,第十七条の三,LAW_REFERENCE,省令,34,36
0,第一章　総則,18,第十七条の三,ARTICLE_REFERENCE,第十七条の三,0,6
0,第一章　総則,18,第十七条の三,ARTICLE_REFERENCE,第十七条の三,16,22
0,第一章　総則,18,第十七条の三,PROCEDURE,要約書,8,11
0,第一章　総則,18,第十七条の三,PROCEDURE,出願,25,27
0,第一章　総則,18,第十七条の三,PROCEDURE,要約書,54,57
0,第一章　総則,18,第十七条の三,LEGAL_STATUS,出願人,25,28
0,第一章　総則,19,第十七条の四,LAW_REFERENCE,省令,125,127
0,第一章　総則,19,第十七条の四,ARTICLE_REFERENCE,第十七条の四,0,6
0,第一章　総則,19,第十七条の四,ARTICLE_REFERENCE,第十七条の四,20,26
0,第一章　総則,19,第十七条の四,ARTICLE_REFERENCE,第四十一条,27,32
0,第一章　総則,19,第十七条の四,ARTICLE_REFERENCE,第一項,32,35
0,第一章　総則,19,第十七条の四,ARTICLE_REFERENCE,第四十三条,37,42
0,第一章　総則,19,第十七条の四,ARTICLE_REFERENCE,第一項,42,45
0,第一章　総則,19,第十七条の四,ARTICLE_REFERENCE,第四十三条の二,46,53
0,第一章　総則,19,第十七条の四,ARTICLE_REFERENCE,第一項,53,56
0,第一章　総則,19,第十七条の四,ARTICLE_REFERENCE,第四十三条の三,57,64
0,第一章　総則,19,第十七条の四,ARTICLE_REFERENCE,第三項,64,67
0,第一章　総則,19,第十七条の四,ARTICLE_REFERENCE,第四十三条の三,86,93
0,第一章　総則,19,第十七条の四,ARTICLE_REFERENCE,第一項,93,96
0,第一章　総則,19,第十七条の四,ARTICLE_REFERENCE,第二項,100,103
0,第一章　総則,19,第十七条の四,ARTICLE_REFERENCE,第四十一条,138,143
0,第一章　総則,19,第十七条の四,ARTICLE_REFERENCE,第四項,143,146
0,第一章　総則,19,第十七条の四,ARTICLE_REFERENCE,第四十三条,148,153
0,第一章　総則,19,第十七条の四,ARTICLE_REFERENCE,第一項,153,156
0,第一章　総則,19,第十七条の四,ARTICLE_REFERENCE,第四十三条の二,157,164
0,第一章　総則,19,第十七条の四,ARTICLE_REFERENCE,第二項,164,167
0,第一章　総則,19,第十七条の四,ARTICLE_REFERENCE,第四十三条の三,168,175
0,第一章　総則,19,第十七条の四,ARTICLE_REFERENCE,第三項,175,178
0,第一章　総則,19,第十七条の四,ARTICLE_REFERENCE,第四十三条の三,195,202
0,第一章　総則,19,第十七条の四,ARTICLE_REFERENCE,第三項,202,205
0,第一章　総則,20,第十七条の五,ARTICLE_REFERENCE,第十七条の五,0,6
0,第一章　総則,20,第十七条の五,ARTICLE_REFERENCE,第十七条の五,33,39
0,第一章　総則,20,第十七条の五,ARTICLE_REFERENCE,第百二十条の五,46,53
0,第一章　総則,20,第十七条の五,ARTICLE_REFERENCE,第一項,53,56
0,第一章　総則,20,第十七条の五,ARTICLE_REFERENCE,第六項,58,61
0,第一章　総則,20,第十七条の五,ARTICLE_REFERENCE,同条,79,81
0,第一章　総則,20,第十七条の五,ARTICLE_REFERENCE,第二項,81,84
0,第一章　総則,20,第十七条の五,ARTICLE_REFERENCE,第百三十四条,147,153
0,第一章　総則,20,第十七条の五,ARTICLE_REFERENCE,第一項,153,156
0,第一章　総則,20,第十七条の五,ARTICLE_REFERENCE,第二項,160,163
0,第一章　総則,20,第十七条の五,ARTICLE_REFERENCE,第百三十四条の二,164,172
0,第一章　総則,20,第十七条の五,ARTICLE_REFERENCE,第五項,172,175
0,第一章　総則,20,第十七条の五,ARTICLE_REFERENCE,第百三十四条の三,176,184
0,第一章　総則,20,第十七条の五,ARTICLE_REFERENCE,第百五十三条,185,191
0,第一章　総則,20,第十七条の五,ARTICLE_REFERENCE,第二項,191,194
0,第一章　総則,20,第十七条の五,ARTICLE_REFERENCE,第百六十四条の二,196,204
0,第一章　総則,20,第十七条の五,ARTICLE_REFERENCE,第二項,204,207
0,第一章　総則,20,第十七条の五,ARTICLE_REFERENCE,第百三十四条の二,225,233
0,第一章　総則,20,第十七条の五,ARTICLE_REFERENCE,第一項,233,236
0,第一章　総則,20,第十七条の五,ARTICLE_REFERENCE,第百五十六条,296,302
0,第一章　総則,20,第十七条の五,ARTICLE_REFERENCE,第一項,302,305
0,第一章　総則,20,第十七条の五,ARTICLE_REFERENCE,同条,318,320
0,第一章　総則,20,第十七条の五,ARTICLE_REFERENCE,第三項,320,323
0,第一章　総則,20,第十七条の五,ARTICLE_REFERENCE,同条,351,353
0,第一章　総則,20,第十七条の五,ARTICLE_REFERENCE,第一項,353,356
0,第一章　総則,20,第十七条の五,PROCEDURE,明細書,13,16
0,第一章　総則,20,第十七条の五,PROCEDURE,請求,19,21
0,第一章　総則,20,第十七条の五,PROCEDURE,図面,26,28
0,第一章　総則,20,第十七条の五,PROCEDURE,特許権,40,43
0,第一章　総則,20,第十七条の五,PROCEDURE,請求,88,90
0,第一章　総則,20,第十七条の五,PROCEDURE,明細書,100,103
0,第一章　総則,20,第十七条の五,PROCEDURE,請求,106,108
0,第一章　総則,20,第十七条の五,PROCEDURE,図面,113,115
0,第一章　総則,20,第十七条の五,PROCEDURE,無効審判,136,140
0,第一章　総則,20,第十七条の五,PROCEDURE,請求,142,144
0,第一章　総則,20,第十七条の五,PROCEDURE,請求,240,242
0,第一章　総則,20,第十七条の五,PROCEDURE,明細書,252,255
0,第一章　総則,20,第十七条の五,PROCEDURE,請求,258,260
0,第一章　総則,20,第十七条の五,PROCEDURE,図面,265,267
0,第一章　総則,20,第十七条の五,PROCEDURE,審判,288,290
0,第一章　総則,20,第十七条の五,PROCEDURE,請求,291,293
0,第一章　総則,20,第十七条の五,PROCEDURE,審判,375,377
0,第一章　総則,20,第十七条の五,PROCEDURE,請求,378,380
0,第一章　総則,20,第十七条の五,PROCEDURE,明細書,390,393
0,第一章　総則,20,第十七条の五,PROCEDURE,請求,396,398
0,第一章　総則,20,第十七条の五,PROCEDURE,図面,403,405
0,第一章　総則,20,第十七条の五,LEGAL_STATUS,無効,136,138
0,第一章　総則,21,第十八条,ARTICLE_REFERENCE,第十八条,0,4
0,第一章　総則,21,第十八条,ARTICLE_REFERENCE,第十八条,13,17
0,第一章　総則,21,第十八条,ARTICLE_REFERENCE,第十七条,25,29
0,第一章　総則,21,第十八条,ARTICLE_REFERENCE,第三項,29,32
0,第一章　総則,21,第十八条,ARTICLE_REFERENCE,同項,55,57
0,第一章　総則,21,第十八条,ARTICLE_REFERENCE,第百八条,99,103
0,第一章　総則,21,第十八条,ARTICLE_REFERENCE,第一項,103,106
0,第一章　総則,21,第十八条,ARTICLE_REFERENCE,第十七条,154,158
0,第一章　総則,21,第十八条,ARTICLE_REFERENCE,第三項,158,161
0,第一章　総則,21,第十八条,ARTICLE_REFERENCE,第百九十五条,167,173
0,第一章　総則,21,第十八条,ARTICLE_REFERENCE,第三項,173,176
0,第一章　総則,21,第十八条,ARTICLE_REFERENCE,第十七条,204,208
0,第一章　総則,21,第十八条,ARTICLE_REFERENCE,第三項,208,211
0,第一章　総則,21,第十八条,MONEY_AMOUNT,手数料,182,185
0,第一章　総則,21,第十八条,MONEY_AMOUNT,手数料,227,230
0,第一章　総則,21,第十八条,ORGANIZATION,特許庁長官,18,23
0,第一章　総則,21,第十八条,ORGANIZATION,特許庁長官,147,152
0,第一章　総則,21,第十八条,PROCEDURE,特許権,84,87
0,第一章　総則,21,第十八条,PROCEDURE,登録,91,93
0,第一章　総則,21,第十八条,PROCEDURE,出願,200,202
0,第一章　総則,21,第十八条,PROCEDURE,出願,245,247
0,第一章　総則,21,第十八条,LEGAL_STATUS,却下,9,11
0,第一章　総則,21,第十八条,LEGAL_STATUS,却下,133,135
0,第一章　総則,21,第十八条,LEGAL_STATUS,出願人,200,203
0,第一章　総則,21,第十八条,LEGAL_STATUS,却下,248,250
0,第一章　総則,22,第十八条の二,LAW_REFERENCE,"の二
（不適法",4,11
0,第一章　総則,22,第十八条の二,LAW_REFERENCE,の二 特許庁長官は、不適法,23,36
0,第一章　総則,22,第十八条の二,ARTICLE_REFERENCE,第十八条の二,0,6
0,第一章　総則,22,第十八条の二,ARTICLE_REFERENCE,第十八条の二,19,25
0,第一章　総則,22,第十八条の二,ARTICLE_REFERENCE,第三十八条の二,85,92
0,第一章　総則,22,第十八条の二,ARTICLE_REFERENCE,第一項,92,95
0,第一章　総則,22,第十八条の二,ARTICLE_REFERENCE,各号,95,97
0,第一章　総則,22,第十八条の二,ARTICLE_REFERENCE,前項,117,119
0,第一章　総則,22,第十八条の二,ORGANIZATION,特許庁長官,26,31
0,第一章　総則,22,第十八条の二,LEGAL_STATUS,却下,15,17
0,第一章　総則,22,第十八条の二,LEGAL_STATUS,却下,71,73
0,第一章　総則,22,第十八条の二,LEGAL_STATUS,却下,125,127
0,第一章　総則,23,第十九条,LAW_REFERENCE, 願書又はこの法律若しくはこの法律に基づく命令の規定により特許庁に提出する書類その他の物件であつてその提出の期間が定められているものを郵便又は民間事業者による信書の送達に関する法律（平成十四年法,25,122
0,第一章　総則,23,第十九条,LAW_REFERENCE,において「信書便法,134,143
0,第一章　総則,23,第十九条,LAW_REFERENCE,第二項に規定する信書便（以下「信書便」という。）の役務であつて経済産業省令で定めるものにより提出した場合において、その願書又は物件を日本郵便株式会社の営業所（郵便の業務を行うものに限る。）に差し出した日時を郵便物の受領証により証明したときはその日時に、その郵便物又は信書便法第二条,197,337
0,第一章　総則,23,第十九条,ARTICLE_REFERENCE,第十九条,0,4
0,第一章　総則,23,第十九条,ARTICLE_REFERENCE,第十九条,21,25
0,第一章　総則,23,第十九条,ARTICLE_REFERENCE,第九十九号,123,128
0,第一章　総則,23,第十九条,ARTICLE_REFERENCE,第二条,149,152
0,第一章　総則,23,第十九条,ARTICLE_REFERENCE,第六項,152,155
0,第一章　総則,23,第十九条,ARTICLE_REFERENCE,同条,172,174
0,第一章　総則,23,第十九条,ARTICLE_REFERENCE,第九項,174,177
0,第一章　総則,23,第十九条,ARTICLE_REFERENCE,同条,195,197
0,第一章　総則,23,第十九条,ARTICLE_REFERENCE,第二項,197,200
0,第一章　総則,23,第十九条,ARTICLE_REFERENCE,第二条,334,337
0,第一章　総則,23,第十九条,ARTICLE_REFERENCE,第三項,337,340
0,第一章　総則,23,第十九条,TIME_PERIOD,十四年,118,121
0,第一章　総則,23,第十九条,ORGANIZATION,特許庁,54,57
0,第一章　総則,23,第十九条,ORGANIZATION,特許庁,476,479
0,第一章　総則,23,第十九条,LEGAL_STATUS,効力,13,15
0,第一章　総則,24,第二十条,ARTICLE_REFERENCE,第二十条,0,4
0,第一章　総則,24,第二十条,ARTICLE_REFERENCE,第二十条,16,20
0,第一章　総則,24,第二十条,PROCEDURE,特許権,21,24
0,第一章　総則,24,第二十条,PROCEDURE,特許権,50,53
0,第一章　総則,24,第二十条,LEGAL_STATUS,効力,9,11
0,第一章　総則,24,第二十条,LEGAL_STATUS,権利,33,35
0,第一章　総則,24,第二十条,LEGAL_STATUS,効力,44,46
0,第一章　総則,24,第二十条,LEGAL_STATUS,権利,62,64
0,第一章　総則,25,第二十一条,ARTICLE_REFERENCE,第二十一条,0,5
0,第一章　総則,25,第二十一条,ARTICLE_REFERENCE,第二十一条,14,19
0,第一章　総則,25,第二十一条,ORGANIZATION,特許庁長官,20,25
0,第一章　総則,25,第二十一条,ORGANIZATION,特許庁,32,35
0,第一章　総則,25,第二十一条,PROCEDURE,審判,27,29
0,第一章　総則,25,第二十一条,PROCEDURE,特許権,52,55
0,第一章　総則,25,第二十一条,PROCEDURE,特許権,77,80
0,第一章　総則,25,第二十一条,LEGAL_STATUS,権利,64,66
0,第一章　総則,25,第二十一条,LEGAL_STATUS,権利,89,91
0,第一章　総則,26,第二十二条,ARTICLE_REFERENCE,第二十二条,0,5
0,第一章　総則,26,第二十二条,ARTICLE_REFERENCE,第二十二条,18,23
0,第一章　総則,26,第二十二条,ARTICLE_REFERENCE,前項,96,98
0,第一章　総則,26,第二十二条,ORGANIZATION,特許庁長官,24,29
0,第一章　総則,26,第二十二条,ORGANIZATION,審判官,31,34
0,第一章　総則,26,第二十二条,PROCEDURE,審判,31,33
0,第一章　総則,27,第二十三条,ARTICLE_REFERENCE,第二十三条,0,5
0,第一章　総則,27,第二十三条,ARTICLE_REFERENCE,第二十三条,6,11
0,第一章　総則,27,第二十三条,ARTICLE_REFERENCE,前項,131,133
0,第一章　総則,27,第二十三条,ARTICLE_REFERENCE,前項,200,202
0,第一章　総則,27,第二十三条,ORGANIZATION,特許庁長官,12,17
0,第一章　総則,27,第二十三条,ORGANIZATION,審判官,19,22
0,第一章　総則,27,第二十三条,ORGANIZATION,特許庁長官,119,124
0,第一章　総則,27,第二十三条,ORGANIZATION,審判官,126,129
0,第一章　総則,27,第二十三条,ORGANIZATION,特許庁長官,188,193
0,第一章　総則,27,第二十三条,PROCEDURE,審判,19,21
0,第一章　総則,27,第二十三条,PROCEDURE,審査,28,30
0,第一章　総則,27,第二十三条,PROCEDURE,審判,51,53
0,第一章　総則,27,第二十三条,PROCEDURE,再審,55,57
0,第一章　総則,27,第二十三条,PROCEDURE,審判,126,128
0,第一章　総則,27,第二十三条,PROCEDURE,審判,195,197
0,第一章　総則,28,第二十四条,LAW_REFERENCE, 民事訴訟法第百二十四条,11,23
0,第一章　総則,28,第二十四条,LAW_REFERENCE,第二項（訴訟手続の中断及び中止）の規定は、審査、特許異議の申立てについての審理及び決定、審判又は再審の手続に準用する。この場合において、同法第百二十四条,80,156
0,第一章　総則,28,第二十四条,LAW_REFERENCE,第二項中「訴訟代理人」とあるのは「審査、特許異議の申立てについての審理及び決定、審判又は再審の委任による代理人」と、同法第百二十七条,156,222
0,第一章　総則,28,第二十四条,LAW_REFERENCE,中「裁判所」とあるのは「特許庁長官又は審判長」と、同法第百二十八条,222,255
0,第一章　総則,28,第二十四条,LAW_REFERENCE,中「裁判所」とあるのは「特許庁長官又は審判官」と、同法第百三十条,266,298
0,第一章　総則,28,第二十四条,ARTICLE_REFERENCE,第二十四条,0,5
0,第一章　総則,28,第二十四条,ARTICLE_REFERENCE,第二十四条,6,11
0,第一章　総則,28,第二十四条,ARTICLE_REFERENCE,第百二十四条,17,23
0,第一章　総則,28,第二十四条,ARTICLE_REFERENCE,第一項,24,27
0,第一章　総則,28,第二十四条,ARTICLE_REFERENCE,第六号,27,30
0,第一章　総則,28,第二十四条,ARTICLE_REFERENCE,第百二十六条,36,42
0,第一章　総則,28,第二十四条,ARTICLE_REFERENCE,第百二十七条,43,49
0,第一章　総則,28,第二十四条,ARTICLE_REFERENCE,第百二十八条,50,56
0,第一章　総則,28,第二十四条,ARTICLE_REFERENCE,第一項,56,59
0,第一章　総則,28,第二十四条,ARTICLE_REFERENCE,第百三十条,60,65
0,第一章　総則,28,第二十四条,ARTICLE_REFERENCE,第百三十一条,66,72
0,第一章　総則,28,第二十四条,ARTICLE_REFERENCE,第百三十二条,74,80
0,第一章　総則,28,第二十四条,ARTICLE_REFERENCE,第二項,80,83
0,第一章　総則,28,第二十四条,ARTICLE_REFERENCE,第百二十四条,150,156
0,第一章　総則,28,第二十四条,ARTICLE_REFERENCE,第二項,156,159
0,第一章　総則,28,第二十四条,ARTICLE_REFERENCE,第百二十七条,216,222
0,第一章　総則,28,第二十四条,ARTICLE_REFERENCE,第百二十八条,249,255
0,第一章　総則,28,第二十四条,ARTICLE_REFERENCE,第一項,255,258
0,第一章　総則,28,第二十四条,ARTICLE_REFERENCE,第百三十一条,260,266
0,第一章　総則,28,第二十四条,ARTICLE_REFERENCE,第百三十条,293,298
0,第一章　総則,28,第二十四条,ORGANIZATION,特許庁長官,234,239
0,第一章　総則,28,第二十四条,ORGANIZATION,特許庁長官,278,283
0,第一章　総則,28,第二十四条,ORGANIZATION,審判官,285,288
0,第一章　総則,28,第二十四条,ORGANIZATION,特許庁,310,313
0,第一章　総則,28,第二十四条,PROCEDURE,審査,101,103
0,第一章　総則,28,第二十四条,PROCEDURE,審判,124,126
0,第一章　総則,28,第二十四条,PROCEDURE,再審,128,130
0,第一章　総則,28,第二十四条,PROCEDURE,審査,173,175
0,第一章　総則,28,第二十四条,PROCEDURE,審判,196,198
0,第一章　総則,28,第二十四条,PROCEDURE,再審,200,202
0,第一章　総則,28,第二十四条,PROCEDURE,審判,241,243
0,第一章　総則,28,第二十四条,PROCEDURE,審判,285,287
0,第一章　総則,28,第二十四条,LEGAL_STATUS,代理人,163,166
0,第一章　総則,28,第二十四条,LEGAL_STATUS,代理人,208,211
0,第一章　総則,29,第二十五条,LAW_REFERENCE, 日本国内に住所又は居所（法,23,37
0,第一章　総則,29,第二十五条,ARTICLE_REFERENCE,第二十五条,0,5
0,第一章　総則,29,第二十五条,ARTICLE_REFERENCE,第二十五条,18,23
0,第一章　総則,29,第二十五条,ARTICLE_REFERENCE,各号,60,62
0,第一章　総則,29,第二十五条,PROCEDURE,特許権,75,78
0,第一章　総則,29,第二十五条,PROCEDURE,特許権,138,141
0,第一章　総則,29,第二十五条,PROCEDURE,特許権,191,194
0,第一章　総則,29,第二十五条,PROCEDURE,特許権,236,239
0,第一章　総則,29,第二十五条,LEGAL_STATUS,権利,11,13
0,第一章　総則,29,第二十五条,LEGAL_STATUS,権利,87,89
0,第一章　総則,29,第二十五条,LEGAL_STATUS,権利,150,152
0,第一章　総則,29,第二十五条,LEGAL_STATUS,権利,203,205
0,第一章　総則,29,第二十五条,LEGAL_STATUS,権利,248,250
0,第一章　総則,30,第二十六条,ARTICLE_REFERENCE,第二十六条,0,5
0,第一章　総則,30,第二十六条,ARTICLE_REFERENCE,第二十六条,14,19
0,第一章　総則,30,第二十六条,LEGAL_STATUS,効力,10,12
0,第一章　総則,31,第二十七条,LAW_REFERENCE, 次に掲げる事項は、特許庁に備える特許原簿に登録する。 一 特許権の設定、存続期間の延長、移転、信託による変更、消滅、回復又は処分の制限 二 専用実施権の設定、保存、移転、変更、消滅又は処分の制限 三 特許権又は専用実施権を目的とする質権の設定、移転、変更、消滅又は処分の制限 四 仮専用実施権の設定、保存、移転、変更、消滅又は処分の制限 ２ 特許原簿は、その全部又は一部を磁気テープ（これに準ずる方法により一定の事項を確実に記録して置くことができる物を含む。以下同じ。）をもつて調製することができる。 ３ この法,22,279
0,第一章　総則,31,第二十七条,LAW_REFERENCE,政令,304,306
0,第一章　総則,31,第二十七条,ARTICLE_REFERENCE,第二十七条,0,5
0,第一章　総則,31,第二十七条,ARTICLE_REFERENCE,第二十七条,17,22
0,第一章　総則,31,第二十七条,ORGANIZATION,特許庁,32,35
0,第一章　総則,31,第二十七条,PROCEDURE,登録,13,15
0,第一章　総則,31,第二十七条,PROCEDURE,登録,44,46
0,第一章　総則,31,第二十七条,PROCEDURE,特許権,52,55
0,第一章　総則,31,第二十七条,PROCEDURE,特許権,123,126
0,第一章　総則,31,第二十七条,PROCEDURE,登録,291,293
0,第一章　総則,32,第二十八条,LAW_REFERENCE,省令,184,186
0,第一章　総則,32,第二十八条,ARTICLE_REFERENCE,第二十八条,0,5
0,第一章　総則,32,第二十八条,ARTICLE_REFERENCE,第二十八条,15,20
0,第一章　総則,32,第二十八条,ARTICLE_REFERENCE,第七十四条,44,49
0,第一章　総則,32,第二十八条,ARTICLE_REFERENCE,第一項,49,52
0,第一章　総則,32,第二十八条,ORGANIZATION,特許庁長官,21,26
0,第一章　総則,32,第二十八条,PROCEDURE,特許権,28,31
0,第一章　総則,32,第二十八条,PROCEDURE,登録,35,37
0,第一章　総則,32,第二十八条,PROCEDURE,請求,58,60
0,第一章　総則,32,第二十八条,PROCEDURE,特許権,64,67
0,第一章　総則,32,第二十八条,PROCEDURE,登録,71,73
0,第一章　総則,32,第二十八条,PROCEDURE,明細書,89,92
0,第一章　総則,32,第二十八条,PROCEDURE,請求,95,97
0,第一章　総則,32,第二十八条,PROCEDURE,図面,104,106
0,第一章　総則,32,第二十八条,PROCEDURE,登録,137,139
0,第一章　総則,32,第二十八条,PROCEDURE,特許権,147,150
1,第二章　特許及び特許出願,0,第二十九条,ARTICLE_REFERENCE,第二十九条,0,5
1,第二章　特許及び特許出願,0,第二十九条,ARTICLE_REFERENCE,第二十九条,14,19
1,第二章　特許及び特許出願,0,第二十九条,ARTICLE_REFERENCE,前項,233,235
1,第二章　特許及び特許出願,0,第二十九条,ARTICLE_REFERENCE,各号,235,237
1,第二章　特許及び特許出願,0,第二十九条,ARTICLE_REFERENCE,同項,275,277
1,第二章　特許及び特許出願,0,第二十九条,PROCEDURE,発明,33,35
1,第二章　特許及び特許出願,0,第二十九条,PROCEDURE,発明,46,48
1,第二章　特許及び特許出願,0,第二十九条,PROCEDURE,発明,54,56
1,第二章　特許及び特許出願,0,第二十九条,PROCEDURE,出願,78,80
1,第二章　特許及び特許出願,0,第二十九条,PROCEDURE,発明,100,102
1,第二章　特許及び特許出願,0,第二十九条,PROCEDURE,出願,107,109
1,第二章　特許及び特許出願,0,第二十九条,PROCEDURE,発明,131,133
1,第二章　特許及び特許出願,0,第二十九条,PROCEDURE,出願,138,140
1,第二章　特許及び特許出願,0,第二十九条,PROCEDURE,発明,169,171
1,第二章　特許及び特許出願,0,第二十九条,PROCEDURE,発明,194,196
1,第二章　特許及び特許出願,0,第二十九条,PROCEDURE,出願,201,203
1,第二章　特許及び特許出願,0,第二十九条,PROCEDURE,発明,207,209
1,第二章　特許及び特許出願,0,第二十九条,PROCEDURE,発明,241,243
1,第二章　特許及び特許出願,0,第二十九条,PROCEDURE,発明,250,252
1,第二章　特許及び特許出願,0,第二十九条,PROCEDURE,発明,267,269
1,第二章　特許及び特許出願,1,第二十九条の二,LAW_REFERENCE,第三項の規定により同項各号に掲げる事項を掲載した特許公報（以下「特許掲載公報」という。）の発行若しくは出願公開又は実用新案法（昭和三十四年法,69,139
1,第二章　特許及び特許出願,1,第二十九条の二,ARTICLE_REFERENCE,第二十九条の二,0,7
1,第二章　特許及び特許出願,1,第二十九条の二,ARTICLE_REFERENCE,第二十九条の二,8,15
1,第二章　特許及び特許出願,1,第二十九条の二,ARTICLE_REFERENCE,第六十六条,64,69
1,第二章　特許及び特許出願,1,第二十九条の二,ARTICLE_REFERENCE,第三項,69,72
1,第二章　特許及び特許出願,1,第二十九条の二,ARTICLE_REFERENCE,同項,78,80
1,第二章　特許及び特許出願,1,第二十九条の二,ARTICLE_REFERENCE,各号,80,82
1,第二章　特許及び特許出願,1,第二十九条の二,ARTICLE_REFERENCE,第百二十三号,140,146
1,第二章　特許及び特許出願,1,第二十九条の二,ARTICLE_REFERENCE,第十四条,147,151
1,第二章　特許及び特許出願,1,第二十九条の二,ARTICLE_REFERENCE,第三項,151,154
1,第二章　特許及び特許出願,1,第二十九条の二,ARTICLE_REFERENCE,同項,160,162
1,第二章　特許及び特許出願,1,第二十九条の二,ARTICLE_REFERENCE,各号,162,164
1,第二章　特許及び特許出願,1,第二十九条の二,ARTICLE_REFERENCE,第三十六条の二,250,257
1,第二章　特許及び特許出願,1,第二十九条の二,ARTICLE_REFERENCE,第二項,257,260
1,第二章　特許及び特許出願,1,第二十九条の二,ARTICLE_REFERENCE,同条,274,276
1,第二章　特許及び特許出願,1,第二十九条の二,ARTICLE_REFERENCE,第一項,276,279
1,第二章　特許及び特許出願,1,第二十九条の二,ARTICLE_REFERENCE,前条,374,376
1,第二章　特許及び特許出願,1,第二十九条の二,ARTICLE_REFERENCE,第一項,376,379
1,第二章　特許及び特許出願,1,第二十九条の二,TIME_PERIOD,出願の日,30,34
1,第二章　特許及び特許出願,1,第二十九条の二,TIME_PERIOD,三十四年,134,138
1,第二章　特許及び特許出願,1,第二十九条の二,PROCEDURE,出願,18,20
1,第二章　特許及び特許出願,1,第二十九条の二,PROCEDURE,発明,23,25
1,第二章　特許及び特許出願,1,第二十九条の二,PROCEDURE,出願,30,32
1,第二章　特許及び特許出願,1,第二十九条の二,PROCEDURE,出願,40,42
1,第二章　特許及び特許出願,1,第二十九条の二,PROCEDURE,登録,48,50
1,第二章　特許及び特許出願,1,第二十九条の二,PROCEDURE,出願,50,52
1,第二章　特許及び特許出願,1,第二十九条の二,PROCEDURE,出願,60,62
1,第二章　特許及び特許出願,1,第二十九条の二,PROCEDURE,出願,120,122
1,第二章　特許及び特許出願,1,第二十九条の二,PROCEDURE,明細書,219,222
1,第二章　特許及び特許出願,1,第二十九条の二,PROCEDURE,請求,225,227
1,第二章　特許及び特許出願,1,第二十九条の二,PROCEDURE,登録,238,240
1,第二章　特許及び特許出願,1,第二十九条の二,PROCEDURE,請求,240,242
1,第二章　特許及び特許出願,1,第二十九条の二,PROCEDURE,図面,247,249
1,第二章　特許及び特許出願,1,第二十九条の二,PROCEDURE,出願,266,268
1,第二章　特許及び特許出願,1,第二十九条の二,PROCEDURE,発明,292,294
1,第二章　特許及び特許出願,1,第二十九条の二,PROCEDURE,考案,296,298
1,第二章　特許及び特許出願,1,第二十九条の二,PROCEDURE,発明,301,303
1,第二章　特許及び特許出願,1,第二十九条の二,PROCEDURE,考案,305,307
1,第二章　特許及び特許出願,1,第二十九条の二,PROCEDURE,出願,316,318
1,第二章　特許及び特許出願,1,第二十九条の二,PROCEDURE,発明,321,323
1,第二章　特許及び特許出願,1,第二十九条の二,PROCEDURE,発明,324,326
1,第二章　特許及び特許出願,1,第二十九条の二,PROCEDURE,発明,343,345
1,第二章　特許及び特許出願,1,第二十九条の二,PROCEDURE,考案,347,349
1,第二章　特許及び特許出願,1,第二十九条の二,PROCEDURE,発明,366,368
1,第二章　特許及び特許出願,1,第二十九条の二,PROCEDURE,出願,411,413
1,第二章　特許及び特許出願,1,第二十九条の二,PROCEDURE,出願,418,420
1,第二章　特許及び特許出願,1,第二十九条の二,PROCEDURE,出願,428,430
1,第二章　特許及び特許出願,1,第二十九条の二,PROCEDURE,登録,436,438
1,第二章　特許及び特許出願,1,第二十九条の二,PROCEDURE,出願,438,440
1,第二章　特許及び特許出願,1,第二十九条の二,PROCEDURE,出願,441,443
1,第二章　特許及び特許出願,1,第二十九条の二,LEGAL_STATUS,出願人,418,421
1,第二章　特許及び特許出願,1,第二十九条の二,LEGAL_STATUS,出願人,441,444
1,第二章　特許及び特許出願,2,第三十条,ARTICLE_REFERENCE,第三十条,0,4
1,第二章　特許及び特許出願,2,第三十条,ARTICLE_REFERENCE,第三十条,20,24
1,第二章　特許及び特許出願,2,第三十条,ARTICLE_REFERENCE,第二十九条,44,49
1,第二章　特許及び特許出願,2,第三十条,ARTICLE_REFERENCE,第一項,49,52
1,第二章　特許及び特許出願,2,第三十条,ARTICLE_REFERENCE,各号,52,54
1,第二章　特許及び特許出願,2,第三十条,ARTICLE_REFERENCE,同項,110,112
1,第二章　特許及び特許出願,2,第三十条,ARTICLE_REFERENCE,同条,114,116
1,第二章　特許及び特許出願,2,第三十条,ARTICLE_REFERENCE,第二項,116,119
1,第二章　特許及び特許出願,2,第三十条,ARTICLE_REFERENCE,同条,131,133
1,第二章　特許及び特許出願,2,第三十条,ARTICLE_REFERENCE,第一項,133,136
1,第二章　特許及び特許出願,2,第三十条,ARTICLE_REFERENCE,各号,136,138
1,第二章　特許及び特許出願,2,第三十条,ARTICLE_REFERENCE,第二十九条,186,191
1,第二章　特許及び特許出願,2,第三十条,ARTICLE_REFERENCE,第一項,191,194
1,第二章　特許及び特許出願,2,第三十条,ARTICLE_REFERENCE,各号,194,196
1,第二章　特許及び特許出願,2,第三十条,ARTICLE_REFERENCE,同項,244,246
1,第二章　特許及び特許出願,2,第三十条,ARTICLE_REFERENCE,各号,246,248
1,第二章　特許及び特許出願,2,第三十条,ARTICLE_REFERENCE,同項,309,311
1,第二章　特許及び特許出願,2,第三十条,ARTICLE_REFERENCE,同条,313,315
1,第二章　特許及び特許出願,2,第三十条,ARTICLE_REFERENCE,第二項,315,318
1,第二章　特許及び特許出願,2,第三十条,ARTICLE_REFERENCE,前項,330,332
1,第二章　特許及び特許出願,2,第三十条,ARTICLE_REFERENCE,前項,342,344
1,第二章　特許及び特許出願,2,第三十条,ARTICLE_REFERENCE,第二十九条,393,398
1,第二章　特許及び特許出願,2,第三十条,ARTICLE_REFERENCE,第一項,398,401
1,第二章　特許及び特許出願,2,第三十条,ARTICLE_REFERENCE,各号,401,403
1,第二章　特許及び特許出願,2,第三十条,ARTICLE_REFERENCE,前項,420,422
1,第二章　特許及び特許出願,2,第三十条,ARTICLE_REFERENCE,次項,453,455
1,第二章　特許及び特許出願,2,第三十条,ARTICLE_REFERENCE,前項,535,537
1,第二章　特許及び特許出願,2,第三十条,ARTICLE_REFERENCE,同項,565,567
1,第二章　特許及び特許出願,2,第三十条,TIME_PERIOD,から,83,85
1,第二章　特許及び特許出願,2,第三十条,TIME_PERIOD,一年以内,85,89
1,第二章　特許及び特許出願,2,第三十条,TIME_PERIOD,から,282,284
1,第二章　特許及び特許出願,2,第三十条,TIME_PERIOD,一年以内,284,288
1,第二章　特許及び特許出願,2,第三十条,TIME_PERIOD,出願の日,472,476
1,第二章　特許及び特許出願,2,第三十条,TIME_PERIOD,から,476,478
1,第二章　特許及び特許出願,2,第三十条,TIME_PERIOD,三十日以内,478,483
1,第二章　特許及び特許出願,2,第三十条,TIME_PERIOD,から,588,590
1,第二章　特許及び特許出願,2,第三十条,TIME_PERIOD,十四日,590,593
1,第二章　特許及び特許出願,2,第三十条,TIME_PERIOD,二月,603,605
1,第二章　特許及び特許出願,2,第三十条,TIME_PERIOD,以内,606,608
1,第二章　特許及び特許出願,2,第三十条,TIME_PERIOD,六月以内,617,621
1,第二章　特許及び特許出願,2,第三十条,ORGANIZATION,特許庁長官,380,385
1,第二章　特許及び特許出願,2,第三十条,ORGANIZATION,特許庁長官,484,489
1,第二章　特許及び特許出願,2,第三十条,ORGANIZATION,特許庁長官,628,633
1,第二章　特許及び特許出願,2,第三十条,PROCEDURE,発明,6,8
1,第二章　特許及び特許出願,2,第三十条,PROCEDURE,発明,68,70
1,第二章　特許及び特許出願,2,第三十条,PROCEDURE,出願,98,100
1,第二章　特許及び特許出願,2,第三十条,PROCEDURE,発明,103,105
1,第二章　特許及び特許出願,2,第三十条,PROCEDURE,発明,210,212
1,第二章　特許及び特許出願,2,第三十条,PROCEDURE,発明,213,215
1,第二章　特許及び特許出願,2,第三十条,PROCEDURE,意匠,221,223
1,第二章　特許及び特許出願,2,第三十条,PROCEDURE,商標,225,227
1,第二章　特許及び特許出願,2,第三十条,PROCEDURE,出願,297,299
1,第二章　特許及び特許出願,2,第三十条,PROCEDURE,発明,302,304
1,第二章　特許及び特許出願,2,第三十条,PROCEDURE,出願,374,376
1,第二章　特許及び特許出願,2,第三十条,PROCEDURE,発明,417,419
1,第二章　特許及び特許出願,2,第三十条,PROCEDURE,発明,438,440
1,第二章　特許及び特許出願,2,第三十条,PROCEDURE,出願,472,474
1,第二章　特許及び特許出願,2,第三十条,LEGAL_STATUS,権利,31,33
1,第二章　特許及び特許出願,2,第三十条,LEGAL_STATUS,権利,171,173
1,第二章　特許及び特許出願,3,第三十一条,ARTICLE_REFERENCE,第三十一条,0,5
1,第二章　特許及び特許出願,3,第三十一条,ARTICLE_REFERENCE,第三十一条,6,11
1,第二章　特許及び特許出願,4,第三十二条,ARTICLE_REFERENCE,第三十二条,0,5
1,第二章　特許及び特許出願,4,第三十二条,ARTICLE_REFERENCE,第三十二条,24,29
1,第二章　特許及び特許出願,4,第三十二条,ARTICLE_REFERENCE,第二十九条,65,70
1,第二章　特許及び特許出願,4,第三十二条,PROCEDURE,発明,20,22
1,第二章　特許及び特許出願,4,第三十二条,PROCEDURE,発明,57,59
1,第二章　特許及び特許出願,5,第三十三条,ARTICLE_REFERENCE,第三十三条,0,5
1,第二章　特許及び特許出願,5,第三十三条,ARTICLE_REFERENCE,第三十三条,17,22
1,第二章　特許及び特許出願,5,第三十三条,PROCEDURE,特許権,194,197
1,第二章　特許及び特許出願,5,第三十三条,LEGAL_STATUS,権利,13,15
1,第二章　特許及び特許出願,5,第三十三条,LEGAL_STATUS,権利,29,31
1,第二章　特許及び特許出願,5,第三十三条,LEGAL_STATUS,権利,53,55
1,第二章　特許及び特許出願,5,第三十三条,LEGAL_STATUS,権利,82,84
1,第二章　特許及び特許出願,5,第三十三条,LEGAL_STATUS,権利,141,143
1,第二章　特許及び特許出願,5,第三十三条,LEGAL_STATUS,権利,182,184
1,第二章　特許及び特許出願,6,第三十四条,ARTICLE_REFERENCE,第三十四条,0,5
1,第二章　特許及び特許出願,6,第三十四条,ARTICLE_REFERENCE,第三十四条,6,11
1,第二章　特許及び特許出願,6,第三十四条,ARTICLE_REFERENCE,前項,232,234
1,第二章　特許及び特許出願,6,第三十四条,ARTICLE_REFERENCE,第三十九条,455,460
1,第二章　特許及び特許出願,6,第三十四条,ARTICLE_REFERENCE,第六項,460,463
1,第二章　特許及び特許出願,6,第三十四条,ARTICLE_REFERENCE,第七項,465,468
1,第二章　特許及び特許出願,6,第三十四条,ARTICLE_REFERENCE,第二項,473,476
1,第二章　特許及び特許出願,6,第三十四条,ARTICLE_REFERENCE,第三項,477,480
1,第二章　特許及び特許出願,6,第三十四条,ARTICLE_REFERENCE,前項,482,484
1,第二章　特許及び特許出願,6,第三十四条,TIME_PERIOD,から,74,76
1,第二章　特許及び特許出願,6,第三十四条,TIME_PERIOD,以上,99,101
1,第二章　特許及び特許出願,6,第三十四条,TIME_PERIOD,から,161,163
1,第二章　特許及び特許出願,6,第三十四条,TIME_PERIOD,遅滞なく,342,346
1,第二章　特許及び特許出願,6,第三十四条,TIME_PERIOD,から,376,378
1,第二章　特許及び特許出願,6,第三十四条,TIME_PERIOD,以上,404,406
1,第二章　特許及び特許出願,6,第三十四条,ORGANIZATION,特許庁長官,283,288
1,第二章　特許及び特許出願,6,第三十四条,ORGANIZATION,特許庁長官,351,356
1,第二章　特許及び特許出願,6,第三十四条,PROCEDURE,出願,14,16
1,第二章　特許及び特許出願,6,第三十四条,PROCEDURE,出願,42,44
1,第二章　特許及び特許出願,6,第三十四条,PROCEDURE,出願,104,106
1,第二章　特許及び特許出願,6,第三十四条,PROCEDURE,出願,116,118
1,第二章　特許及び特許出願,6,第三十四条,PROCEDURE,発明,170,172
1,第二章　特許及び特許出願,6,第三十四条,PROCEDURE,考案,174,176
1,第二章　特許及び特許出願,6,第三十四条,PROCEDURE,登録,195,197
1,第二章　特許及び特許出願,6,第三十四条,PROCEDURE,出願,212,214
1,第二章　特許及び特許出願,6,第三十四条,PROCEDURE,登録,220,222
1,第二章　特許及び特許出願,6,第三十四条,PROCEDURE,出願,222,224
1,第二章　特許及び特許出願,6,第三十四条,PROCEDURE,出願,246,248
1,第二章　特許及び特許出願,6,第三十四条,PROCEDURE,届出,407,409
1,第二章　特許及び特許出願,6,第三十四条,PROCEDURE,届出,417,419
1,第二章　特許及び特許出願,6,第三十四条,PROCEDURE,届出,438,440
1,第二章　特許及び特許出願,6,第三十四条,LEGAL_STATUS,権利,27,29
1,第二章　特許及び特許出願,6,第三十四条,LEGAL_STATUS,権利,89,91
1,第二章　特許及び特許出願,6,第三十四条,LEGAL_STATUS,出願人,116,119
1,第二章　特許及び特許出願,6,第三十四条,LEGAL_STATUS,権利,187,189
1,第二章　特許及び特許出願,6,第三十四条,LEGAL_STATUS,権利,201,203
1,第二章　特許及び特許出願,6,第三十四条,LEGAL_STATUS,権利,259,261
1,第二章　特許及び特許出願,6,第三十四条,LEGAL_STATUS,効力,299,301
1,第二章　特許及び特許出願,6,第三十四条,LEGAL_STATUS,権利,316,318
1,第二章　特許及び特許出願,6,第三十四条,LEGAL_STATUS,権利,391,393
1,第二章　特許及び特許出願,6,第三十四条,LEGAL_STATUS,効力,444,446
1,第二章　特許及び特許出願,7,第三十四条の二,ARTICLE_REFERENCE,第三十四条の二,0,7
1,第二章　特許及び特許出願,7,第三十四条の二,ARTICLE_REFERENCE,第三十四条の二,17,24
1,第二章　特許及び特許出願,7,第三十四条の二,ARTICLE_REFERENCE,第四十四条,419,424
1,第二章　特許及び特許出願,7,第三十四条の二,ARTICLE_REFERENCE,第一項,424,427
1,第二章　特許及び特許出願,7,第三十四条の二,ARTICLE_REFERENCE,第四項,692,695
1,第二章　特許及び特許出願,7,第三十四条の二,ARTICLE_REFERENCE,次条,697,699
1,第二章　特許及び特許出願,7,第三十四条の二,ARTICLE_REFERENCE,第七項,699,702
1,第二章　特許及び特許出願,7,第三十四条の二,ARTICLE_REFERENCE,第三十三条,764,769
1,第二章　特許及び特許出願,7,第三十四条の二,ARTICLE_REFERENCE,第二項,769,772
1,第二章　特許及び特許出願,7,第三十四条の二,ARTICLE_REFERENCE,第四項,774,777
1,第二章　特許及び特許出願,7,第三十四条の二,TIME_PERIOD,から,772,774
1,第二章　特許及び特許出願,7,第三十四条の二,TIME_PERIOD,まで,777,779
1,第二章　特許及び特許出願,7,第三十四条の二,PROCEDURE,特許権,60,63
1,第二章　特許及び特許出願,7,第三十四条の二,PROCEDURE,出願,72,74
1,第二章　特許及び特許出願,7,第三十四条の二,PROCEDURE,明細書,85,88
1,第二章　特許及び特許出願,7,第三十四条の二,PROCEDURE,請求,91,93
1,第二章　特許及び特許出願,7,第三十四条の二,PROCEDURE,図面,98,100
1,第二章　特許及び特許出願,7,第三十四条の二,PROCEDURE,出願,148,150
1,第二章　特許及び特許出願,7,第三十四条の二,PROCEDURE,特許権,154,157
1,第二章　特許及び特許出願,7,第三十四条の二,PROCEDURE,登録,161,163
1,第二章　特許及び特許出願,7,第三十四条の二,PROCEDURE,特許権,173,176
1,第二章　特許及び特許出願,7,第三十四条の二,PROCEDURE,出願,239,241
1,第二章　特許及び特許出願,7,第三十四条の二,PROCEDURE,発明,244,246
1,第二章　特許及び特許出願,7,第三十四条の二,PROCEDURE,出願,412,414
1,第二章　特許及び特許出願,7,第三十四条の二,PROCEDURE,出願,435,437
1,第二章　特許及び特許出願,7,第三十四条の二,PROCEDURE,出願,452,454
1,第二章　特許及び特許出願,7,第三十四条の二,PROCEDURE,出願,465,467
1,第二章　特許及び特許出願,7,第三十四条の二,PROCEDURE,特許権,488,491
1,第二章　特許及び特許出願,7,第三十四条の二,PROCEDURE,出願,586,588
1,第二章　特許及び特許出願,7,第三十四条の二,PROCEDURE,特許権,592,595
1,第二章　特許及び特許出願,7,第三十四条の二,PROCEDURE,登録,599,601
1,第二章　特許及び特許出願,7,第三十四条の二,PROCEDURE,出願,612,614
1,第二章　特許及び特許出願,7,第三十四条の二,PROCEDURE,出願,644,646
1,第二章　特許及び特許出願,7,第三十四条の二,LEGAL_STATUS,権利,31,33
1,第二章　特許及び特許出願,7,第三十四条の二,LEGAL_STATUS,権利,48,50
1,第二章　特許及び特許出願,7,第三十四条の二,LEGAL_STATUS,権利,267,269
1,第二章　特許及び特許出願,7,第三十四条の二,LEGAL_STATUS,権利,330,332
1,第二章　特許及び特許出願,7,第三十四条の二,LEGAL_STATUS,権利,476,478
1,第二章　特許及び特許出願,7,第三十四条の二,LEGAL_STATUS,却下,631,633
1,第二章　特許及び特許出願,7,第三十四条の二,LEGAL_STATUS,拒絶,650,652
1,第二章　特許及び特許出願,8,第三十四条の三,LAW_REFERENCE,第四項又は実用新案法第四条,554,567
1,第二章　特許及び特許出願,8,第三十四条の三,LAW_REFERENCE,の規定により、同項に規定する新たな特許出願に係る特許を受ける権利に基づいて取得すべき特許権についての仮専用実施権（以下この項において「新たな特許出願に係る仮専用実施権」という。）が設定されたものとみなされたときは、当該新たな特許出願に係るもとの特許出願に係る特許を受ける権利に基づいて取得すべき特許権についての仮専用実施権に基づいて取得すべき専用実施権についての仮通常実施権を有する者に対し、当該新たな特許出願に係る仮専用実施権に基づいて取得すべき専用実施権について、当該仮通常実施権の設定行為で定めた範囲内において、仮通常実施権が許諾されたものとみなす。ただし、当該設定行為に別段の定めがあるときは、この限りでない。 ８ 実用新案法第四条,1067,1387
1,第二章　特許及び特許出願,8,第三十四条の三,LAW_REFERENCE,第一項の規定による出願の変更があつたときは、当該仮通常実施権を有する者に対し、当該出願の変更に係る特許出願に係る特許を受ける権利に基づいて取得すべき特許権について、当該仮通常実施権の設定行為で定めた範囲内において、仮通常実施権が許諾されたものとみなす。ただし、当該設定行為に別段の定めがあるときは、この限りでない。 ９ 意匠法（昭和三十四年法,1425,1596
1,第二章　特許及び特許出願,8,第三十四条の三,ARTICLE_REFERENCE,第三十四条の三,0,7
1,第二章　特許及び特許出願,8,第三十四条の三,ARTICLE_REFERENCE,第三十四条の三,17,24
1,第二章　特許及び特許出願,8,第三十四条の三,ARTICLE_REFERENCE,前項,140,142
1,第二章　特許及び特許出願,8,第三十四条の三,ARTICLE_REFERENCE,前条,255,257
1,第二章　特許及び特許出願,8,第三十四条の三,ARTICLE_REFERENCE,第二項,257,260
1,第二章　特許及び特許出願,8,第三十四条の三,ARTICLE_REFERENCE,同条,267,269
1,第二章　特許及び特許出願,8,第三十四条の三,ARTICLE_REFERENCE,第四項,269,272
1,第二章　特許及び特許出願,8,第三十四条の三,ARTICLE_REFERENCE,第一項,545,548
1,第二章　特許及び特許出願,8,第三十四条の三,ARTICLE_REFERENCE,前条,552,554
1,第二章　特許及び特許出願,8,第三十四条の三,ARTICLE_REFERENCE,第四項,554,557
1,第二章　特許及び特許出願,8,第三十四条の三,ARTICLE_REFERENCE,第四条の二,564,569
1,第二章　特許及び特許出願,8,第三十四条の三,ARTICLE_REFERENCE,第一項,569,572
1,第二章　特許及び特許出願,8,第三十四条の三,ARTICLE_REFERENCE,第四十一条,587,592
1,第二章　特許及び特許出願,8,第三十四条の三,ARTICLE_REFERENCE,第一項,592,595
1,第二章　特許及び特許出願,8,第三十四条の三,ARTICLE_REFERENCE,第三十六条の二,649,656
1,第二章　特許及び特許出願,8,第三十四条の三,ARTICLE_REFERENCE,第二項,656,659
1,第二章　特許及び特許出願,8,第三十四条の三,ARTICLE_REFERENCE,同条,678,680
1,第二章　特許及び特許出願,8,第三十四条の三,ARTICLE_REFERENCE,第一項,680,683
1,第二章　特許及び特許出願,8,第三十四条の三,ARTICLE_REFERENCE,第四十一条,703,708
1,第二章　特許及び特許出願,8,第三十四条の三,ARTICLE_REFERENCE,第一項,708,711
1,第二章　特許及び特許出願,8,第三十四条の三,ARTICLE_REFERENCE,第四十四条,888,893
1,第二章　特許及び特許出願,8,第三十四条の三,ARTICLE_REFERENCE,第一項,893,896
1,第二章　特許及び特許出願,8,第三十四条の三,ARTICLE_REFERENCE,前条,1060,1062
1,第二章　特許及び特許出願,8,第三十四条の三,ARTICLE_REFERENCE,第五項,1062,1065
1,第二章　特許及び特許出願,8,第三十四条の三,ARTICLE_REFERENCE,同項,1074,1076
1,第二章　特許及び特許出願,8,第三十四条の三,ARTICLE_REFERENCE,第四条の二,1384,1389
1,第二章　特許及び特許出願,8,第三十四条の三,ARTICLE_REFERENCE,第一項,1389,1392
1,第二章　特許及び特許出願,8,第三十四条の三,ARTICLE_REFERENCE,第四十六条,1420,1425
1,第二章　特許及び特許出願,8,第三十四条の三,ARTICLE_REFERENCE,第一項,1425,1428
1,第二章　特許及び特許出願,8,第三十四条の三,ARTICLE_REFERENCE,第百二十五号,1597,1603
1,第二章　特許及び特許出願,8,第三十四条の三,ARTICLE_REFERENCE,第五条の二,1604,1609
1,第二章　特許及び特許出願,8,第三十四条の三,ARTICLE_REFERENCE,第一項,1609,1612
1,第二章　特許及び特許出願,8,第三十四条の三,ARTICLE_REFERENCE,第四十六条,1638,1643
1,第二章　特許及び特許出願,8,第三十四条の三,ARTICLE_REFERENCE,第二項,1643,1646
1,第二章　特許及び特許出願,8,第三十四条の三,ARTICLE_REFERENCE,前項,1914,1916
1,第二章　特許及び特許出願,8,第三十四条の三,ARTICLE_REFERENCE,前条,1926,1928
1,第二章　特許及び特許出願,8,第三十四条の三,ARTICLE_REFERENCE,第四項,1928,1931
1,第二章　特許及び特許出願,8,第三十四条の三,ARTICLE_REFERENCE,第七項,1936,1939
1,第二章　特許及び特許出願,8,第三十四条の三,ARTICLE_REFERENCE,第三十三条,1981,1986
1,第二章　特許及び特許出願,8,第三十四条の三,ARTICLE_REFERENCE,第二項,1986,1989
1,第二章　特許及び特許出願,8,第三十四条の三,ARTICLE_REFERENCE,第三項,1991,1994
1,第二章　特許及び特許出願,8,第三十四条の三,TIME_PERIOD,三十四年,1591,1595
1,第二章　特許及び特許出願,8,第三十四条の三,PROCEDURE,特許権,60,63
1,第二章　特許及び特許出願,8,第三十四条の三,PROCEDURE,出願,72,74
1,第二章　特許及び特許出願,8,第三十四条の三,PROCEDURE,明細書,85,88
1,第二章　特許及び特許出願,8,第三十四条の三,PROCEDURE,請求,91,93
1,第二章　特許及び特許出願,8,第三十四条の三,PROCEDURE,図面,98,100
1,第二章　特許及び特許出願,8,第三十四条の三,PROCEDURE,出願,159,161
1,第二章　特許及び特許出願,8,第三十四条の三,PROCEDURE,特許権,165,168
1,第二章　特許及び特許出願,8,第三十四条の三,PROCEDURE,登録,172,174
1,第二章　特許及び特許出願,8,第三十四条の三,PROCEDURE,特許権,201,204
1,第二章　特許及び特許出願,8,第三十四条の三,PROCEDURE,出願,407,409
1,第二章　特許及び特許出願,8,第三十四条の三,PROCEDURE,発明,412,414
1,第二章　特許及び特許出願,8,第三十四条の三,PROCEDURE,出願,598,600
1,第二章　特許及び特許出願,8,第三十四条の三,PROCEDURE,明細書,611,614
1,第二章　特許及び特許出願,8,第三十四条の三,PROCEDURE,請求,617,619
1,第二章　特許及び特許出願,8,第三十四条の三,PROCEDURE,登録,630,632
1,第二章　特許及び特許出願,8,第三十四条の三,PROCEDURE,請求,632,634
1,第二章　特許及び特許出願,8,第三十四条の三,PROCEDURE,図面,639,641
1,第二章　特許及び特許出願,8,第三十四条の三,PROCEDURE,出願,646,648
1,第二章　特許及び特許出願,8,第三十四条の三,PROCEDURE,出願,665,667
1,第二章　特許及び特許出願,8,第三十四条の三,PROCEDURE,発明,696,698
1,第二章　特許及び特許出願,8,第三十四条の三,PROCEDURE,出願,761,763
1,第二章　特許及び特許出願,8,第三十四条の三,PROCEDURE,特許権,784,787
1,第二章　特許及び特許出願,8,第三十四条の三,PROCEDURE,出願,881,883
1,第二章　特許及び特許出願,8,第三十四条の三,PROCEDURE,出願,904,906
1,第二章　特許及び特許出願,8,第三十四条の三,PROCEDURE,出願,938,940
1,第二章　特許及び特許出願,8,第三十四条の三,PROCEDURE,出願,951,953
1,第二章　特許及び特許出願,8,第三十四条の三,PROCEDURE,特許権,974,977
1,第二章　特許及び特許出願,8,第三十四条の三,PROCEDURE,出願,1086,1088
1,第二章　特許及び特許出願,8,第三十四条の三,PROCEDURE,特許権,1109,1112
1,第二章　特許及び特許出願,8,第三十四条の三,PROCEDURE,出願,1139,1141
1,第二章　特許及び特許出願,8,第三十四条の三,PROCEDURE,出願,1181,1183
1,第二章　特許及び特許出願,8,第三十四条の三,PROCEDURE,出願,1191,1193
1,第二章　特許及び特許出願,8,第三十四条の三,PROCEDURE,特許権,1214,1217
1,第二章　特許及び特許出願,8,第三十四条の三,PROCEDURE,出願,1270,1272
1,第二章　特許及び特許出願,8,第三十四条の三,PROCEDURE,登録,1411,1413
1,第二章　特許及び特許出願,8,第三十四条の三,PROCEDURE,出願,1413,1415
1,第二章　特許及び特許出願,8,第三十四条の三,PROCEDURE,出願,1434,1436
1,第二章　特許及び特許出願,8,第三十四条の三,PROCEDURE,出願,1466,1468
1,第二章　特許及び特許出願,8,第三十四条の三,PROCEDURE,出願,1476,1478
1,第二章　特許及び特許出願,8,第三十四条の三,PROCEDURE,特許権,1499,1502
1,第二章　特許及び特許出願,8,第三十四条の三,PROCEDURE,意匠,1585,1587
1,第二章　特許及び特許出願,8,第三十四条の三,PROCEDURE,意匠,1627,1629
1,第二章　特許及び特許出願,8,第三十四条の三,PROCEDURE,登録,1629,1631
1,第二章　特許及び特許出願,8,第三十四条の三,PROCEDURE,出願,1631,1633
1,第二章　特許及び特許出願,8,第三十四条の三,PROCEDURE,出願,1652,1654
1,第二章　特許及び特許出願,8,第三十四条の三,PROCEDURE,出願,1684,1686
1,第二章　特許及び特許出願,8,第三十四条の三,PROCEDURE,出願,1694,1696
1,第二章　特許及び特許出願,8,第三十四条の三,PROCEDURE,特許権,1717,1720
1,第二章　特許及び特許出願,8,第三十四条の三,PROCEDURE,出願,1816,1818
1,第二章　特許及び特許出願,8,第三十四条の三,PROCEDURE,特許権,1822,1825
1,第二章　特許及び特許出願,8,第三十四条の三,PROCEDURE,登録,1829,1831
1,第二章　特許及び特許出願,8,第三十四条の三,PROCEDURE,出願,1842,1844
1,第二章　特許及び特許出願,8,第三十四条の三,PROCEDURE,出願,1874,1876
1,第二章　特許及び特許出願,8,第三十四条の三,LEGAL_STATUS,権利,31,33
1,第二章　特許及び特許出願,8,第三十四条の三,LEGAL_STATUS,権利,48,50
1,第二章　特許及び特許出願,8,第三十四条の三,LEGAL_STATUS,権利,435,437
1,第二章　特許及び特許出願,8,第三十四条の三,LEGAL_STATUS,権利,487,489
1,第二章　特許及び特許出願,8,第三十四条の三,LEGAL_STATUS,権利,772,774
1,第二章　特許及び特許出願,8,第三十四条の三,LEGAL_STATUS,権利,962,964
1,第二章　特許及び特許出願,8,第三十四条の三,LEGAL_STATUS,権利,1097,1099
1,第二章　特許及び特許出願,8,第三十四条の三,LEGAL_STATUS,権利,1202,1204
1,第二章　特許及び特許出願,8,第三十四条の三,LEGAL_STATUS,権利,1487,1489
1,第二章　特許及び特許出願,8,第三十四条の三,LEGAL_STATUS,権利,1705,1707
1,第二章　特許及び特許出願,8,第三十四条の三,LEGAL_STATUS,却下,1861,1863
1,第二章　特許及び特許出願,8,第三十四条の三,LEGAL_STATUS,拒絶,1880,1882
1,第二章　特許及び特許出願,9,第三十四条の四,ARTICLE_REFERENCE,第三十四条の四,0,7
1,第二章　特許及び特許出願,9,第三十四条の四,ARTICLE_REFERENCE,第三十四条の四,16,23
1,第二章　特許及び特許出願,9,第三十四条の四,ARTICLE_REFERENCE,第三十四条の二,68,75
1,第二章　特許及び特許出願,9,第三十四条の四,ARTICLE_REFERENCE,第六項,75,78
1,第二章　特許及び特許出願,9,第三十四条の四,ARTICLE_REFERENCE,前項,121,123
1,第二章　特許及び特許出願,9,第三十四条の四,TIME_PERIOD,遅滞なく,139,143
1,第二章　特許及び特許出願,9,第三十四条の四,ORGANIZATION,特許庁長官,148,153
1,第二章　特許及び特許出願,9,第三十四条の四,PROCEDURE,登録,9,11
1,第二章　特許及び特許出願,9,第三十四条の四,PROCEDURE,登録,100,102
1,第二章　特許及び特許出願,9,第三十四条の四,LEGAL_STATUS,効力,110,112
1,第二章　特許及び特許出願,10,第三十四条の五,ARTICLE_REFERENCE,第三十四条の五,0,7
1,第二章　特許及び特許出願,10,第三十四条の五,ARTICLE_REFERENCE,第三十四条の五,21,28
1,第二章　特許及び特許出願,10,第三十四条の五,LEGAL_STATUS,権利,60,62
1,第二章　特許及び特許出願,10,第三十四条の五,LEGAL_STATUS,権利,91,93
1,第二章　特許及び特許出願,10,第三十四条の五,LEGAL_STATUS,効力,117,119
1,第二章　特許及び特許出願,11,第三十五条,LAW_REFERENCE, 使用者、法人、国又は地方公共団体（以下「使用者等」という。）は、従業者、法,18,56
1,第二章　特許及び特許出願,11,第三十五条,LAW_REFERENCE,規則,359,361
1,第二章　特許及び特許出願,11,第三十五条,LAW_REFERENCE,規則,403,405
1,第二章　特許及び特許出願,11,第三十五条,LAW_REFERENCE,規則,496,498
1,第二章　特許及び特許出願,11,第三十五条,LAW_REFERENCE,規則,579,581
1,第二章　特許及び特許出願,11,第三十五条,LAW_REFERENCE,規則,720,722
1,第二章　特許及び特許出願,11,第三十五条,ARTICLE_REFERENCE,第三十五条,0,5
1,第二章　特許及び特許出願,11,第三十五条,ARTICLE_REFERENCE,第三十五条,13,18
1,第二章　特許及び特許出願,11,第三十五条,ARTICLE_REFERENCE,第三十四条の二,623,630
1,第二章　特許及び特許出願,11,第三十五条,ARTICLE_REFERENCE,第二項,630,633
1,第二章　特許及び特許出願,11,第三十五条,ARTICLE_REFERENCE,次項,678,680
1,第二章　特許及び特許出願,11,第三十五条,ARTICLE_REFERENCE,第七項,682,685
1,第二章　特許及び特許出願,11,第三十五条,ARTICLE_REFERENCE,前項,937,939
1,第二章　特許及び特許出願,11,第三十五条,ARTICLE_REFERENCE,第五項,1027,1030
1,第二章　特許及び特許出願,11,第三十五条,ARTICLE_REFERENCE,第四項,1053,1056
1,第二章　特許及び特許出願,11,第三十五条,TIME_PERIOD,から,468,470
1,第二章　特許及び特許出願,11,第三十五条,TIME_PERIOD,から,836,838
1,第二章　特許及び特許出願,11,第三十五条,ORGANIZATION,経済産業大臣,904,910
1,第二章　特許及び特許出願,11,第三十五条,PROCEDURE,発明,9,11
1,第二章　特許及び特許出願,11,第三十五条,PROCEDURE,発明,113,115
1,第二章　特許及び特許出願,11,第三十五条,PROCEDURE,発明,153,155
1,第二章　特許及び特許出願,11,第三十五条,PROCEDURE,発明,161,163
1,第二章　特許及び特許出願,11,第三十五条,PROCEDURE,発明,186,188
1,第二章　特許及び特許出願,11,第三十五条,PROCEDURE,発明,209,211
1,第二章　特許及び特許出願,11,第三十五条,PROCEDURE,特許権,227,230
1,第二章　特許及び特許出願,11,第三十五条,PROCEDURE,発明,254,256
1,第二章　特許及び特許出願,11,第三十五条,PROCEDURE,発明,264,266
1,第二章　特許及び特許出願,11,第三十五条,PROCEDURE,発明,269,271
1,第二章　特許及び特許出願,11,第三十五条,PROCEDURE,特許権,310,313
1,第二章　特許及び特許出願,11,第三十五条,PROCEDURE,発明,390,392
1,第二章　特許及び特許出願,11,第三十五条,PROCEDURE,発明,509,511
1,第二章　特許及び特許出願,11,第三十五条,PROCEDURE,特許権,539,542
1,第二章　特許及び特許出願,11,第三十五条,PROCEDURE,発明,592,594
1,第二章　特許及び特許出願,11,第三十五条,PROCEDURE,発明,912,914
1,第二章　特許及び特許出願,11,第三十五条,PROCEDURE,発明,1079,1081
1,第二章　特許及び特許出願,11,第三十五条,PROCEDURE,発明,1101,1103
1,第二章　特許及び特許出願,11,第三十五条,LEGAL_STATUS,権利,198,200
1,第二章　特許及び特許出願,11,第三十五条,LEGAL_STATUS,権利,297,299
1,第二章　特許及び特許出願,11,第三十五条,LEGAL_STATUS,無効,372,374
1,第二章　特許及び特許出願,11,第三十五条,LEGAL_STATUS,権利,431,433
1,第二章　特許及び特許出願,11,第三十五条,LEGAL_STATUS,権利,457,459
1,第二章　特許及び特許出願,11,第三十五条,LEGAL_STATUS,権利,526,528
1,第二章　特許及び特許出願,11,第三十五条,LEGAL_STATUS,権利,705,707
1,第二章　特許及び特許出願,12,第三十六条,LAW_REFERENCE,省令,260,262
1,第二章　特許及び特許出願,12,第三十六条,LAW_REFERENCE,省令,745,747
1,第二章　特許及び特許出願,12,第三十六条,LAW_REFERENCE,省令,812,814
1,第二章　特許及び特許出願,12,第三十六条,ARTICLE_REFERENCE,第三十六条,0,5
1,第二章　特許及び特許出願,12,第三十六条,ARTICLE_REFERENCE,第三十六条,13,18
1,第二章　特許及び特許出願,12,第三十六条,ARTICLE_REFERENCE,前項,151,153
1,第二章　特許及び特許出願,12,第三十六条,ARTICLE_REFERENCE,前項,213,215
1,第二章　特許及び特許出願,12,第三十六条,ARTICLE_REFERENCE,第三号,215,218
1,第二章　特許及び特許出願,12,第三十六条,ARTICLE_REFERENCE,各号,234,236
1,第二章　特許及び特許出願,12,第三十六条,ARTICLE_REFERENCE,第二十九条,355,360
1,第二章　特許及び特許出願,12,第三十六条,ARTICLE_REFERENCE,第一項,360,363
1,第二章　特許及び特許出願,12,第三十六条,ARTICLE_REFERENCE,第三号,363,366
1,第二章　特許及び特許出願,12,第三十六条,ARTICLE_REFERENCE,第二項,483,486
1,第二章　特許及び特許出願,12,第三十六条,ARTICLE_REFERENCE,第二項,617,620
1,第二章　特許及び特許出願,12,第三十六条,ARTICLE_REFERENCE,各号,635,637
1,第二章　特許及び特許出願,12,第三十六条,ARTICLE_REFERENCE,第二項,770,773
1,第二章　特許及び特許出願,12,第三十六条,ORGANIZATION,特許庁長官,47,52
1,第二章　特許及び特許出願,12,第三十六条,PROCEDURE,出願,9,11
1,第二章　特許及び特許出願,12,第三十六条,PROCEDURE,出願,70,72
1,第二章　特許及び特許出願,12,第三十六条,PROCEDURE,発明,91,93
1,第二章　特許及び特許出願,12,第三十六条,PROCEDURE,明細書,113,116
1,第二章　特許及び特許出願,12,第三十六条,PROCEDURE,請求,119,121
1,第二章　特許及び特許出願,12,第三十六条,PROCEDURE,図面,128,130
1,第二章　特許及び特許出願,12,第三十六条,PROCEDURE,要約書,132,135
1,第二章　特許及び特許出願,12,第三十六条,PROCEDURE,明細書,154,157
1,第二章　特許及び特許出願,12,第三十六条,PROCEDURE,発明,183,185
1,第二章　特許及び特許出願,12,第三十六条,PROCEDURE,図面,191,193
1,第二章　特許及び特許出願,12,第三十六条,PROCEDURE,発明,202,204
1,第二章　特許及び特許出願,12,第三十六条,PROCEDURE,発明,219,221
1,第二章　特許及び特許出願,12,第三十六条,PROCEDURE,発明,275,277
1,第二章　特許及び特許出願,12,第三十六条,PROCEDURE,発明,341,343
1,第二章　特許及び特許出願,12,第三十六条,PROCEDURE,発明,352,354
1,第二章　特許及び特許出願,12,第三十六条,PROCEDURE,発明,370,372
1,第二章　特許及び特許出願,12,第三十六条,PROCEDURE,出願,407,409
1,第二章　特許及び特許出願,12,第三十六条,PROCEDURE,発明,432,434
1,第二章　特許及び特許出願,12,第三十六条,PROCEDURE,発明,456,458
1,第二章　特許及び特許出願,12,第三十六条,PROCEDURE,請求,489,491
1,第二章　特許及び特許出願,12,第三十六条,PROCEDURE,請求項,497,500
1,第二章　特許及び特許出願,12,第三十六条,PROCEDURE,請求項,507,510
1,第二章　特許及び特許出願,12,第三十六条,PROCEDURE,出願,515,517
1,第二章　特許及び特許出願,12,第三十六条,PROCEDURE,発明,529,531
1,第二章　特許及び特許出願,12,第三十六条,PROCEDURE,請求項,575,578
1,第二章　特許及び特許出願,12,第三十六条,PROCEDURE,発明,581,583
1,第二章　特許及び特許出願,12,第三十六条,PROCEDURE,請求項,586,589
1,第二章　特許及び特許出願,12,第三十六条,PROCEDURE,発明,592,594
1,第二章　特許及び特許出願,12,第三十六条,PROCEDURE,請求,623,625
1,第二章　特許及び特許出願,12,第三十六条,PROCEDURE,発明,667,669
1,第二章　特許及び特許出願,12,第三十六条,PROCEDURE,発明,670,672
1,第二章　特許及び特許出願,12,第三十六条,PROCEDURE,発明,704,706
1,第二章　特許及び特許出願,12,第三十六条,PROCEDURE,請求項,718,721
1,第二章　特許及び特許出願,12,第三十六条,PROCEDURE,要約書,774,777
1,第二章　特許及び特許出願,12,第三十六条,PROCEDURE,明細書,780,783
1,第二章　特許及び特許出願,12,第三十六条,PROCEDURE,請求,786,788
1,第二章　特許及び特許出願,12,第三十六条,PROCEDURE,図面,793,795
1,第二章　特許及び特許出願,12,第三十六条,PROCEDURE,発明,800,802
1,第二章　特許及び特許出願,12,第三十六条,LEGAL_STATUS,出願人,70,73
1,第二章　特許及び特許出願,12,第三十六条,LEGAL_STATUS,出願人,515,518
1,第二章　特許及び特許出願,13,第三十六条の二,LAW_REFERENCE,省令,111,113
1,第二章　特許及び特許出願,13,第三十六条の二,LAW_REFERENCE,省令,1282,1284
1,第二章　特許及び特許出願,13,第三十六条の二,LAW_REFERENCE,省令,1469,1471
1,第二章　特許及び特許出願,13,第三十六条の二,LAW_REFERENCE,省令,1486,1488
1,第二章　特許及び特許出願,13,第三十六条の二,ARTICLE_REFERENCE,第三十六条の二,0,7
1,第二章　特許及び特許出願,13,第三十六条の二,ARTICLE_REFERENCE,第三十六条の二,8,15
1,第二章　特許及び特許出願,13,第三十六条の二,ARTICLE_REFERENCE,前条,29,31
1,第二章　特許及び特許出願,13,第三十六条の二,ARTICLE_REFERENCE,第二項,31,34
1,第二章　特許及び特許出願,13,第三十六条の二,ARTICLE_REFERENCE,同条,62,64
1,第二章　特許及び特許出願,13,第三十六条の二,ARTICLE_REFERENCE,第三項,64,67
1,第二章　特許及び特許出願,13,第三十六条の二,ARTICLE_REFERENCE,第六項,69,72
1,第二章　特許及び特許出願,13,第三十六条の二,ARTICLE_REFERENCE,同条,175,177
1,第二章　特許及び特許出願,13,第三十六条の二,ARTICLE_REFERENCE,第七項,177,180
1,第二章　特許及び特許出願,13,第三十六条の二,ARTICLE_REFERENCE,前項,251,253
1,第二章　特許及び特許出願,13,第三十六条の二,ARTICLE_REFERENCE,第四十一条,317,322
1,第二章　特許及び特許出願,13,第三十六条の二,ARTICLE_REFERENCE,第一項,322,325
1,第二章　特許及び特許出願,13,第三十六条の二,ARTICLE_REFERENCE,同項,350,352
1,第二章　特許及び特許出願,13,第三十六条の二,ARTICLE_REFERENCE,第四十三条,364,369
1,第二章　特許及び特許出願,13,第三十六条の二,ARTICLE_REFERENCE,第一項,369,372
1,第二章　特許及び特許出願,13,第三十六条の二,ARTICLE_REFERENCE,第四十三条の二,373,380
1,第二章　特許及び特許出願,13,第三十六条の二,ARTICLE_REFERENCE,第一項,380,383
1,第二章　特許及び特許出願,13,第三十六条の二,ARTICLE_REFERENCE,第四十三条の三,384,391
1,第二章　特許及び特許出願,13,第三十六条の二,ARTICLE_REFERENCE,第三項,391,394
1,第二章　特許及び特許出願,13,第三十六条の二,ARTICLE_REFERENCE,第四十三条の三,411,418
1,第二章　特許及び特許出願,13,第三十六条の二,ARTICLE_REFERENCE,第一項,418,421
1,第二章　特許及び特許出願,13,第三十六条の二,ARTICLE_REFERENCE,第二項,425,428
1,第二章　特許及び特許出願,13,第三十六条の二,ARTICLE_REFERENCE,第四条,625,628
1,第二章　特許及び特許出願,13,第三十六条の二,ARTICLE_REFERENCE,同条,653,655
1,第二章　特許及び特許出願,13,第三十六条の二,ARTICLE_REFERENCE,第四十一条,681,686
1,第二章　特許及び特許出願,13,第三十六条の二,ARTICLE_REFERENCE,第一項,686,689
1,第二章　特許及び特許出願,13,第三十六条の二,ARTICLE_REFERENCE,第四十三条,690,695
1,第二章　特許及び特許出願,13,第三十六条の二,ARTICLE_REFERENCE,第一項,695,698
1,第二章　特許及び特許出願,13,第三十六条の二,ARTICLE_REFERENCE,第四十三条の二,699,706
1,第二章　特許及び特許出願,13,第三十六条の二,ARTICLE_REFERENCE,第一項,706,709
1,第二章　特許及び特許出願,13,第三十六条の二,ARTICLE_REFERENCE,第四十三条の三,710,717
1,第二章　特許及び特許出願,13,第三十六条の二,ARTICLE_REFERENCE,第三項,717,720
1,第二章　特許及び特許出願,13,第三十六条の二,ARTICLE_REFERENCE,第四十三条の三,737,744
1,第二章　特許及び特許出願,13,第三十六条の二,ARTICLE_REFERENCE,第一項,744,747
1,第二章　特許及び特許出願,13,第三十六条の二,ARTICLE_REFERENCE,第二項,751,754
1,第二章　特許及び特許出願,13,第三十六条の二,ARTICLE_REFERENCE,第六十四条,809,814
1,第二章　特許及び特許出願,13,第三十六条の二,ARTICLE_REFERENCE,第一項,814,817
1,第二章　特許及び特許出願,13,第三十六条の二,ARTICLE_REFERENCE,第四十四条,892,897
1,第二章　特許及び特許出願,13,第三十六条の二,ARTICLE_REFERENCE,第一項,897,900
1,第二章　特許及び特許出願,13,第三十六条の二,ARTICLE_REFERENCE,第四十六条,924,929
1,第二章　特許及び特許出願,13,第三十六条の二,ARTICLE_REFERENCE,第一項,929,932
1,第二章　特許及び特許出願,13,第三十六条の二,ARTICLE_REFERENCE,第二項,936,939
1,第二章　特許及び特許出願,13,第三十六条の二,ARTICLE_REFERENCE,第四十六条の二,959,966
1,第二章　特許及び特許出願,13,第三十六条の二,ARTICLE_REFERENCE,第一項,966,969
1,第二章　特許及び特許出願,13,第三十六条の二,ARTICLE_REFERENCE,前項,1104,1106
1,第二章　特許及び特許出願,13,第三十六条の二,ARTICLE_REFERENCE,同項,1116,1118
1,第二章　特許及び特許出願,13,第三十六条の二,ARTICLE_REFERENCE,同項,1161,1163
1,第二章　特許及び特許出願,13,第三十六条の二,ARTICLE_REFERENCE,同項,1190,1192
1,第二章　特許及び特許出願,13,第三十六条の二,ARTICLE_REFERENCE,前項,1261,1263
1,第二章　特許及び特許出願,13,第三十六条の二,ARTICLE_REFERENCE,第二項,1295,1298
1,第二章　特許及び特許出願,13,第三十六条の二,ARTICLE_REFERENCE,前項,1342,1344
1,第二章　特許及び特許出願,13,第三十六条の二,ARTICLE_REFERENCE,第二項,1367,1370
1,第二章　特許及び特許出願,13,第三十六条の二,ARTICLE_REFERENCE,同項,1398,1400
1,第二章　特許及び特許出願,13,第三十六条の二,ARTICLE_REFERENCE,前項,1432,1434
1,第二章　特許及び特許出願,13,第三十六条の二,ARTICLE_REFERENCE,第二項,1499,1502
1,第二章　特許及び特許出願,13,第三十六条の二,ARTICLE_REFERENCE,第四項,1551,1554
1,第二章　特許及び特許出願,13,第三十六条の二,ARTICLE_REFERENCE,前項,1563,1565
1,第二章　特許及び特許出願,13,第三十六条の二,ARTICLE_REFERENCE,第四項,1602,1605
1,第二章　特許及び特許出願,13,第三十六条の二,ARTICLE_REFERENCE,前項,1607,1609
1,第二章　特許及び特許出願,13,第三十六条の二,ARTICLE_REFERENCE,第二項,1625,1628
1,第二章　特許及び特許出願,13,第三十六条の二,ARTICLE_REFERENCE,第二項,1665,1668
1,第二章　特許及び特許出願,13,第三十六条の二,ARTICLE_REFERENCE,前条,1683,1685
1,第二章　特許及び特許出願,13,第三十六条の二,ARTICLE_REFERENCE,第二項,1685,1688
1,第二章　特許及び特許出願,13,第三十六条の二,ARTICLE_REFERENCE,第二項,1722,1725
1,第二章　特許及び特許出願,13,第三十六条の二,ARTICLE_REFERENCE,同条,1742,1744
1,第二章　特許及び特許出願,13,第三十六条の二,ARTICLE_REFERENCE,第二項,1744,1747
1,第二章　特許及び特許出願,13,第三十六条の二,TIME_PERIOD,から,67,69
1,第二章　特許及び特許出願,13,第三十六条の二,TIME_PERIOD,まで,72,74
1,第二章　特許及び特許出願,13,第三十六条の二,TIME_PERIOD,出願の日,312,316
1,第二章　特許及び特許出願,13,第三十六条の二,TIME_PERIOD,出願の日,359,363
1,第二章　特許及び特許出願,13,第三十六条の二,TIME_PERIOD,千九百年十二月十四日,467,477
1,第二章　特許及び特許出願,13,第三十六条の二,TIME_PERIOD,千九百十一年六月二日,485,495
1,第二章　特許及び特許出願,13,第三十六条の二,TIME_PERIOD,千九百二十五年十一月六日,503,515
1,第二章　特許及び特許出願,13,第三十六条の二,TIME_PERIOD,千九百三十四年六月二日,521,532
1,第二章　特許及び特許出願,13,第三十六条の二,TIME_PERIOD,千九百五十八年十月三十一日,539,552
1,第二章　特許及び特許出願,13,第三十六条の二,TIME_PERIOD,千九百六十七年七月十四日,560,572
1,第二章　特許及び特許出願,13,第三十六条の二,TIME_PERIOD,千八百八十三年三月二十日,598,610
1,第二章　特許及び特許出願,13,第三十六条の二,TIME_PERIOD,出願の日,676,680
1,第二章　特許及び特許出願,13,第三十六条の二,TIME_PERIOD,以上,761,763
1,第二章　特許及び特許出願,13,第三十六条の二,TIME_PERIOD,出願の日,797,801
1,第二章　特許及び特許出願,13,第三十六条の二,TIME_PERIOD,から,825,827
1,第二章　特許及び特許出願,13,第三十六条の二,TIME_PERIOD,一年四月,827,831
1,第二章　特許及び特許出願,13,第三十六条の二,TIME_PERIOD,四月以内,829,833
1,第二章　特許及び特許出願,13,第三十六条の二,TIME_PERIOD,出願の日,1044,1048
1,第二章　特許及び特許出願,13,第三十六条の二,TIME_PERIOD,から,1048,1050
1,第二章　特許及び特許出願,13,第三十六条の二,TIME_PERIOD,二月以内,1050,1054
1,第二章　特許及び特許出願,13,第三十六条の二,ORGANIZATION,特許庁長官,860,865
1,第二章　特許及び特許出願,13,第三十六条の二,ORGANIZATION,特許庁長官,1097,1102
1,第二章　特許及び特許出願,13,第三十六条の二,ORGANIZATION,特許庁長官,1322,1327
1,第二章　特許及び特許出願,13,第三十六条の二,ORGANIZATION,特許庁長官,1526,1531
1,第二章　特許及び特許出願,13,第三十六条の二,ORGANIZATION,特許庁長官,1644,1649
1,第二章　特許及び特許出願,13,第三十六条の二,PROCEDURE,明細書,35,38
1,第二章　特許及び特許出願,13,第三十六条の二,PROCEDURE,請求,41,43
1,第二章　特許及び特許出願,13,第三十六条の二,PROCEDURE,図面,50,52
1,第二章　特許及び特許出願,13,第三十六条の二,PROCEDURE,要約書,54,57
1,第二章　特許及び特許出願,13,第三十六条の二,PROCEDURE,明細書,80,83
1,第二章　特許及び特許出願,13,第三十六条の二,PROCEDURE,請求,87,89
1,第二章　特許及び特許出願,13,第三十六条の二,PROCEDURE,図面,132,134
1,第二章　特許及び特許出願,13,第三十六条の二,PROCEDURE,要約書,186,189
1,第二章　特許及び特許出願,13,第三十六条の二,PROCEDURE,要約書,223,226
1,第二章　特許及び特許出願,13,第三十六条の二,PROCEDURE,要約書,269,272
1,第二章　特許及び特許出願,13,第三十六条の二,PROCEDURE,出願,283,285
1,第二章　特許及び特許出願,13,第三十六条の二,PROCEDURE,出願,294,296
1,第二章　特許及び特許出願,13,第三十六条の二,PROCEDURE,出願,303,305
1,第二章　特許及び特許出願,13,第三十六条の二,PROCEDURE,出願,312,314
1,第二章　特許及び特許出願,13,第三十六条の二,PROCEDURE,出願,342,344
1,第二章　特許及び特許出願,13,第三十六条の二,PROCEDURE,出願,359,361
1,第二章　特許及び特許出願,13,第三十六条の二,PROCEDURE,出願,445,447
1,第二章　特許及び特許出願,13,第三十六条の二,PROCEDURE,出願,456,458
1,第二章　特許及び特許出願,13,第三十六条の二,PROCEDURE,出願,641,643
1,第二章　特許及び特許出願,13,第三十六条の二,PROCEDURE,出願,649,651
1,第二章　特許及び特許出願,13,第三十六条の二,PROCEDURE,出願,668,670
1,第二章　特許及び特許出願,13,第三十六条の二,PROCEDURE,出願,676,678
1,第二章　特許及び特許出願,13,第三十六条の二,PROCEDURE,出願,775,777
1,第二章　特許及び特許出願,13,第三十六条の二,PROCEDURE,出願,797,799
1,第二章　特許及び特許出願,13,第三十六条の二,PROCEDURE,要約書,844,847
1,第二章　特許及び特許出願,13,第三十六条の二,PROCEDURE,出願,889,891
1,第二章　特許及び特許出願,13,第三十六条の二,PROCEDURE,出願,908,910
1,第二章　特許及び特許出願,13,第三十六条の二,PROCEDURE,出願,921,923
1,第二章　特許及び特許出願,13,第三十六条の二,PROCEDURE,出願,945,947
1,第二章　特許及び特許出願,13,第三十六条の二,PROCEDURE,出願,955,957
1,第二章　特許及び特許出願,13,第三十六条の二,PROCEDURE,登録,979,981
1,第二章　特許及び特許出願,13,第三十六条の二,PROCEDURE,出願,987,989
1,第二章　特許及び特許出願,13,第三十六条の二,PROCEDURE,出願,1019,1021
1,第二章　特許及び特許出願,13,第三十六条の二,PROCEDURE,出願,1025,1027
1,第二章　特許及び特許出願,13,第三十六条の二,PROCEDURE,登録,1036,1038
1,第二章　特許及び特許出願,13,第三十六条の二,PROCEDURE,出願,1044,1046
1,第二章　特許及び特許出願,13,第三十六条の二,PROCEDURE,要約書,1068,1071
1,第二章　特許及び特許出願,13,第三十六条の二,PROCEDURE,要約書,1138,1141
1,第二章　特許及び特許出願,13,第三十六条の二,PROCEDURE,要約書,1207,1210
1,第二章　特許及び特許出願,13,第三十六条の二,PROCEDURE,出願,1232,1234
1,第二章　特許及び特許出願,13,第三十六条の二,PROCEDURE,出願,1235,1237
1,第二章　特許及び特許出願,13,第三十六条の二,PROCEDURE,要約書,1313,1316
1,第二章　特許及び特許出願,13,第三十六条の二,PROCEDURE,図面,1359,1361
1,第二章　特許及び特許出願,13,第三十六条の二,PROCEDURE,出願,1394,1396
1,第二章　特許及び特許出願,13,第三十六条の二,PROCEDURE,出願,1457,1459
1,第二章　特許及び特許出願,13,第三十六条の二,PROCEDURE,出願,1460,1462
1,第二章　特許及び特許出願,13,第三十六条の二,PROCEDURE,要約書,1517,1520
1,第二章　特許及び特許出願,13,第三十六条の二,PROCEDURE,明細書,1705,1708
1,第二章　特許及び特許出願,13,第三十六条の二,PROCEDURE,請求,1711,1713
1,第二章　特許及び特許出願,13,第三十六条の二,PROCEDURE,図面,1718,1720
1,第二章　特許及び特許出願,13,第三十六条の二,PROCEDURE,要約書,1733,1736
1,第二章　特許及び特許出願,13,第三十六条の二,PROCEDURE,要約書,1764,1767
1,第二章　特許及び特許出願,13,第三十六条の二,LEGAL_STATUS,出願人,303,306
1,第二章　特許及び特許出願,13,第三十六条の二,LEGAL_STATUS,出願人,1235,1238
1,第二章　特許及び特許出願,13,第三十六条の二,LEGAL_STATUS,出願人,1460,1463
1,第二章　特許及び特許出願,14,第三十七条,LAW_REFERENCE,省令,28,30
1,第二章　特許及び特許出願,14,第三十七条,ARTICLE_REFERENCE,第三十七条,0,5
1,第二章　特許及び特許出願,14,第三十七条,ARTICLE_REFERENCE,第三十七条,6,11
1,第二章　特許及び特許出願,14,第三十七条,TIME_PERIOD,以上,13,15
1,第二章　特許及び特許出願,14,第三十七条,PROCEDURE,発明,16,18
1,第二章　特許及び特許出願,14,第三十七条,PROCEDURE,発明,48,50
1,第二章　特許及び特許出願,14,第三十七条,PROCEDURE,発明,64,66
1,第二章　特許及び特許出願,14,第三十七条,PROCEDURE,出願,82,84
1,第二章　特許及び特許出願,15,第三十八条,ARTICLE_REFERENCE,第三十八条,0,5
1,第二章　特許及び特許出願,15,第三十八条,ARTICLE_REFERENCE,第三十八条,13,18
1,第二章　特許及び特許出願,15,第三十八条,PROCEDURE,出願,9,11
1,第二章　特許及び特許出願,15,第三十八条,PROCEDURE,出願,59,61
1,第二章　特許及び特許出願,15,第三十八条,LEGAL_STATUS,権利,25,27
1,第二章　特許及び特許出願,16,第三十八条の二,LAW_REFERENCE,省令,241,243
1,第二章　特許及び特許出願,16,第三十八条の二,LAW_REFERENCE,第一項に規定する方法,285,295
1,第二章　特許及び特許出願,16,第三十八条の二,LAW_REFERENCE,省令,418,420
1,第二章　特許及び特許出願,16,第三十八条の二,LAW_REFERENCE,省令,468,470
1,第二章　特許及び特許出願,16,第三十八条の二,LAW_REFERENCE,省令,676,678
1,第二章　特許及び特許出願,16,第三十八条の二,LAW_REFERENCE,省令,1043,1045
1,第二章　特許及び特許出願,16,第三十八条の二,ARTICLE_REFERENCE,第三十八条の二,0,7
1,第二章　特許及び特許出願,16,第三十八条の二,ARTICLE_REFERENCE,第三十八条の二,20,27
1,第二章　特許及び特許出願,16,第三十八条の二,ARTICLE_REFERENCE,各号,42,44
1,第二章　特許及び特許出願,16,第三十八条の二,ARTICLE_REFERENCE,第三十六条の二,226,233
1,第二章　特許及び特許出願,16,第三十八条の二,ARTICLE_REFERENCE,第一項,233,236
1,第二章　特許及び特許出願,16,第三十八条の二,ARTICLE_REFERENCE,次条,283,285
1,第二章　特許及び特許出願,16,第三十八条の二,ARTICLE_REFERENCE,第一項,285,288
1,第二章　特許及び特許出願,16,第三十八条の二,ARTICLE_REFERENCE,前項,328,330
1,第二章　特許及び特許出願,16,第三十八条の二,ARTICLE_REFERENCE,各号,330,332
1,第二章　特許及び特許出願,16,第三十八条の二,ARTICLE_REFERENCE,前項,397,399
1,第二章　特許及び特許出願,16,第三十八条の二,ARTICLE_REFERENCE,前項,448,450
1,第二章　特許及び特許出願,16,第三十八条の二,ARTICLE_REFERENCE,同項,523,525
1,第二章　特許及び特許出願,16,第三十八条の二,ARTICLE_REFERENCE,第三項,579,582
1,第二章　特許及び特許出願,16,第三十八条の二,ARTICLE_REFERENCE,第三十六条,617,622
1,第二章　特許及び特許出願,16,第三十八条の二,ARTICLE_REFERENCE,第二項,622,625
1,第二章　特許及び特許出願,16,第三十八条の二,ARTICLE_REFERENCE,第三十六条の二,661,668
1,第二章　特許及び特許出願,16,第三十八条の二,ARTICLE_REFERENCE,第一項,668,671
1,第二章　特許及び特許出願,16,第三十八条の二,ARTICLE_REFERENCE,第二項,721,724
1,第二章　特許及び特許出願,16,第三十八条の二,ARTICLE_REFERENCE,第三項,738,741
1,第二章　特許及び特許出願,16,第三十八条の二,ARTICLE_REFERENCE,第四項,840,843
1,第二章　特許及び特許出願,16,第三十八条の二,ARTICLE_REFERENCE,第五項,877,880
1,第二章　特許及び特許出願,16,第三十八条の二,ARTICLE_REFERENCE,第二項,922,925
1,第二章　特許及び特許出願,16,第三十八条の二,ARTICLE_REFERENCE,第三項,939,942
1,第二章　特許及び特許出願,16,第三十八条の二,ARTICLE_REFERENCE,第二項,996,999
1,第二章　特許及び特許出願,16,第三十八条の二,TIME_PERIOD,出願の日,11,15
1,第二章　特許及び特許出願,16,第三十八条の二,TIME_PERIOD,出願の日,78,82
1,第二章　特許及び特許出願,16,第三十八条の二,TIME_PERIOD,出願の日,820,824
1,第二章　特許及び特許出願,16,第三十八条の二,ORGANIZATION,特許庁長官,28,33
1,第二章　特許及び特許出願,16,第三十八条の二,ORGANIZATION,特許庁長官,316,321
1,第二章　特許及び特許出願,16,第三十八条の二,ORGANIZATION,特許庁長官,799,804
1,第二章　特許及び特許出願,16,第三十八条の二,ORGANIZATION,特許庁長官,915,920
1,第二章　特許及び特許出願,16,第三十八条の二,PROCEDURE,出願,11,13
1,第二章　特許及び特許出願,16,第三十八条の二,PROCEDURE,出願,37,39
1,第二章　特許及び特許出願,16,第三十八条の二,PROCEDURE,出願,62,64
1,第二章　特許及び特許出願,16,第三十八条の二,PROCEDURE,出願,78,80
1,第二章　特許及び特許出願,16,第三十八条の二,PROCEDURE,出願,134,136
1,第二章　特許及び特許出願,16,第三十八条の二,PROCEDURE,出願,162,164
1,第二章　特許及び特許出願,16,第三十八条の二,PROCEDURE,明細書,191,194
1,第二章　特許及び特許出願,16,第三十八条の二,PROCEDURE,出願,200,202
1,第二章　特許及び特許出願,16,第三十八条の二,PROCEDURE,明細書,208,211
1,第二章　特許及び特許出願,16,第三十八条の二,PROCEDURE,出願,300,302
1,第二章　特許及び特許出願,16,第三十八条の二,PROCEDURE,出願,325,327
1,第二章　特許及び特許出願,16,第三十八条の二,PROCEDURE,出願,363,365
1,第二章　特許及び特許出願,16,第三十八条の二,PROCEDURE,明細書,531,534
1,第二章　特許及び特許出願,16,第三十八条の二,PROCEDURE,明細書,560,563
1,第二章　特許及び特許出願,16,第三十八条の二,PROCEDURE,明細書,588,591
1,第二章　特許及び特許出願,16,第三十八条の二,PROCEDURE,図面,629,631
1,第二章　特許及び特許出願,16,第三十八条の二,PROCEDURE,出願,637,639
1,第二章　特許及び特許出願,16,第三十八条の二,PROCEDURE,図面,648,650
1,第二章　特許及び特許出願,16,第三十八条の二,PROCEDURE,出願,765,767
1,第二章　特許及び特許出願,16,第三十八条の二,PROCEDURE,出願,820,822
1,第二章　特許及び特許出願,16,第三十八条の二,PROCEDURE,明細書,858,861
1,第二章　特許及び特許出願,16,第三十八条の二,PROCEDURE,図面,891,893
1,第二章　特許及び特許出願,16,第三十八条の二,PROCEDURE,出願,967,969
1,第二章　特許及び特許出願,16,第三十八条の二,LEGAL_STATUS,出願人,134,137
1,第二章　特許及び特許出願,16,第三十八条の二,LEGAL_STATUS,出願人,162,165
1,第二章　特許及び特許出願,16,第三十八条の二,LEGAL_STATUS,却下,970,972
1,第二章　特許及び特許出願,17,第三十八条の三,LAW_REFERENCE,"の三
（先の特許出願を参照すべき旨を主張する方法",5,29
1,第二章　特許及び特許出願,17,第三十八条の三,LAW_REFERENCE,において「先の特許出願」という。）を参照すべき旨を主張する方法,146,177
1,第二章　特許及び特許出願,17,第三十八条の三,LAW_REFERENCE,第一項第一号又は第二号に該当する場合は、この限りでない。 ２ 前項に規定する方法により特許出願をしようとする者は、その旨及び先の特許出願に関し経済産業省令で定める事項を記載した書面を当該特許出願と同時に特許庁長官に提出しなければならない。 ３ 第一項に規定する方法により特許出願をした者は、経済産業省令で定める期間内に、当該特許出願に係る願書に添付して提出すべき明細書及び必要な図面並びに同項に規定する方法における主張に係る先の特許出願に関し経済産業省令で定める書類を提出しなければならない。 ４ 前項の規定により提出された明細書及び図面に記載した事項が、第一項に規定する方法,208,496
1,第二章　特許及び特許出願,17,第三十八条の三,ARTICLE_REFERENCE,第三十八条の三,0,7
1,第二章　特許及び特許出願,17,第三十八条の三,ARTICLE_REFERENCE,第三十八条の三,38,45
1,第二章　特許及び特許出願,17,第三十八条の三,ARTICLE_REFERENCE,第三十六条,75,80
1,第二章　特許及び特許出願,17,第三十八条の三,ARTICLE_REFERENCE,第二項,80,83
1,第二章　特許及び特許出願,17,第三十八条の三,ARTICLE_REFERENCE,前条,206,208
1,第二章　特許及び特許出願,17,第三十八条の三,ARTICLE_REFERENCE,第一項,208,211
1,第二章　特許及び特許出願,17,第三十八条の三,ARTICLE_REFERENCE,第一号,211,214
1,第二章　特許及び特許出願,17,第三十八条の三,ARTICLE_REFERENCE,第二号,216,219
1,第二章　特許及び特許出願,17,第三十八条の三,ARTICLE_REFERENCE,前項,239,241
1,第二章　特許及び特許出願,17,第三十八条の三,ARTICLE_REFERENCE,第一項,330,333
1,第二章　特許及び特許出願,17,第三十八条の三,ARTICLE_REFERENCE,同項,402,404
1,第二章　特許及び特許出願,17,第三十八条の三,ARTICLE_REFERENCE,前項,457,459
1,第二章　特許及び特許出願,17,第三十八条の三,ARTICLE_REFERENCE,第一項,486,489
1,第二章　特許及び特許出願,17,第三十八条の三,ARTICLE_REFERENCE,前条,654,656
1,第二章　特許及び特許出願,17,第三十八条の三,ARTICLE_REFERENCE,第一項,656,659
1,第二章　特許及び特許出願,17,第三十八条の三,ARTICLE_REFERENCE,前項,669,671
1,第二章　特許及び特許出願,17,第三十八条の三,ARTICLE_REFERENCE,第三項,703,706
1,第二章　特許及び特許出願,17,第三十八条の三,ARTICLE_REFERENCE,各項,748,750
1,第二章　特許及び特許出願,17,第三十八条の三,ARTICLE_REFERENCE,第四十四条,755,760
1,第二章　特許及び特許出願,17,第三十八条の三,ARTICLE_REFERENCE,第一項,760,763
1,第二章　特許及び特許出願,17,第三十八条の三,ARTICLE_REFERENCE,第四十六条,787,792
1,第二章　特許及び特許出願,17,第三十八条の三,ARTICLE_REFERENCE,第一項,792,795
1,第二章　特許及び特許出願,17,第三十八条の三,ARTICLE_REFERENCE,第二項,797,800
1,第二章　特許及び特許出願,17,第三十八条の三,ARTICLE_REFERENCE,第四十六条の二,820,827
1,第二章　特許及び特許出願,17,第三十八条の三,ARTICLE_REFERENCE,第一項,827,830
1,第二章　特許及び特許出願,17,第三十八条の三,ORGANIZATION,特許庁長官,309,314
1,第二章　特許及び特許出願,17,第三十八条の三,PROCEDURE,出願,13,15
1,第二章　特許及び特許出願,17,第三十八条の三,PROCEDURE,出願,34,36
1,第二章　特許及び特許出願,17,第三十八条の三,PROCEDURE,出願,64,66
1,第二章　特許及び特許出願,17,第三十八条の三,PROCEDURE,明細書,96,99
1,第二章　特許及び特許出願,17,第三十八条の三,PROCEDURE,図面,104,106
1,第二章　特許及び特許出願,17,第三十八条の三,PROCEDURE,出願,124,126
1,第二章　特許及び特許出願,17,第三十八条の三,PROCEDURE,出願,155,157
1,第二章　特許及び特許出願,17,第三十八条の三,PROCEDURE,出願,183,185
1,第二章　特許及び特許出願,17,第三十八条の三,PROCEDURE,出願,203,205
1,第二章　特許及び特許出願,17,第三十八条の三,PROCEDURE,出願,253,255
1,第二章　特許及び特許出願,17,第三十八条の三,PROCEDURE,出願,274,276
1,第二章　特許及び特許出願,17,第三十八条の三,PROCEDURE,出願,303,305
1,第二章　特許及び特許出願,17,第三十八条の三,PROCEDURE,出願,345,347
1,第二章　特許及び特許出願,17,第三十八条の三,PROCEDURE,出願,372,374
1,第二章　特許及び特許出願,17,第三十八条の三,PROCEDURE,明細書,389,392
1,第二章　特許及び特許出願,17,第三十八条の三,PROCEDURE,図面,397,399
1,第二章　特許及び特許出願,17,第三十八条の三,PROCEDURE,出願,424,426
1,第二章　特許及び特許出願,17,第三十八条の三,PROCEDURE,明細書,470,473
1,第二章　特許及び特許出願,17,第三十八条の三,PROCEDURE,図面,475,477
1,第二章　特許及び特許出願,17,第三十八条の三,PROCEDURE,出願,509,511
1,第二章　特許及び特許出願,17,第三十八条の三,PROCEDURE,明細書,519,522
1,第二章　特許及び特許出願,17,第三十八条の三,PROCEDURE,請求,525,527
1,第二章　特許及び特許出願,17,第三十八条の三,PROCEDURE,図面,532,534
1,第二章　特許及び特許出願,17,第三十八条の三,PROCEDURE,出願,541,543
1,第二章　特許及び特許出願,17,第三十八条の三,PROCEDURE,出願,550,552
1,第二章　特許及び特許出願,17,第三十八条の三,PROCEDURE,出願,590,592
1,第二章　特許及び特許出願,17,第三十八条の三,PROCEDURE,明細書,605,608
1,第二章　特許及び特許出願,17,第三十八条の三,PROCEDURE,請求,611,613
1,第二章　特許及び特許出願,17,第三十八条の三,PROCEDURE,図面,618,620
1,第二章　特許及び特許出願,17,第三十八条の三,PROCEDURE,出願,650,652
1,第二章　特許及び特許出願,17,第三十八条の三,PROCEDURE,明細書,677,680
1,第二章　特許及び特許出願,17,第三十八条の三,PROCEDURE,図面,682,684
1,第二章　特許及び特許出願,17,第三十八条の三,PROCEDURE,明細書,717,720
1,第二章　特許及び特許出願,17,第三十八条の三,PROCEDURE,図面,722,724
1,第二章　特許及び特許出願,17,第三十八条の三,PROCEDURE,出願,771,773
1,第二章　特許及び特許出願,17,第三十八条の三,PROCEDURE,出願,784,786
1,第二章　特許及び特許出願,17,第三十八条の三,PROCEDURE,出願,806,808
1,第二章　特許及び特許出願,17,第三十八条の三,PROCEDURE,出願,816,818
1,第二章　特許及び特許出願,17,第三十八条の三,PROCEDURE,登録,840,842
1,第二章　特許及び特許出願,17,第三十八条の三,PROCEDURE,出願,848,850
1,第二章　特許及び特許出願,18,第三十八条の四,LAW_REFERENCE,省令,129,131
1,第二章　特許及び特許出願,18,第三十八条の四,LAW_REFERENCE,省令,170,172
1,第二章　特許及び特許出願,18,第三十八条の四,LAW_REFERENCE,省令,275,277
1,第二章　特許及び特許出願,18,第三十八条の四,LAW_REFERENCE,省令,336,338
1,第二章　特許及び特許出願,18,第三十八条の四,LAW_REFERENCE,省令,673,675
1,第二章　特許及び特許出願,18,第三十八条の四,LAW_REFERENCE,省令,897,899
1,第二章　特許及び特許出願,18,第三十八条の四,ARTICLE_REFERENCE,第三十八条の四,0,7
1,第二章　特許及び特許出願,18,第三十八条の四,ARTICLE_REFERENCE,第三十八条の四,36,43
1,第二章　特許及び特許出願,18,第三十八条の四,ARTICLE_REFERENCE,第三十六条の二,114,121
1,第二章　特許及び特許出願,18,第三十八条の四,ARTICLE_REFERENCE,第一項,121,124
1,第二章　特許及び特許出願,18,第三十八条の四,ARTICLE_REFERENCE,同項,163,165
1,第二章　特許及び特許出願,18,第三十八条の四,ARTICLE_REFERENCE,前項,254,256
1,第二章　特許及び特許出願,18,第三十八条の四,ARTICLE_REFERENCE,前項,314,316
1,第二章　特許及び特許出願,18,第三十八条の四,ARTICLE_REFERENCE,第六十七条,372,377
1,第二章　特許及び特許出願,18,第三十八条の四,ARTICLE_REFERENCE,第三項,377,380
1,第二章　特許及び特許出願,18,第三十八条の四,ARTICLE_REFERENCE,第六号,380,383
1,第二章　特許及び特許出願,18,第三十八条の四,ARTICLE_REFERENCE,第一項,417,420
1,第二章　特許及び特許出願,18,第三十八条の四,ARTICLE_REFERENCE,第二項,434,437
1,第二章　特許及び特許出願,18,第三十八条の四,ARTICLE_REFERENCE,第三十八条の二,465,472
1,第二章　特許及び特許出願,18,第三十八条の四,ARTICLE_REFERENCE,第一項,472,475
1,第二章　特許及び特許出願,18,第三十八条の四,ARTICLE_REFERENCE,第六項,477,480
1,第二章　特許及び特許出願,18,第三十八条の四,ARTICLE_REFERENCE,第四十一条,522,527
1,第二章　特許及び特許出願,18,第三十八条の四,ARTICLE_REFERENCE,第一項,527,530
1,第二章　特許及び特許出願,18,第三十八条の四,ARTICLE_REFERENCE,第四十三条,544,549
1,第二章　特許及び特許出願,18,第三十八条の四,ARTICLE_REFERENCE,第一項,549,552
1,第二章　特許及び特許出願,18,第三十八条の四,ARTICLE_REFERENCE,第四十三条の二,553,560
1,第二章　特許及び特許出願,18,第三十八条の四,ARTICLE_REFERENCE,第一項,560,563
1,第二章　特許及び特許出願,18,第三十八条の四,ARTICLE_REFERENCE,第四十三条の三,564,571
1,第二章　特許及び特許出願,18,第三十八条の四,ARTICLE_REFERENCE,第三項,571,574
1,第二章　特許及び特許出願,18,第三十八条の四,ARTICLE_REFERENCE,第四十三条の三,593,600
1,第二章　特許及び特許出願,18,第三十八条の四,ARTICLE_REFERENCE,第一項,600,603
1,第二章　特許及び特許出願,18,第三十八条の四,ARTICLE_REFERENCE,第二項,607,610
1,第二章　特許及び特許出願,18,第三十八条の四,ARTICLE_REFERENCE,前項,642,644
1,第二章　特許及び特許出願,18,第三十八条の四,ARTICLE_REFERENCE,第二項,700,703
1,第二章　特許及び特許出願,18,第三十八条の四,ARTICLE_REFERENCE,第三十八条の二,715,722
1,第二章　特許及び特許出願,18,第三十八条の四,ARTICLE_REFERENCE,第一項,722,725
1,第二章　特許及び特許出願,18,第三十八条の四,ARTICLE_REFERENCE,第一号,725,728
1,第二章　特許及び特許出願,18,第三十八条の四,ARTICLE_REFERENCE,第二号,730,733
1,第二章　特許及び特許出願,18,第三十八条の四,ARTICLE_REFERENCE,第三項,758,761
1,第二章　特許及び特許出願,18,第三十八条の四,ARTICLE_REFERENCE,前項,797,799
1,第二章　特許及び特許出願,18,第三十八条の四,ARTICLE_REFERENCE,第二項,835,838
1,第二章　特許及び特許出願,18,第三十八条の四,ARTICLE_REFERENCE,第二項,881,884
1,第二章　特許及び特許出願,18,第三十八条の四,ARTICLE_REFERENCE,第三項,910,913
1,第二章　特許及び特許出願,18,第三十八条の四,ARTICLE_REFERENCE,前項,946,948
1,第二章　特許及び特許出願,18,第三十八条の四,ARTICLE_REFERENCE,第三十八条の二,995,1002
1,第二章　特許及び特許出願,18,第三十八条の四,ARTICLE_REFERENCE,第九項,1002,1005
1,第二章　特許及び特許出願,18,第三十八条の四,ARTICLE_REFERENCE,第一項,1010,1013
1,第二章　特許及び特許出願,18,第三十八条の四,ARTICLE_REFERENCE,各項,1043,1045
1,第二章　特許及び特許出願,18,第三十八条の四,ARTICLE_REFERENCE,第四十四条,1050,1055
1,第二章　特許及び特許出願,18,第三十八条の四,ARTICLE_REFERENCE,第一項,1055,1058
1,第二章　特許及び特許出願,18,第三十八条の四,ARTICLE_REFERENCE,第四十六条,1082,1087
1,第二章　特許及び特許出願,18,第三十八条の四,ARTICLE_REFERENCE,第一項,1087,1090
1,第二章　特許及び特許出願,18,第三十八条の四,ARTICLE_REFERENCE,第二項,1092,1095
1,第二章　特許及び特許出願,18,第三十八条の四,ARTICLE_REFERENCE,第四十六条の二,1115,1122
1,第二章　特許及び特許出願,18,第三十八条の四,ARTICLE_REFERENCE,第一項,1122,1125
1,第二章　特許及び特許出願,18,第三十八条の四,TIME_PERIOD,出願の日,53,57
1,第二章　特許及び特許出願,18,第三十八条の四,ORGANIZATION,特許庁長官,44,49
1,第二章　特許及び特許出願,18,第三十八条の四,PROCEDURE,明細書,9,12
1,第二章　特許及び特許出願,18,第三十八条の四,PROCEDURE,図面,14,16
1,第二章　特許及び特許出願,18,第三十八条の四,PROCEDURE,出願,53,55
1,第二章　特許及び特許出願,18,第三十八条の四,PROCEDURE,明細書,75,78
1,第二章　特許及び特許出願,18,第三十八条の四,PROCEDURE,図面,80,82
1,第二章　特許及び特許出願,18,第三十八条の四,PROCEDURE,出願,88,90
1,第二章　特許及び特許出願,18,第三十八条の四,PROCEDURE,明細書,96,99
1,第二章　特許及び特許出願,18,第三十八条の四,PROCEDURE,図面,150,152
1,第二章　特許及び特許出願,18,第三十八条の四,PROCEDURE,出願,235,237
1,第二章　特許及び特許出願,18,第三十八条の四,PROCEDURE,明細書,288,291
1,第二章　特許及び特許出願,18,第三十八条の四,PROCEDURE,図面,293,295
1,第二章　特許及び特許出願,18,第三十八条の四,PROCEDURE,明細書,349,352
1,第二章　特許及び特許出願,18,第三十八条の四,PROCEDURE,図面,354,356
1,第二章　特許及び特許出願,18,第三十八条の四,PROCEDURE,明細書,388,391
1,第二章　特許及び特許出願,18,第三十八条の四,PROCEDURE,出願,461,463
1,第二章　特許及び特許出願,18,第三十八条の四,PROCEDURE,明細書,490,493
1,第二章　特許及び特許出願,18,第三十八条の四,PROCEDURE,出願,627,629
1,第二章　特許及び特許出願,18,第三十八条の四,PROCEDURE,明細書,654,657
1,第二章　特許及び特許出願,18,第三十八条の四,PROCEDURE,出願,711,713
1,第二章　特許及び特許出願,18,第三十八条の四,PROCEDURE,明細書,767,770
1,第二章　特許及び特許出願,18,第三十八条の四,PROCEDURE,出願,793,795
1,第二章　特許及び特許出願,18,第三十八条の四,PROCEDURE,明細書,851,854
1,第二章　特許及び特許出願,18,第三十八条の四,PROCEDURE,図面,856,858
1,第二章　特許及び特許出願,18,第三十八条の四,PROCEDURE,明細書,923,926
1,第二章　特許及び特許出願,18,第三十八条の四,PROCEDURE,明細書,954,957
1,第二章　特許及び特許出願,18,第三十八条の四,PROCEDURE,出願,1066,1068
1,第二章　特許及び特許出願,18,第三十八条の四,PROCEDURE,出願,1079,1081
1,第二章　特許及び特許出願,18,第三十八条の四,PROCEDURE,出願,1101,1103
1,第二章　特許及び特許出願,18,第三十八条の四,PROCEDURE,出願,1111,1113
1,第二章　特許及び特許出願,18,第三十八条の四,PROCEDURE,登録,1135,1137
1,第二章　特許及び特許出願,18,第三十八条の四,PROCEDURE,出願,1143,1145
1,第二章　特許及び特許出願,18,第三十八条の四,LEGAL_STATUS,出願人,235,238
1,第二章　特許及び特許出願,19,第三十八条の五,ARTICLE_REFERENCE,第三十八条の五,0,7
1,第二章　特許及び特許出願,19,第三十八条の五,ARTICLE_REFERENCE,第三十八条の五,23,30
1,第二章　特許及び特許出願,19,第三十八条の五,PROCEDURE,出願,11,13
1,第二章　特許及び特許出願,19,第三十八条の五,PROCEDURE,出願,33,35
1,第二章　特許及び特許出願,19,第三十八条の五,PROCEDURE,出願,42,44
1,第二章　特許及び特許出願,19,第三十八条の五,PROCEDURE,出願,83,85
1,第二章　特許及び特許出願,19,第三十八条の五,LEGAL_STATUS,出願人,33,36
1,第二章　特許及び特許出願,20,第三十九条,ARTICLE_REFERENCE,第三十九条,0,5
1,第二章　特許及び特許出願,20,第三十九条,ARTICLE_REFERENCE,第三十九条,11,16
1,第二章　特許及び特許出願,20,第三十九条,ARTICLE_REFERENCE,第四十六条の二,371,378
1,第二章　特許及び特許出願,20,第三十九条,ARTICLE_REFERENCE,第一項,378,381
1,第二章　特許及び特許出願,20,第三十九条,ARTICLE_REFERENCE,第四十四条,402,407
1,第二章　特許及び特許出願,20,第三十九条,ARTICLE_REFERENCE,第二項,407,410
1,第二章　特許及び特許出願,20,第三十九条,ARTICLE_REFERENCE,第四十六条,411,416
1,第二章　特許及び特許出願,20,第三十九条,ARTICLE_REFERENCE,第六項,416,419
1,第二章　特許及び特許出願,20,第三十九条,ARTICLE_REFERENCE,第一項,729,732
1,第二章　特許及び特許出願,20,第三十九条,ARTICLE_REFERENCE,前項,734,736
1,第二章　特許及び特許出願,20,第三十九条,ARTICLE_REFERENCE,第二項,779,782
1,第二章　特許及び特許出願,20,第三十九条,ARTICLE_REFERENCE,前項,786,788
1,第二章　特許及び特許出願,20,第三十九条,ARTICLE_REFERENCE,第二項,844,847
1,第二章　特許及び特許出願,20,第三十九条,ARTICLE_REFERENCE,第四項,849,852
1,第二章　特許及び特許出願,20,第三十九条,ARTICLE_REFERENCE,第二項,868,871
1,第二章　特許及び特許出願,20,第三十九条,ARTICLE_REFERENCE,第四項,873,876
1,第二章　特許及び特許出願,20,第三十九条,ARTICLE_REFERENCE,前項,920,922
1,第二章　特許及び特許出願,20,第三十九条,ARTICLE_REFERENCE,同項,936,938
1,第二章　特許及び特許出願,20,第三十九条,ARTICLE_REFERENCE,第二項,953,956
1,第二章　特許及び特許出願,20,第三十九条,ARTICLE_REFERENCE,第四項,958,961
1,第二章　特許及び特許出願,20,第三十九条,TIME_PERIOD,以上,33,35
1,第二章　特許及び特許出願,20,第三十九条,TIME_PERIOD,以上,96,98
1,第二章　特許及び特許出願,20,第三十九条,TIME_PERIOD,から,732,734
1,第二章　特許及び特許出願,20,第三十九条,TIME_PERIOD,まで,736,738
1,第二章　特許及び特許出願,20,第三十九条,TIME_PERIOD,から,752,754
1,第二章　特許及び特許出願,20,第三十九条,ORGANIZATION,特許庁長官,837,842
1,第二章　特許及び特許出願,20,第三十九条,ORGANIZATION,特許庁長官,913,918
1,第二章　特許及び特許出願,20,第三十九条,PROCEDURE,発明,20,22
1,第二章　特許及び特許出願,20,第三十九条,PROCEDURE,出願,38,40
1,第二章　特許及び特許出願,20,第三十九条,PROCEDURE,出願,53,55
1,第二章　特許及び特許出願,20,第三十九条,PROCEDURE,発明,61,63
1,第二章　特許及び特許出願,20,第三十九条,PROCEDURE,発明,86,88
1,第二章　特許及び特許出願,20,第三十九条,PROCEDURE,出願,101,103
1,第二章　特許及び特許出願,20,第三十九条,PROCEDURE,出願,113,115
1,第二章　特許及び特許出願,20,第三十九条,PROCEDURE,出願,129,131
1,第二章　特許及び特許出願,20,第三十九条,PROCEDURE,発明,137,139
1,第二章　特許及び特許出願,20,第三十九条,PROCEDURE,発明,189,191
1,第二章　特許及び特許出願,20,第三十九条,PROCEDURE,出願,214,216
1,第二章　特許及び特許出願,20,第三十九条,PROCEDURE,発明,219,221
1,第二章　特許及び特許出願,20,第三十九条,PROCEDURE,登録,226,228
1,第二章　特許及び特許出願,20,第三十九条,PROCEDURE,出願,228,230
1,第二章　特許及び特許出願,20,第三十九条,PROCEDURE,考案,233,235
1,第二章　特許及び特許出願,20,第三十九条,PROCEDURE,出願,253,255
1,第二章　特許及び特許出願,20,第三十九条,PROCEDURE,登録,261,263
1,第二章　特許及び特許出願,20,第三十九条,PROCEDURE,出願,263,265
1,第二章　特許及び特許出願,20,第三十九条,PROCEDURE,出願,286,288
1,第二章　特許及び特許出願,20,第三十九条,PROCEDURE,登録,295,297
1,第二章　特許及び特許出願,20,第三十九条,PROCEDURE,出願,297,299
1,第二章　特許及び特許出願,20,第三十九条,PROCEDURE,出願,304,306
1,第二章　特許及び特許出願,20,第三十九条,PROCEDURE,発明,316,318
1,第二章　特許及び特許出願,20,第三十九条,PROCEDURE,出願,340,342
1,第二章　特許及び特許出願,20,第三十九条,PROCEDURE,発明,345,347
1,第二章　特許及び特許出願,20,第三十九条,PROCEDURE,登録,352,354
1,第二章　特許及び特許出願,20,第三十九条,PROCEDURE,出願,354,356
1,第二章　特許及び特許出願,20,第三十九条,PROCEDURE,考案,359,361
1,第二章　特許及び特許出願,20,第三十九条,PROCEDURE,登録,391,393
1,第二章　特許及び特許出願,20,第三十九条,PROCEDURE,出願,399,401
1,第二章　特許及び特許出願,20,第三十九条,PROCEDURE,出願,444,446
1,第二章　特許及び特許出願,20,第三十九条,PROCEDURE,発明,469,471
1,第二章　特許及び特許出願,20,第三十九条,PROCEDURE,登録,478,480
1,第二章　特許及び特許出願,20,第三十九条,PROCEDURE,考案,483,485
1,第二章　特許及び特許出願,20,第三十九条,PROCEDURE,出願,508,510
1,第二章　特許及び特許出願,20,第三十九条,PROCEDURE,登録,516,518
1,第二章　特許及び特許出願,20,第三十九条,PROCEDURE,出願,518,520
1,第二章　特許及び特許出願,20,第三十九条,PROCEDURE,出願,536,538
1,第二章　特許及び特許出願,20,第三十九条,PROCEDURE,出願,550,552
1,第二章　特許及び特許出願,20,第三十九条,PROCEDURE,登録,564,566
1,第二章　特許及び特許出願,20,第三十九条,PROCEDURE,出願,605,607
1,第二章　特許及び特許出願,20,第三十九条,PROCEDURE,発明,612,614
1,第二章　特許及び特許出願,20,第三十九条,PROCEDURE,出願,637,639
1,第二章　特許及び特許出願,20,第三十九条,PROCEDURE,登録,647,649
1,第二章　特許及び特許出願,20,第三十九条,PROCEDURE,出願,649,651
1,第二章　特許及び特許出願,20,第三十九条,PROCEDURE,出願,680,682
1,第二章　特許及び特許出願,20,第三十九条,PROCEDURE,出願,715,717
1,第二章　特許及び特許出願,20,第三十九条,PROCEDURE,登録,723,725
1,第二章　特許及び特許出願,20,第三十九条,PROCEDURE,出願,725,727
1,第二章　特許及び特許出願,20,第三十九条,PROCEDURE,出願,773,775
1,第二章　特許及び特許出願,20,第三十九条,PROCEDURE,出願,895,897
1,第二章　特許及び特許出願,20,第三十九条,PROCEDURE,届出,944,946
1,第二章　特許及び特許出願,20,第三十九条,LEGAL_STATUS,出願人,53,56
1,第二章　特許及び特許出願,20,第三十九条,LEGAL_STATUS,出願人,113,116
1,第二章　特許及び特許出願,20,第三十九条,LEGAL_STATUS,出願人,129,132
1,第二章　特許及び特許出願,20,第三十九条,LEGAL_STATUS,出願人,286,289
1,第二章　特許及び特許出願,20,第三十九条,LEGAL_STATUS,出願人,297,300
1,第二章　特許及び特許出願,20,第三十九条,LEGAL_STATUS,出願人,536,539
1,第二章　特許及び特許出願,20,第三十九条,LEGAL_STATUS,出願人,550,553
1,第二章　特許及び特許出願,20,第三十九条,LEGAL_STATUS,出願人,605,608
1,第二章　特許及び特許出願,20,第三十九条,LEGAL_STATUS,却下,668,670
1,第二章　特許及び特許出願,20,第三十九条,LEGAL_STATUS,拒絶,686,688
1,第二章　特許及び特許出願,20,第三十九条,LEGAL_STATUS,拒絶,803,805
1,第二章　特許及び特許出願,20,第三十九条,LEGAL_STATUS,出願人,895,898
1,第二章　特許及び特許出願,21,第四十条,ARTICLE_REFERENCE,第四十条,0,4
1,第二章　特許及び特許出願,21,第四十条,ARTICLE_REFERENCE,第四十条,5,9
1,第二章　特許及び特許出願,22,第四十一条,LAW_REFERENCE,省令,381,383
1,第二章　特許及び特許出願,22,第四十一条,LAW_REFERENCE,省令,395,397
1,第二章　特許及び特許出願,22,第四十一条,LAW_REFERENCE,の二第一項の規定による実用新案登録に基づく特許出願又は実用新案法第十一条,504,540
1,第二章　特許及び特許出願,22,第四十一条,LAW_REFERENCE,第一項において準用するこの法,540,554
1,第二章　特許及び特許出願,22,第四十一条,LAW_REFERENCE,第一項の規定による実用新案登録出願の分割に係る新たな実用新案登録出願若しくは実用新案法第十条,560,606
1,第二章　特許及び特許出願,22,第四十一条,LAW_REFERENCE,第一項若しくは第二項の規定による出願の変更に係る実用新案登録出願である場合 三 先の出願が、その特許出願の際に、放棄され、取り下げられ、又は却下されている場合 四 先の出願について、その特許出願の際に、査定又は審決が確定している場合 五 先の出願について、その特許出願の際に、実用新案法第十四条,606,753
1,第二章　特許及び特許出願,22,第四十一条,LAW_REFERENCE,第二項に規定する設定の登録がされている場合 ２ 前項の規定による優先権の主張を伴う特許出願に係る発明のうち、当該優先権の主張の基礎とされた先の出願の願書に最初に添付した明細書、特許請求の範囲若しくは実用新案登録請求の範囲又は図面（当該先の出願が外国語書面出願である場合にあつては、外国語書面）に記載された発明（当該先の出願が同項若しくは実用新案法第八条,753,929
1,第二章　特許及び特許出願,22,第四十一条,LAW_REFERENCE,の三第一項若しくは第二項（これらの規定を同法第十一条,1000,1026
1,第二章　特許及び特許出願,22,第四十一条,LAW_REFERENCE,の二第九項において準用する場合を含む。）、同法第七条,1346,1372
1,第二章　特許及び特許出願,22,第四十一条,LAW_REFERENCE,、意匠法第二十六条,1381,1390
1,第二章　特許及び特許出願,22,第四十一条,LAW_REFERENCE,第二項並びに商標法（昭和三十四年法,1406,1423
1,第二章　特許及び特許出願,22,第四十一条,LAW_REFERENCE,の三第一項（これらの規定を同法第六十八条,1456,1476
1,第二章　特許及び特許出願,22,第四十一条,LAW_REFERENCE,第三項において準用する場合を含む。）の規定の適用については、当該特許出願は、当該先の出願の時にされたものとみなす。 ３ 第一項の規定による優先権の主張を伴う特許出願の願書に最初に添付した明細書、特許請求の範囲又は図面（外国語書面出願にあつては、外国語書面）に記載された発明のうち、当該優先権の主張の基礎とされた先の出願の願書に最初に添付した明細書、特許請求の範囲若しくは実用新案登録請求の範囲又は図面（当該先の出願が外国語書面出願である場合にあつては、外国語書面）に記載された発明（当該先の出願が同項若しくは実用新案法第八条,1476,1738
1,第二章　特許及び特許出願,22,第四十一条,LAW_REFERENCE,の三第一項若しくは第二項（これらの規定を同法第十一条,1809,1835
1,第二章　特許及び特許出願,22,第四十一条,LAW_REFERENCE,又は同法第三条,2055,2062
1,第二章　特許及び特許出願,22,第四十一条,LAW_REFERENCE,省令,2126,2128
1,第二章　特許及び特許出願,22,第四十一条,ARTICLE_REFERENCE,第四十一条,0,5
1,第二章　特許及び特許出願,22,第四十一条,ARTICLE_REFERENCE,第四十一条,23,28
1,第二章　特許及び特許出願,22,第四十一条,ARTICLE_REFERENCE,第四十四条,430,435
1,第二章　特許及び特許出願,22,第四十一条,ARTICLE_REFERENCE,第一項,435,438
1,第二章　特許及び特許出願,22,第四十一条,ARTICLE_REFERENCE,第四十六条,462,467
1,第二章　特許及び特許出願,22,第四十一条,ARTICLE_REFERENCE,第一項,467,470
1,第二章　特許及び特許出願,22,第四十一条,ARTICLE_REFERENCE,第二項,474,477
1,第二章　特許及び特許出願,22,第四十一条,ARTICLE_REFERENCE,第四十六条の二,499,506
1,第二章　特許及び特許出願,22,第四十一条,ARTICLE_REFERENCE,第一項,506,509
1,第二章　特許及び特許出願,22,第四十一条,ARTICLE_REFERENCE,第十一条,536,540
1,第二章　特許及び特許出願,22,第四十一条,ARTICLE_REFERENCE,第一項,540,543
1,第二章　特許及び特許出願,22,第四十一条,ARTICLE_REFERENCE,第四十四条,555,560
1,第二章　特許及び特許出願,22,第四十一条,ARTICLE_REFERENCE,第一項,560,563
1,第二章　特許及び特許出願,22,第四十一条,ARTICLE_REFERENCE,第十条,603,606
1,第二章　特許及び特許出願,22,第四十一条,ARTICLE_REFERENCE,第一項,606,609
1,第二章　特許及び特許出願,22,第四十一条,ARTICLE_REFERENCE,第二項,613,616
1,第二章　特許及び特許出願,22,第四十一条,ARTICLE_REFERENCE,第十四条,749,753
1,第二章　特許及び特許出願,22,第四十一条,ARTICLE_REFERENCE,第二項,753,756
1,第二章　特許及び特許出願,22,第四十一条,ARTICLE_REFERENCE,前項,777,779
1,第二章　特許及び特許出願,22,第四十一条,ARTICLE_REFERENCE,同項,915,917
1,第二章　特許及び特許出願,22,第四十一条,ARTICLE_REFERENCE,第八条,926,929
1,第二章　特許及び特許出願,22,第四十一条,ARTICLE_REFERENCE,第一項,929,932
1,第二章　特許及び特許出願,22,第四十一条,ARTICLE_REFERENCE,第四十三条,946,951
1,第二章　特許及び特許出願,22,第四十一条,ARTICLE_REFERENCE,第一項,951,954
1,第二章　特許及び特許出願,22,第四十一条,ARTICLE_REFERENCE,第四十三条の二,955,962
1,第二章　特許及び特許出願,22,第四十一条,ARTICLE_REFERENCE,第一項,962,965
1,第二章　特許及び特許出願,22,第四十一条,ARTICLE_REFERENCE,第四十三条の三,966,973
1,第二章　特許及び特許出願,22,第四十一条,ARTICLE_REFERENCE,第三項,973,976
1,第二章　特許及び特許出願,22,第四十一条,ARTICLE_REFERENCE,第四十三条の三,995,1002
1,第二章　特許及び特許出願,22,第四十一条,ARTICLE_REFERENCE,第一項,1002,1005
1,第二章　特許及び特許出願,22,第四十一条,ARTICLE_REFERENCE,第二項,1009,1012
1,第二章　特許及び特許出願,22,第四十一条,ARTICLE_REFERENCE,第十一条,1022,1026
1,第二章　特許及び特許出願,22,第四十一条,ARTICLE_REFERENCE,第一項,1026,1029
1,第二章　特許及び特許出願,22,第四十一条,ARTICLE_REFERENCE,第二十九条,1166,1171
1,第二章　特許及び特許出願,22,第四十一条,ARTICLE_REFERENCE,第二十九条の二,1172,1179
1,第二章　特許及び特許出願,22,第四十一条,ARTICLE_REFERENCE,第三十条,1182,1186
1,第二章　特許及び特許出願,22,第四十一条,ARTICLE_REFERENCE,第一項,1186,1189
1,第二章　特許及び特許出願,22,第四十一条,ARTICLE_REFERENCE,第二項,1191,1194
1,第二章　特許及び特許出願,22,第四十一条,ARTICLE_REFERENCE,第三十九条,1195,1200
1,第二章　特許及び特許出願,22,第四十一条,ARTICLE_REFERENCE,第一項,1200,1203
1,第二章　特許及び特許出願,22,第四十一条,ARTICLE_REFERENCE,第四項,1205,1208
1,第二章　特許及び特許出願,22,第四十一条,ARTICLE_REFERENCE,第六十九条,1211,1216
1,第二章　特許及び特許出願,22,第四十一条,ARTICLE_REFERENCE,第二項,1216,1219
1,第二章　特許及び特許出願,22,第四十一条,ARTICLE_REFERENCE,第二号,1219,1222
1,第二章　特許及び特許出願,22,第四十一条,ARTICLE_REFERENCE,第七十二条,1223,1228
1,第二章　特許及び特許出願,22,第四十一条,ARTICLE_REFERENCE,第七十九条,1229,1234
1,第二章　特許及び特許出願,22,第四十一条,ARTICLE_REFERENCE,第八十一条,1235,1240
1,第二章　特許及び特許出願,22,第四十一条,ARTICLE_REFERENCE,第八十二条,1241,1246
1,第二章　特許及び特許出願,22,第四十一条,ARTICLE_REFERENCE,第一項,1246,1249
1,第二章　特許及び特許出願,22,第四十一条,ARTICLE_REFERENCE,第百四条,1250,1254
1,第二章　特許及び特許出願,22,第四十一条,ARTICLE_REFERENCE,第六十五条,1255,1260
1,第二章　特許及び特許出願,22,第四十一条,ARTICLE_REFERENCE,第六項,1260,1263
1,第二章　特許及び特許出願,22,第四十一条,ARTICLE_REFERENCE,第百八十四条の十,1264,1272
1,第二章　特許及び特許出願,22,第四十一条,ARTICLE_REFERENCE,第二項,1272,1275
1,第二章　特許及び特許出願,22,第四十一条,ARTICLE_REFERENCE,第百二十六条,1308,1314
1,第二章　特許及び特許出願,22,第四十一条,ARTICLE_REFERENCE,第七項,1314,1317
1,第二章　特許及び特許出願,22,第四十一条,ARTICLE_REFERENCE,第十七条の二,1318,1324
1,第二章　特許及び特許出願,22,第四十一条,ARTICLE_REFERENCE,第六項,1324,1327
1,第二章　特許及び特許出願,22,第四十一条,ARTICLE_REFERENCE,第百二十条の五,1328,1335
1,第二章　特許及び特許出願,22,第四十一条,ARTICLE_REFERENCE,第九項,1335,1338
1,第二章　特許及び特許出願,22,第四十一条,ARTICLE_REFERENCE,第百三十四条の二,1340,1348
1,第二章　特許及び特許出願,22,第四十一条,ARTICLE_REFERENCE,第九項,1348,1351
1,第二章　特許及び特許出願,22,第四十一条,ARTICLE_REFERENCE,第七条,1369,1372
1,第二章　特許及び特許出願,22,第四十一条,ARTICLE_REFERENCE,第三項,1372,1375
1,第二章　特許及び特許出願,22,第四十一条,ARTICLE_REFERENCE,第十七条,1377,1381
1,第二章　特許及び特許出願,22,第四十一条,ARTICLE_REFERENCE,第二十六条,1385,1390
1,第二章　特許及び特許出願,22,第四十一条,ARTICLE_REFERENCE,第三十一条,1391,1396
1,第二章　特許及び特許出願,22,第四十一条,ARTICLE_REFERENCE,第二項,1396,1399
1,第二章　特許及び特許出願,22,第四十一条,ARTICLE_REFERENCE,第三十二条,1401,1406
1,第二章　特許及び特許出願,22,第四十一条,ARTICLE_REFERENCE,第二項,1406,1409
1,第二章　特許及び特許出願,22,第四十一条,ARTICLE_REFERENCE,第百二十七号,1424,1430
1,第二章　特許及び特許出願,22,第四十一条,ARTICLE_REFERENCE,第二十九条,1431,1436
1,第二章　特許及び特許出願,22,第四十一条,ARTICLE_REFERENCE,第三十三条の二,1439,1446
1,第二章　特許及び特許出願,22,第四十一条,ARTICLE_REFERENCE,第一項,1446,1449
1,第二章　特許及び特許出願,22,第四十一条,ARTICLE_REFERENCE,第三十三条の三,1451,1458
1,第二章　特許及び特許出願,22,第四十一条,ARTICLE_REFERENCE,第一項,1458,1461
1,第二章　特許及び特許出願,22,第四十一条,ARTICLE_REFERENCE,第六十八条,1471,1476
1,第二章　特許及び特許出願,22,第四十一条,ARTICLE_REFERENCE,第三項,1476,1479
1,第二章　特許及び特許出願,22,第四十一条,ARTICLE_REFERENCE,第一項,1536,1539
1,第二章　特許及び特許出願,22,第四十一条,ARTICLE_REFERENCE,同項,1724,1726
1,第二章　特許及び特許出願,22,第四十一条,ARTICLE_REFERENCE,第八条,1735,1738
1,第二章　特許及び特許出願,22,第四十一条,ARTICLE_REFERENCE,第一項,1738,1741
1,第二章　特許及び特許出願,22,第四十一条,ARTICLE_REFERENCE,第四十三条,1755,1760
1,第二章　特許及び特許出願,22,第四十一条,ARTICLE_REFERENCE,第一項,1760,1763
1,第二章　特許及び特許出願,22,第四十一条,ARTICLE_REFERENCE,第四十三条の二,1764,1771
1,第二章　特許及び特許出願,22,第四十一条,ARTICLE_REFERENCE,第一項,1771,1774
1,第二章　特許及び特許出願,22,第四十一条,ARTICLE_REFERENCE,第四十三条の三,1775,1782
1,第二章　特許及び特許出願,22,第四十一条,ARTICLE_REFERENCE,第三項,1782,1785
1,第二章　特許及び特許出願,22,第四十一条,ARTICLE_REFERENCE,第四十三条の三,1804,1811
1,第二章　特許及び特許出願,22,第四十一条,ARTICLE_REFERENCE,第一項,1811,1814
1,第二章　特許及び特許出願,22,第四十一条,ARTICLE_REFERENCE,第二項,1818,1821
1,第二章　特許及び特許出願,22,第四十一条,ARTICLE_REFERENCE,第十一条,1831,1835
1,第二章　特許及び特許出願,22,第四十一条,ARTICLE_REFERENCE,第一項,1835,1838
1,第二章　特許及び特許出願,22,第四十一条,ARTICLE_REFERENCE,第二十九条の二,2046,2053
1,第二章　特許及び特許出願,22,第四十一条,ARTICLE_REFERENCE,第三条の二,2059,2064
1,第二章　特許及び特許出願,22,第四十一条,ARTICLE_REFERENCE,第一項,2078,2081
1,第二章　特許及び特許出願,22,第四十一条,TIME_PERIOD,出願の日,298,302
1,第二章　特許及び特許出願,22,第四十一条,TIME_PERIOD,から,302,304
1,第二章　特許及び特許出願,22,第四十一条,TIME_PERIOD,一年以内,304,308
1,第二章　特許及び特許出願,22,第四十一条,TIME_PERIOD,出願の日,332,336
1,第二章　特許及び特許出願,22,第四十一条,TIME_PERIOD,から,336,338
1,第二章　特許及び特許出願,22,第四十一条,TIME_PERIOD,一年以内,338,342
1,第二章　特許及び特許出願,22,第四十一条,TIME_PERIOD,から,1203,1205
1,第二章　特許及び特許出願,22,第四十一条,TIME_PERIOD,まで,1208,1210
1,第二章　特許及び特許出願,22,第四十一条,TIME_PERIOD,三十四年,1418,1422
1,第二章　特許及び特許出願,22,第四十一条,ORGANIZATION,特許庁長官,2136,2141
1,第二章　特許及び特許出願,22,第四十一条,PROCEDURE,出願,9,11
1,第二章　特許及び特許出願,22,第四十一条,PROCEDURE,出願,57,59
1,第二章　特許及び特許出願,22,第四十一条,PROCEDURE,発明,62,64
1,第二章　特許及び特許出願,22,第四十一条,PROCEDURE,登録,81,83
1,第二章　特許及び特許出願,22,第四十一条,PROCEDURE,出願,95,97
1,第二章　特許及び特許出願,22,第四十一条,PROCEDURE,登録,103,105
1,第二章　特許及び特許出願,22,第四十一条,PROCEDURE,出願,105,107
1,第二章　特許及び特許出願,22,第四十一条,PROCEDURE,出願,124,126
1,第二章　特許及び特許出願,22,第四十一条,PROCEDURE,明細書,143,146
1,第二章　特許及び特許出願,22,第四十一条,PROCEDURE,請求,149,151
1,第二章　特許及び特許出願,22,第四十一条,PROCEDURE,登録,162,164
1,第二章　特許及び特許出願,22,第四十一条,PROCEDURE,請求,164,166
1,第二章　特許及び特許出願,22,第四十一条,PROCEDURE,図面,171,173
1,第二章　特許及び特許出願,22,第四十一条,PROCEDURE,出願,176,178
1,第二章　特許及び特許出願,22,第四十一条,PROCEDURE,出願,184,186
1,第二章　特許及び特許出願,22,第四十一条,PROCEDURE,発明,209,211
1,第二章　特許及び特許出願,22,第四十一条,PROCEDURE,出願,237,239
1,第二章　特許及び特許出願,22,第四十一条,PROCEDURE,出願,265,267
1,第二章　特許及び特許出願,22,第四十一条,PROCEDURE,出願,293,295
1,第二章　特許及び特許出願,22,第四十一条,PROCEDURE,出願,298,300
1,第二章　特許及び特許出願,22,第四十一条,PROCEDURE,出願,324,326
1,第二章　特許及び特許出願,22,第四十一条,PROCEDURE,出願,332,334
1,第二章　特許及び特許出願,22,第四十一条,PROCEDURE,出願,374,376
1,第二章　特許及び特許出願,22,第四十一条,PROCEDURE,出願,427,429
1,第二章　特許及び特許出願,22,第四十一条,PROCEDURE,出願,446,448
1,第二章　特許及び特許出願,22,第四十一条,PROCEDURE,出願,459,461
1,第二章　特許及び特許出願,22,第四十一条,PROCEDURE,出願,483,485
1,第二章　特許及び特許出願,22,第四十一条,PROCEDURE,出願,493,495
1,第二章　特許及び特許出願,22,第四十一条,PROCEDURE,登録,519,521
1,第二章　特許及び特許出願,22,第四十一条,PROCEDURE,出願,527,529
1,第二章　特許及び特許出願,22,第四十一条,PROCEDURE,登録,573,575
1,第二章　特許及び特許出願,22,第四十一条,PROCEDURE,出願,575,577
1,第二章　特許及び特許出願,22,第四十一条,PROCEDURE,登録,590,592
1,第二章　特許及び特許出願,22,第四十一条,PROCEDURE,出願,592,594
1,第二章　特許及び特許出願,22,第四十一条,PROCEDURE,出願,622,624
1,第二章　特許及び特許出願,22,第四十一条,PROCEDURE,登録,634,636
1,第二章　特許及び特許出願,22,第四十一条,PROCEDURE,出願,636,638
1,第二章　特許及び特許出願,22,第四十一条,PROCEDURE,出願,648,650
1,第二章　特許及び特許出願,22,第四十一条,PROCEDURE,出願,656,658
1,第二章　特許及び特許出願,22,第四十一条,PROCEDURE,出願,690,692
1,第二章　特許及び特許出願,22,第四十一条,PROCEDURE,出願,701,703
1,第二章　特許及び特許出願,22,第四十一条,PROCEDURE,出願,727,729
1,第二章　特許及び特許出願,22,第四十一条,PROCEDURE,出願,738,740
1,第二章　特許及び特許出願,22,第四十一条,PROCEDURE,登録,764,766
1,第二章　特許及び特許出願,22,第四十一条,PROCEDURE,出願,796,798
1,第二章　特許及び特許出願,22,第四十一条,PROCEDURE,発明,801,803
1,第二章　特許及び特許出願,22,第四十一条,PROCEDURE,出願,824,826
1,第二章　特許及び特許出願,22,第四十一条,PROCEDURE,明細書,837,840
1,第二章　特許及び特許出願,22,第四十一条,PROCEDURE,請求,843,845
1,第二章　特許及び特許出願,22,第四十一条,PROCEDURE,登録,856,858
1,第二章　特許及び特許出願,22,第四十一条,PROCEDURE,請求,858,860
1,第二章　特許及び特許出願,22,第四十一条,PROCEDURE,図面,865,867
1,第二章　特許及び特許出願,22,第四十一条,PROCEDURE,出願,872,874
1,第二章　特許及び特許出願,22,第四十一条,PROCEDURE,出願,880,882
1,第二章　特許及び特許出願,22,第四十一条,PROCEDURE,発明,905,907
1,第二章　特許及び特許出願,22,第四十一条,PROCEDURE,出願,912,914
1,第二章　特許及び特許出願,22,第四十一条,PROCEDURE,出願,1059,1061
1,第二章　特許及び特許出願,22,第四十一条,PROCEDURE,出願,1073,1075
1,第二章　特許及び特許出願,22,第四十一条,PROCEDURE,出願,1093,1095
1,第二章　特許及び特許出願,22,第四十一条,PROCEDURE,出願,1098,1100
1,第二章　特許及び特許出願,22,第四十一条,PROCEDURE,明細書,1106,1109
1,第二章　特許及び特許出願,22,第四十一条,PROCEDURE,請求,1112,1114
1,第二章　特許及び特許出願,22,第四十一条,PROCEDURE,登録,1125,1127
1,第二章　特許及び特許出願,22,第四十一条,PROCEDURE,請求,1127,1129
1,第二章　特許及び特許出願,22,第四十一条,PROCEDURE,図面,1134,1136
1,第二章　特許及び特許出願,22,第四十一条,PROCEDURE,発明,1154,1156
1,第二章　特許及び特許出願,22,第四十一条,PROCEDURE,意匠,1382,1384
1,第二章　特許及び特許出願,22,第四十一条,PROCEDURE,商標,1412,1414
1,第二章　特許及び特許出願,22,第四十一条,PROCEDURE,出願,1510,1512
1,第二章　特許及び特許出願,22,第四十一条,PROCEDURE,出願,1518,1520
1,第二章　特許及び特許出願,22,第四十一条,PROCEDURE,出願,1556,1558
1,第二章　特許及び特許出願,22,第四十一条,PROCEDURE,明細書,1569,1572
1,第二章　特許及び特許出願,22,第四十一条,PROCEDURE,請求,1575,1577
1,第二章　特許及び特許出願,22,第四十一条,PROCEDURE,図面,1582,1584
1,第二章　特許及び特許出願,22,第四十一条,PROCEDURE,出願,1590,1592
1,第二章　特許及び特許出願,22,第四十一条,PROCEDURE,発明,1610,1612
1,第二章　特許及び特許出願,22,第四十一条,PROCEDURE,出願,1633,1635
1,第二章　特許及び特許出願,22,第四十一条,PROCEDURE,明細書,1646,1649
1,第二章　特許及び特許出願,22,第四十一条,PROCEDURE,請求,1652,1654
1,第二章　特許及び特許出願,22,第四十一条,PROCEDURE,登録,1665,1667
1,第二章　特許及び特許出願,22,第四十一条,PROCEDURE,請求,1667,1669
1,第二章　特許及び特許出願,22,第四十一条,PROCEDURE,図面,1674,1676
1,第二章　特許及び特許出願,22,第四十一条,PROCEDURE,出願,1681,1683
1,第二章　特許及び特許出願,22,第四十一条,PROCEDURE,出願,1689,1691
1,第二章　特許及び特許出願,22,第四十一条,PROCEDURE,発明,1714,1716
1,第二章　特許及び特許出願,22,第四十一条,PROCEDURE,出願,1721,1723
1,第二章　特許及び特許出願,22,第四十一条,PROCEDURE,出願,1868,1870
1,第二章　特許及び特許出願,22,第四十一条,PROCEDURE,出願,1882,1884
1,第二章　特許及び特許出願,22,第四十一条,PROCEDURE,出願,1902,1904
1,第二章　特許及び特許出願,22,第四十一条,PROCEDURE,出願,1907,1909
1,第二章　特許及び特許出願,22,第四十一条,PROCEDURE,明細書,1915,1918
1,第二章　特許及び特許出願,22,第四十一条,PROCEDURE,請求,1921,1923
1,第二章　特許及び特許出願,22,第四十一条,PROCEDURE,登録,1934,1936
1,第二章　特許及び特許出願,22,第四十一条,PROCEDURE,請求,1936,1938
1,第二章　特許及び特許出願,22,第四十一条,PROCEDURE,図面,1943,1945
1,第二章　特許及び特許出願,22,第四十一条,PROCEDURE,発明,1963,1965
1,第二章　特許及び特許出願,22,第四十一条,PROCEDURE,出願,1980,1982
1,第二章　特許及び特許出願,22,第四十一条,PROCEDURE,出願,1997,1999
1,第二章　特許及び特許出願,22,第四十一条,PROCEDURE,出願,2011,2013
1,第二章　特許及び特許出願,22,第四十一条,PROCEDURE,出願,2017,2019
1,第二章　特許及び特許出願,22,第四十一条,PROCEDURE,出願,2109,2111
1,第二章　特許及び特許出願,22,第四十一条,LEGAL_STATUS,権利,87,89
1,第二章　特許及び特許出願,22,第四十一条,LEGAL_STATUS,却下,676,678
1,第二章　特許及び特許出願,23,第四十二条,LAW_REFERENCE,第一項の規定による優先権の主張の基礎とされた先の出願は、その出願の日から経済産業省令で定める期間を経過した時に取り下げたものとみなす。ただし、当該先の出願が放棄され、取り下げられ、若しくは却下されている場合、当該先の出願について査定若しくは審決が確定している場合、当該先の出願について実用新案法第十四条,26,177
1,第二章　特許及び特許出願,23,第四十二条,LAW_REFERENCE,省令,287,289
1,第二章　特許及び特許出願,23,第四十二条,LAW_REFERENCE,省令,361,363
1,第二章　特許及び特許出願,23,第四十二条,ARTICLE_REFERENCE,第四十二条,0,5
1,第二章　特許及び特許出願,23,第四十二条,ARTICLE_REFERENCE,第四十二条,18,23
1,第二章　特許及び特許出願,23,第四十二条,ARTICLE_REFERENCE,前条,24,26
1,第二章　特許及び特許出願,23,第四十二条,ARTICLE_REFERENCE,第一項,26,29
1,第二章　特許及び特許出願,23,第四十二条,ARTICLE_REFERENCE,第十四条,173,177
1,第二章　特許及び特許出願,23,第四十二条,ARTICLE_REFERENCE,第二項,177,180
1,第二章　特許及び特許出願,23,第四十二条,ARTICLE_REFERENCE,前条,245,247
1,第二章　特許及び特許出願,23,第四十二条,ARTICLE_REFERENCE,第一項,247,250
1,第二章　特許及び特許出願,23,第四十二条,ARTICLE_REFERENCE,前条,324,326
1,第二章　特許及び特許出願,23,第四十二条,ARTICLE_REFERENCE,第一項,326,329
1,第二章　特許及び特許出願,23,第四十二条,TIME_PERIOD,出願の日,56,60
1,第二章　特許及び特許出願,23,第四十二条,TIME_PERIOD,から,60,62
1,第二章　特許及び特許出願,23,第四十二条,TIME_PERIOD,を経過,74,77
1,第二章　特許及び特許出願,23,第四十二条,TIME_PERIOD,出願の日,277,281
1,第二章　特許及び特許出願,23,第四十二条,TIME_PERIOD,から,281,283
1,第二章　特許及び特許出願,23,第四十二条,TIME_PERIOD,を経過,295,298
1,第二章　特許及び特許出願,23,第四十二条,TIME_PERIOD,出願の日,351,355
1,第二章　特許及び特許出願,23,第四十二条,TIME_PERIOD,から,355,357
1,第二章　特許及び特許出願,23,第四十二条,PROCEDURE,出願,9,11
1,第二章　特許及び特許出願,23,第四十二条,PROCEDURE,出願,50,52
1,第二章　特許及び特許出願,23,第四十二条,PROCEDURE,出願,56,58
1,第二章　特許及び特許出願,23,第四十二条,PROCEDURE,出願,101,103
1,第二章　特許及び特許出願,23,第四十二条,PROCEDURE,出願,134,136
1,第二章　特許及び特許出願,23,第四十二条,PROCEDURE,出願,162,164
1,第二章　特許及び特許出願,23,第四十二条,PROCEDURE,登録,188,190
1,第二章　特許及び特許出願,23,第四十二条,PROCEDURE,出願,204,206
1,第二章　特許及び特許出願,23,第四十二条,PROCEDURE,出願,267,269
1,第二章　特許及び特許出願,23,第四十二条,PROCEDURE,出願,270,272
1,第二章　特許及び特許出願,23,第四十二条,PROCEDURE,出願,277,279
1,第二章　特許及び特許出願,23,第四十二条,PROCEDURE,出願,346,348
1,第二章　特許及び特許出願,23,第四十二条,PROCEDURE,出願,351,353
1,第二章　特許及び特許出願,23,第四十二条,LEGAL_STATUS,却下,120,122
1,第二章　特許及び特許出願,23,第四十二条,LEGAL_STATUS,出願人,270,273
1,第二章　特許及び特許出願,24,第四十三条,LAW_REFERENCE,省令,175,177
1,第二章　特許及び特許出願,24,第四十三条,LAW_REFERENCE,Ａ（２）の規定により最初の出願と認められた出願の番号を記載した書面を前項に規定する書類とともに特許庁長官に提出しなければならない。ただし、同項に規定する書類の提出前にその番号を知ることができないときは、当該書面に代えてその理由を記載した書面を提出し、かつ、その番号を知つたときは、遅滞なく、その番号を記載した書面を提出しなければならない。 ４ 第一項の規定による優先権の主張をした者が第二項に規定する期間内に同項に規定する書類を提出しないときは、当該優先権の主張は、その効力を失う。 ５ 第二項に規定する書類に記載されている事項を電磁的方法（電子的方法、磁気的方法その他の人の知覚によつて認識することができない方法,773,1080
1,第二章　特許及び特許出願,24,第四十三条,LAW_REFERENCE,省令,1137,1139
1,第二章　特許及び特許出願,24,第四十三条,LAW_REFERENCE,省令,1217,1219
1,第二章　特許及び特許出願,24,第四十三条,LAW_REFERENCE,省令,1401,1403
1,第二章　特許及び特許出願,24,第四十三条,LAW_REFERENCE,省令,1559,1561
1,第二章　特許及び特許出願,24,第四十三条,ARTICLE_REFERENCE,第四十三条,0,5
1,第二章　特許及び特許出願,24,第四十三条,ARTICLE_REFERENCE,第四十三条,24,29
1,第二章　特許及び特許出願,24,第四十三条,ARTICLE_REFERENCE,第四条,34,37
1,第二章　特許及び特許出願,24,第四十三条,ARTICLE_REFERENCE,同条,87,89
1,第二章　特許及び特許出願,24,第四十三条,ARTICLE_REFERENCE,同条,116,118
1,第二章　特許及び特許出願,24,第四十三条,ARTICLE_REFERENCE,前項,206,208
1,第二章　特許及び特許出願,24,第四十三条,ARTICLE_REFERENCE,第四条,242,245
1,第二章　特許及び特許出願,24,第四十三条,ARTICLE_REFERENCE,同条,275,277
1,第二章　特許及び特許出願,24,第四十三条,ARTICLE_REFERENCE,各号,427,429
1,第二章　特許及び特許出願,24,第四十三条,ARTICLE_REFERENCE,第四条,486,489
1,第二章　特許及び特許出願,24,第四十三条,ARTICLE_REFERENCE,同条,516,518
1,第二章　特許及び特許出願,24,第四十三条,ARTICLE_REFERENCE,第四十一条,555,560
1,第二章　特許及び特許出願,24,第四十三条,ARTICLE_REFERENCE,第一項,560,563
1,第二章　特許及び特許出願,24,第四十三条,ARTICLE_REFERENCE,前項,612,614
1,第二章　特許及び特許出願,24,第四十三条,ARTICLE_REFERENCE,次条,615,617
1,第二章　特許及び特許出願,24,第四十三条,ARTICLE_REFERENCE,第一項,617,620
1,第二章　特許及び特許出願,24,第四十三条,ARTICLE_REFERENCE,第四十三条の三,621,628
1,第二章　特許及び特許出願,24,第四十三条,ARTICLE_REFERENCE,第三項,628,631
1,第二章　特許及び特許出願,24,第四十三条,ARTICLE_REFERENCE,第四十三条の三,648,655
1,第二章　特許及び特許出願,24,第四十三条,ARTICLE_REFERENCE,第一項,655,658
1,第二章　特許及び特許出願,24,第四十三条,ARTICLE_REFERENCE,第二項,662,665
1,第二章　特許及び特許出願,24,第四十三条,ARTICLE_REFERENCE,第一項,709,712
1,第二章　特許及び特許出願,24,第四十三条,ARTICLE_REFERENCE,第四条,743,746
1,第二章　特許及び特許出願,24,第四十三条,ARTICLE_REFERENCE,同条,771,773
1,第二章　特許及び特許出願,24,第四十三条,ARTICLE_REFERENCE,前項,807,809
1,第二章　特許及び特許出願,24,第四十三条,ARTICLE_REFERENCE,同項,842,844
1,第二章　特許及び特許出願,24,第四十三条,ARTICLE_REFERENCE,第一項,945,948
1,第二章　特許及び特許出願,24,第四十三条,ARTICLE_REFERENCE,第二項,965,968
1,第二章　特許及び特許出願,24,第四十三条,ARTICLE_REFERENCE,同項,977,979
1,第二章　特許及び特許出願,24,第四十三条,ARTICLE_REFERENCE,第二項,1017,1020
1,第二章　特許及び特許出願,24,第四十三条,ARTICLE_REFERENCE,第一項,1150,1153
1,第二章　特許及び特許出願,24,第四十三条,ARTICLE_REFERENCE,第二項,1171,1174
1,第二章　特許及び特許出願,24,第四十三条,ARTICLE_REFERENCE,第二項,1262,1265
1,第二章　特許及び特許出願,24,第四十三条,ARTICLE_REFERENCE,第二項,1294,1297
1,第二章　特許及び特許出願,24,第四十三条,ARTICLE_REFERENCE,同項,1306,1308
1,第二章　特許及び特許出願,24,第四十三条,ARTICLE_REFERENCE,前項,1317,1319
1,第二章　特許及び特許出願,24,第四十三条,ARTICLE_REFERENCE,第一項,1338,1341
1,第二章　特許及び特許出願,24,第四十三条,ARTICLE_REFERENCE,前項,1380,1382
1,第二章　特許及び特許出願,24,第四十三条,ARTICLE_REFERENCE,第二項,1414,1417
1,第二章　特許及び特許出願,24,第四十三条,ARTICLE_REFERENCE,第五項,1426,1429
1,第二章　特許及び特許出願,24,第四十三条,ARTICLE_REFERENCE,第六項,1457,1460
1,第二章　特許及び特許出願,24,第四十三条,ARTICLE_REFERENCE,前項,1494,1496
1,第二章　特許及び特許出願,24,第四十三条,ARTICLE_REFERENCE,第二項,1505,1508
1,第二章　特許及び特許出願,24,第四十三条,ARTICLE_REFERENCE,第五項,1517,1520
1,第二章　特許及び特許出願,24,第四十三条,ARTICLE_REFERENCE,前項,1543,1545
1,第二章　特許及び特許出願,24,第四十三条,ARTICLE_REFERENCE,第七項,1599,1602
1,第二章　特許及び特許出願,24,第四十三条,ARTICLE_REFERENCE,前項,1604,1606
1,第二章　特許及び特許出願,24,第四十三条,ARTICLE_REFERENCE,第二項,1612,1615
1,第二章　特許及び特許出願,24,第四十三条,ARTICLE_REFERENCE,第五項,1624,1627
1,第二章　特許及び特許出願,24,第四十三条,ARTICLE_REFERENCE,第四項,1645,1648
1,第二章　特許及び特許出願,24,第四十三条,TIME_PERIOD,から,441,443
1,第二章　特許及び特許出願,24,第四十三条,TIME_PERIOD,一年四月,443,447
1,第二章　特許及び特許出願,24,第四十三条,TIME_PERIOD,四月以内,445,449
1,第二章　特許及び特許出願,24,第四十三条,TIME_PERIOD,出願の日,541,545
1,第二章　特許及び特許出願,24,第四十三条,TIME_PERIOD,出願の日,598,602
1,第二章　特許及び特許出願,24,第四十三条,TIME_PERIOD,出願の日,702,706
1,第二章　特許及び特許出願,24,第四十三条,TIME_PERIOD,遅滞なく,913,917
1,第二章　特許及び特許出願,24,第四十三条,ORGANIZATION,特許庁長官,185,190
1,第二章　特許及び特許出願,24,第四十三条,ORGANIZATION,特許庁長官,450,455
1,第二章　特許及び特許出願,24,第四十三条,ORGANIZATION,特許庁長官,820,825
1,第二章　特許及び特許出願,24,第四十三条,ORGANIZATION,特許庁長官,1233,1238
1,第二章　特許及び特許出願,24,第四十三条,ORGANIZATION,特許庁長官,1287,1292
1,第二章　特許及び特許出願,24,第四十三条,ORGANIZATION,特許庁長官,1437,1442
1,第二章　特許及び特許出願,24,第四十三条,ORGANIZATION,特許庁長官,1579,1584
1,第二章　特許及び特許出願,24,第四十三条,PROCEDURE,出願,49,51
1,第二章　特許及び特許出願,24,第四十三条,PROCEDURE,出願,79,81
1,第二章　特許及び特許出願,24,第四十三条,PROCEDURE,出願,102,104
1,第二章　特許及び特許出願,24,第四十三条,PROCEDURE,出願,110,112
1,第二章　特許及び特許出願,24,第四十三条,PROCEDURE,出願,131,133
1,第二章　特許及び特許出願,24,第四十三条,PROCEDURE,出願,157,159
1,第二章　特許及び特許出願,24,第四十三条,PROCEDURE,出願,229,231
1,第二章　特許及び特許出願,24,第四十三条,PROCEDURE,出願,258,260
1,第二章　特許及び特許出願,24,第四十三条,PROCEDURE,出願,266,268
1,第二章　特許及び特許出願,24,第四十三条,PROCEDURE,出願,290,292
1,第二章　特許及び特許出願,24,第四十三条,PROCEDURE,出願,317,319
1,第二章　特許及び特許出願,24,第四十三条,PROCEDURE,出願,333,335
1,第二章　特許及び特許出願,24,第四十三条,PROCEDURE,明細書,341,344
1,第二章　特許及び特許出願,24,第四十三条,PROCEDURE,請求,347,349
1,第二章　特許及び特許出願,24,第四十三条,PROCEDURE,登録,360,362
1,第二章　特許及び特許出願,24,第四十三条,PROCEDURE,請求,362,364
1,第二章　特許及び特許出願,24,第四十三条,PROCEDURE,図面,369,371
1,第二章　特許及び特許出願,24,第四十三条,PROCEDURE,出願,476,478
1,第二章　特許及び特許出願,24,第四十三条,PROCEDURE,出願,504,506
1,第二章　特許及び特許出願,24,第四十三条,PROCEDURE,出願,512,514
1,第二章　特許及び特許出願,24,第四十三条,PROCEDURE,出願,533,535
1,第二章　特許及び特許出願,24,第四十三条,PROCEDURE,出願,541,543
1,第二章　特許及び特許出願,24,第四十三条,PROCEDURE,出願,552,554
1,第二章　特許及び特許出願,24,第四十三条,PROCEDURE,出願,598,600
1,第二章　特許及び特許出願,24,第四十三条,PROCEDURE,出願,609,611
1,第二章　特許及び特許出願,24,第四十三条,PROCEDURE,出願,702,704
1,第二章　特許及び特許出願,24,第四十三条,PROCEDURE,出願,733,735
1,第二章　特許及び特許出願,24,第四十三条,PROCEDURE,出願,759,761
1,第二章　特許及び特許出願,24,第四十三条,PROCEDURE,出願,767,769
1,第二章　特許及び特許出願,24,第四十三条,PROCEDURE,出願,786,788
1,第二章　特許及び特許出願,24,第四十三条,PROCEDURE,出願,794,796
1,第二章　特許及び特許出願,24,第四十三条,PROCEDURE,出願,1184,1186
1,第二章　特許及び特許出願,24,第四十三条,LEGAL_STATUS,効力,1008,1010
1,第二章　特許及び特許出願,25,第四十三条の二,LAW_REFERENCE,省令,148,150
1,第二章　特許及び特許出願,25,第四十三条の二,LAW_REFERENCE,省令,162,164
1,第二章　特許及び特許出願,25,第四十三条の二,ARTICLE_REFERENCE,第四十三条の二,0,7
1,第二章　特許及び特許出願,25,第四十三条の二,ARTICLE_REFERENCE,第四十三条の二,25,32
1,第二章　特許及び特許出願,25,第四十三条の二,ARTICLE_REFERENCE,第四条,37,40
1,第二章　特許及び特許出願,25,第四十三条の二,ARTICLE_REFERENCE,同条,78,80
1,第二章　特許及び特許出願,25,第四十三条の二,ARTICLE_REFERENCE,同条,201,203
1,第二章　特許及び特許出願,25,第四十三条の二,ARTICLE_REFERENCE,前条,284,286
1,第二章　特許及び特許出願,25,第四十三条の二,ARTICLE_REFERENCE,前項,291,293
1,第二章　特許及び特許出願,25,第四十三条の二,PROCEDURE,出願,52,54
1,第二章　特許及び特許出願,25,第四十三条の二,PROCEDURE,出願,127,129
1,第二章　特許及び特許出願,25,第四十三条の二,PROCEDURE,出願,178,180
1,第二章　特許及び特許出願,25,第四十三条の二,PROCEDURE,出願,216,218
1,第二章　特許及び特許出願,25,第四十三条の二,PROCEDURE,出願,255,257
1,第二章　特許及び特許出願,26,第四十三条の三,ARTICLE_REFERENCE,第四十三条の三,0,7
1,第二章　特許及び特許出願,26,第四十三条の三,ARTICLE_REFERENCE,第四十三条の三,8,15
1,第二章　特許及び特許出願,26,第四十三条の三,ARTICLE_REFERENCE,第四条,59,62
1,第二章　特許及び特許出願,26,第四十三条の三,ARTICLE_REFERENCE,第三条,117,120
1,第二章　特許及び特許出願,26,第四十三条の三,ARTICLE_REFERENCE,次項,143,145
1,第二章　特許及び特許出願,26,第四十三条の三,ARTICLE_REFERENCE,第一条,202,205
1,第二章　特許及び特許出願,26,第四十三条の三,ARTICLE_REFERENCE,次項,221,223
1,第二章　特許及び特許出願,26,第四十三条の三,ARTICLE_REFERENCE,第四条,452,455
1,第二章　特許及び特許出願,26,第四十三条の三,ORGANIZATION,特許庁長官,332,337
1,第二章　特許及び特許出願,26,第四十三条の三,PROCEDURE,出願,44,46
1,第二章　特許及び特許出願,26,第四十三条の三,PROCEDURE,出願,73,75
1,第二章　特許及び特許出願,26,第四十三条の三,PROCEDURE,出願,382,384
1,第二章　特許及び特許出願,26,第四十三条の三,PROCEDURE,出願,437,439
1,第二章　特許及び特許出願,26,第四十三条の三,PROCEDURE,出願,466,468
1,第二章　特許及び特許出願,27,第四十四条,LAW_REFERENCE,の二に規定する他の特許出願又は実用新案法第三条,351,374
1,第二章　特許及び特許出願,27,第四十四条,ARTICLE_REFERENCE,第四十四条,0,5
1,第二章　特許及び特許出願,27,第四十四条,ARTICLE_REFERENCE,第四十四条,16,21
1,第二章　特許及び特許出願,27,第四十四条,ARTICLE_REFERENCE,第百六十三条,149,155
1,第二章　特許及び特許出願,27,第四十四条,ARTICLE_REFERENCE,第三項,155,158
1,第二章　特許及び特許出願,27,第四十四条,ARTICLE_REFERENCE,第五十一条,166,171
1,第二章　特許及び特許出願,27,第四十四条,ARTICLE_REFERENCE,第百六十条,189,194
1,第二章　特許及び特許出願,27,第四十四条,ARTICLE_REFERENCE,第一項,194,197
1,第二章　特許及び特許出願,27,第四十四条,ARTICLE_REFERENCE,前項,299,301
1,第二章　特許及び特許出願,27,第四十四条,ARTICLE_REFERENCE,第二十九条の二,346,353
1,第二章　特許及び特許出願,27,第四十四条,ARTICLE_REFERENCE,第三条の二,371,376
1,第二章　特許及び特許出願,27,第四十四条,ARTICLE_REFERENCE,第三十条,407,411
1,第二章　特許及び特許出願,27,第四十四条,ARTICLE_REFERENCE,第三項,411,414
1,第二章　特許及び特許出願,27,第四十四条,ARTICLE_REFERENCE,第一項,437,440
1,第二章　特許及び特許出願,27,第四十四条,ARTICLE_REFERENCE,第四十三条,461,466
1,第二章　特許及び特許出願,27,第四十四条,ARTICLE_REFERENCE,第二項,466,469
1,第二章　特許及び特許出願,27,第四十四条,ARTICLE_REFERENCE,第四十三条の二,470,477
1,第二章　特許及び特許出願,27,第四十四条,ARTICLE_REFERENCE,第二項,477,480
1,第二章　特許及び特許出願,27,第四十四条,ARTICLE_REFERENCE,前条,481,483
1,第二章　特許及び特許出願,27,第四十四条,ARTICLE_REFERENCE,第三項,483,486
1,第二章　特許及び特許出願,27,第四十四条,ARTICLE_REFERENCE,前条,503,505
1,第二章　特許及び特許出願,27,第四十四条,ARTICLE_REFERENCE,第三項,505,508
1,第二章　特許及び特許出願,27,第四十四条,ARTICLE_REFERENCE,第四十三条,535,540
1,第二章　特許及び特許出願,27,第四十四条,ARTICLE_REFERENCE,第二項,540,543
1,第二章　特許及び特許出願,27,第四十四条,ARTICLE_REFERENCE,第一項,608,611
1,第二章　特許及び特許出願,27,第四十四条,ARTICLE_REFERENCE,第三十条,669,673
1,第二章　特許及び特許出願,27,第四十四条,ARTICLE_REFERENCE,第三項,673,676
1,第二章　特許及び特許出願,27,第四十四条,ARTICLE_REFERENCE,第四十一条,677,682
1,第二章　特許及び特許出願,27,第四十四条,ARTICLE_REFERENCE,第四項,682,685
1,第二章　特許及び特許出願,27,第四十四条,ARTICLE_REFERENCE,第四十三条,687,692
1,第二章　特許及び特許出願,27,第四十四条,ARTICLE_REFERENCE,第一項,692,695
1,第二章　特許及び特許出願,27,第四十四条,ARTICLE_REFERENCE,第二項,697,700
1,第二章　特許及び特許出願,27,第四十四条,ARTICLE_REFERENCE,第四十三条の二,708,715
1,第二章　特許及び特許出願,27,第四十四条,ARTICLE_REFERENCE,第二項,715,718
1,第二章　特許及び特許出願,27,第四十四条,ARTICLE_REFERENCE,前条,719,721
1,第二章　特許及び特許出願,27,第四十四条,ARTICLE_REFERENCE,第三項,721,724
1,第二章　特許及び特許出願,27,第四十四条,ARTICLE_REFERENCE,前条,741,743
1,第二章　特許及び特許出願,27,第四十四条,ARTICLE_REFERENCE,第三項,743,746
1,第二章　特許及び特許出願,27,第四十四条,ARTICLE_REFERENCE,第一項,816,819
1,第二章　特許及び特許出願,27,第四十四条,ARTICLE_REFERENCE,第二号,819,822
1,第二章　特許及び特許出願,27,第四十四条,ARTICLE_REFERENCE,第四条,835,838
1,第二章　特許及び特許出願,27,第四十四条,ARTICLE_REFERENCE,第百八条,840,844
1,第二章　特許及び特許出願,27,第四十四条,ARTICLE_REFERENCE,第三項,844,847
1,第二章　特許及び特許出願,27,第四十四条,ARTICLE_REFERENCE,同条,853,855
1,第二章　特許及び特許出願,27,第四十四条,ARTICLE_REFERENCE,第一項,855,858
1,第二章　特許及び特許出願,27,第四十四条,ARTICLE_REFERENCE,第一項,903,906
1,第二章　特許及び特許出願,27,第四十四条,ARTICLE_REFERENCE,第三号,906,909
1,第二章　特許及び特許出願,27,第四十四条,ARTICLE_REFERENCE,第四条,921,924
1,第二章　特許及び特許出願,27,第四十四条,ARTICLE_REFERENCE,第百二十一条,930,936
1,第二章　特許及び特許出願,27,第四十四条,ARTICLE_REFERENCE,第一項,936,939
1,第二章　特許及び特許出願,27,第四十四条,ARTICLE_REFERENCE,第一項,984,987
1,第二章　特許及び特許出願,27,第四十四条,ARTICLE_REFERENCE,同項,1024,1026
1,第二章　特許及び特許出願,27,第四十四条,ARTICLE_REFERENCE,第二号,1026,1029
1,第二章　特許及び特許出願,27,第四十四条,ARTICLE_REFERENCE,第三号,1031,1034
1,第二章　特許及び特許出願,27,第四十四条,TIME_PERIOD,以上,41,43
1,第二章　特許及び特許出願,27,第四十四条,TIME_PERIOD,以上,63,65
1,第二章　特許及び特許出願,27,第四十四条,TIME_PERIOD,から,244,246
1,第二章　特許及び特許出願,27,第四十四条,TIME_PERIOD,三十日以内,246,251
1,第二章　特許及び特許出願,27,第四十四条,TIME_PERIOD,から,284,286
1,第二章　特許及び特許出願,27,第四十四条,TIME_PERIOD,三月以内,286,290
1,第二章　特許及び特許出願,27,第四十四条,TIME_PERIOD,から,549,551
1,第二章　特許及び特許出願,27,第四十四条,TIME_PERIOD,一年四月,551,555
1,第二章　特許及び特許出願,27,第四十四条,TIME_PERIOD,四月以内,553,557
1,第二章　特許及び特許出願,27,第四十四条,TIME_PERIOD,から,569,571
1,第二章　特許及び特許出願,27,第四十四条,TIME_PERIOD,一年四月,571,575
1,第二章　特許及び特許出願,27,第四十四条,TIME_PERIOD,出願の日,582,586
1,第二章　特許及び特許出願,27,第四十四条,TIME_PERIOD,から,586,588
1,第二章　特許及び特許出願,27,第四十四条,TIME_PERIOD,三月,588,590
1,第二章　特許及び特許出願,27,第四十四条,TIME_PERIOD,まで,598,600
1,第二章　特許及び特許出願,27,第四十四条,TIME_PERIOD,三十日,827,830
1,第二章　特許及び特許出願,27,第四十四条,TIME_PERIOD,三月,914,916
1,第二章　特許及び特許出願,27,第四十四条,TIME_PERIOD,から,1090,1092
1,第二章　特許及び特許出願,27,第四十四条,TIME_PERIOD,十四日,1092,1095
1,第二章　特許及び特許出願,27,第四十四条,TIME_PERIOD,二月,1105,1107
1,第二章　特許及び特許出願,27,第四十四条,TIME_PERIOD,以内,1108,1110
1,第二章　特許及び特許出願,27,第四十四条,TIME_PERIOD,六月以内,1128,1132
1,第二章　特許及び特許出願,27,第四十四条,ORGANIZATION,特許庁長官,795,800
1,第二章　特許及び特許出願,27,第四十四条,PROCEDURE,出願,9,11
1,第二章　特許及び特許出願,27,第四十四条,PROCEDURE,出願,24,26
1,第二章　特許及び特許出願,27,第四十四条,PROCEDURE,発明,44,46
1,第二章　特許及び特許出願,27,第四十四条,PROCEDURE,出願,53,55
1,第二章　特許及び特許出願,27,第四十四条,PROCEDURE,出願,71,73
1,第二章　特許及び特許出願,27,第四十四条,PROCEDURE,明細書,93,96
1,第二章　特許及び特許出願,27,第四十四条,PROCEDURE,請求,99,101
1,第二章　特許及び特許出願,27,第四十四条,PROCEDURE,図面,106,108
1,第二章　特許及び特許出願,27,第四十四条,PROCEDURE,審査,202,204
1,第二章　特許及び特許出願,27,第四十四条,PROCEDURE,出願,211,213
1,第二章　特許及び特許出願,27,第四十四条,PROCEDURE,出願,311,313
1,第二章　特許及び特許出願,27,第四十四条,PROCEDURE,出願,320,322
1,第二章　特許及び特許出願,27,第四十四条,PROCEDURE,出願,343,345
1,第二章　特許及び特許出願,27,第四十四条,PROCEDURE,出願,362,364
1,第二章　特許及び特許出願,27,第四十四条,PROCEDURE,出願,383,385
1,第二章　特許及び特許出願,27,第四十四条,PROCEDURE,出願,450,452
1,第二章　特許及び特許出願,27,第四十四条,PROCEDURE,出願,582,584
1,第二章　特許及び特許出願,27,第四十四条,PROCEDURE,出願,621,623
1,第二章　特許及び特許出願,27,第四十四条,PROCEDURE,出願,636,638
1,第二章　特許及び特許出願,27,第四十四条,PROCEDURE,出願,663,665
1,第二章　特許及び特許出願,27,第四十四条,PROCEDURE,出願,789,791
1,第二章　特許及び特許出願,27,第四十四条,PROCEDURE,出願,997,999
1,第二章　特許及び特許出願,27,第四十四条,PROCEDURE,出願,1050,1052
1,第二章　特許及び特許出願,27,第四十四条,PROCEDURE,出願,1140,1142
1,第二章　特許及び特許出願,27,第四十四条,LEGAL_STATUS,出願人,24,27
1,第二章　特許及び特許出願,27,第四十四条,LEGAL_STATUS,拒絶,260,262
1,第二章　特許及び特許出願,28,第四十五条,ARTICLE_REFERENCE,第四十五条,0,5
1,第二章　特許及び特許出願,28,第四十五条,ARTICLE_REFERENCE,第四十五条,6,11
1,第二章　特許及び特許出願,29,第四十六条,LAW_REFERENCE, 実用新案登録出願人は、その実用新案登録出願を特許出願に変更することができる。ただし、その実用新案登録出願の日から三年を経過した後は、この限りでない。 ２ 意匠登録出願人は、その意匠登録出願を特許出願に変更することができる。ただし、その意匠登録出願について拒絶をすべき旨の最初の査定の謄本の送達があつた日から三月を経過した後又はその意匠登録出願の日から三年を経過した後（その意匠登録出願について拒絶をすべき旨の最初の査定の謄本の送達があつた日から三月以内の期間を除く。）は、この限りでない。 ３ 前項ただし書に規定する三月の期間は、意匠法第六十八条,19,293
1,第二章　特許及び特許出願,29,第四十六条,LAW_REFERENCE,第一項において準用するこの法,293,307
1,第二章　特許及び特許出願,29,第四十六条,LAW_REFERENCE,の規定により意匠法第四十六条,311,325
1,第二章　特許及び特許出願,29,第四十六条,ARTICLE_REFERENCE,第四十六条,0,5
1,第二章　特許及び特許出願,29,第四十六条,ARTICLE_REFERENCE,第四十六条,14,19
1,第二章　特許及び特許出願,29,第四十六条,ARTICLE_REFERENCE,前項,267,269
1,第二章　特許及び特許出願,29,第四十六条,ARTICLE_REFERENCE,第六十八条,288,293
1,第二章　特許及び特許出願,29,第四十六条,ARTICLE_REFERENCE,第一項,293,296
1,第二章　特許及び特許出願,29,第四十六条,ARTICLE_REFERENCE,第四条,308,311
1,第二章　特許及び特許出願,29,第四十六条,ARTICLE_REFERENCE,第四十六条,320,325
1,第二章　特許及び特許出願,29,第四十六条,ARTICLE_REFERENCE,第一項,325,328
1,第二章　特許及び特許出願,29,第四十六条,ARTICLE_REFERENCE,第一項,373,376
1,第二章　特許及び特許出願,29,第四十六条,ARTICLE_REFERENCE,第二項,378,381
1,第二章　特許及び特許出願,29,第四十六条,ARTICLE_REFERENCE,第一項,422,425
1,第二章　特許及び特許出願,29,第四十六条,ARTICLE_REFERENCE,同項,461,463
1,第二章　特許及び特許出願,29,第四十六条,ARTICLE_REFERENCE,第二項,498,501
1,第二章　特許及び特許出願,29,第四十六条,ARTICLE_REFERENCE,同項,537,539
1,第二章　特許及び特許出願,29,第四十六条,ARTICLE_REFERENCE,第四十四条,663,668
1,第二章　特許及び特許出願,29,第四十六条,ARTICLE_REFERENCE,第二項,668,671
1,第二章　特許及び特許出願,29,第四十六条,ARTICLE_REFERENCE,第四項,673,676
1,第二章　特許及び特許出願,29,第四十六条,ARTICLE_REFERENCE,第一項,683,686
1,第二章　特許及び特許出願,29,第四十六条,ARTICLE_REFERENCE,第二項,688,691
1,第二章　特許及び特許出願,29,第四十六条,TIME_PERIOD,出願の日,70,74
1,第二章　特許及び特許出願,29,第四十六条,TIME_PERIOD,から,74,76
1,第二章　特許及び特許出願,29,第四十六条,TIME_PERIOD,三年,76,78
1,第二章　特許及び特許出願,29,第四十六条,TIME_PERIOD,を経過,78,81
1,第二章　特許及び特許出願,29,第四十六条,TIME_PERIOD,から,171,173
1,第二章　特許及び特許出願,29,第四十六条,TIME_PERIOD,三月,173,175
1,第二章　特許及び特許出願,29,第四十六条,TIME_PERIOD,を経過,175,178
1,第二章　特許及び特許出願,29,第四十六条,TIME_PERIOD,出願の日,189,193
1,第二章　特許及び特許出願,29,第四十六条,TIME_PERIOD,から,193,195
1,第二章　特許及び特許出願,29,第四十六条,TIME_PERIOD,三年,195,197
1,第二章　特許及び特許出願,29,第四十六条,TIME_PERIOD,を経過,197,200
1,第二章　特許及び特許出願,29,第四十六条,TIME_PERIOD,から,240,242
1,第二章　特許及び特許出願,29,第四十六条,TIME_PERIOD,三月以内,242,246
1,第二章　特許及び特許出願,29,第四十六条,TIME_PERIOD,三月,278,280
1,第二章　特許及び特許出願,29,第四十六条,TIME_PERIOD,三年,548,550
1,第二章　特許及び特許出願,29,第四十六条,TIME_PERIOD,から,600,602
1,第二章　特許及び特許出願,29,第四十六条,TIME_PERIOD,十四日,602,605
1,第二章　特許及び特許出願,29,第四十六条,TIME_PERIOD,二月,615,617
1,第二章　特許及び特許出願,29,第四十六条,TIME_PERIOD,以内,618,620
1,第二章　特許及び特許出願,29,第四十六条,TIME_PERIOD,六月以内,638,642
1,第二章　特許及び特許出願,29,第四十六条,TIME_PERIOD,から,671,673
1,第二章　特許及び特許出願,29,第四十六条,TIME_PERIOD,まで,676,678
1,第二章　特許及び特許出願,29,第四十六条,PROCEDURE,出願,7,9
1,第二章　特許及び特許出願,29,第四十六条,PROCEDURE,登録,24,26
1,第二章　特許及び特許出願,29,第四十六条,PROCEDURE,出願,26,28
1,第二章　特許及び特許出願,29,第四十六条,PROCEDURE,登録,37,39
1,第二章　特許及び特許出願,29,第四十六条,PROCEDURE,出願,39,41
1,第二章　特許及び特許出願,29,第四十六条,PROCEDURE,出願,44,46
1,第二章　特許及び特許出願,29,第四十六条,PROCEDURE,登録,68,70
1,第二章　特許及び特許出願,29,第四十六条,PROCEDURE,出願,70,72
1,第二章　特許及び特許出願,29,第四十六条,PROCEDURE,意匠,97,99
1,第二章　特許及び特許出願,29,第四十六条,PROCEDURE,登録,99,101
1,第二章　特許及び特許出願,29,第四十六条,PROCEDURE,出願,101,103
1,第二章　特許及び特許出願,29,第四十六条,PROCEDURE,意匠,108,110
1,第二章　特許及び特許出願,29,第四十六条,PROCEDURE,登録,110,112
1,第二章　特許及び特許出願,29,第四十六条,PROCEDURE,出願,112,114
1,第二章　特許及び特許出願,29,第四十六条,PROCEDURE,出願,117,119
1,第二章　特許及び特許出願,29,第四十六条,PROCEDURE,意匠,137,139
1,第二章　特許及び特許出願,29,第四十六条,PROCEDURE,登録,139,141
1,第二章　特許及び特許出願,29,第四十六条,PROCEDURE,出願,141,143
1,第二章　特許及び特許出願,29,第四十六条,PROCEDURE,意匠,185,187
1,第二章　特許及び特許出願,29,第四十六条,PROCEDURE,登録,187,189
1,第二章　特許及び特許出願,29,第四十六条,PROCEDURE,出願,189,191
1,第二章　特許及び特許出願,29,第四十六条,PROCEDURE,意匠,206,208
1,第二章　特許及び特許出願,29,第四十六条,PROCEDURE,登録,208,210
1,第二章　特許及び特許出願,29,第四十六条,PROCEDURE,出願,210,212
1,第二章　特許及び特許出願,29,第四十六条,PROCEDURE,意匠,285,287
1,第二章　特許及び特許出願,29,第四十六条,PROCEDURE,意匠,317,319
1,第二章　特許及び特許出願,29,第四十六条,PROCEDURE,出願,387,389
1,第二章　特許及び特許出願,29,第四十六条,PROCEDURE,出願,403,405
1,第二章　特許及び特許出願,29,第四十六条,PROCEDURE,出願,431,433
1,第二章　特許及び特許出願,29,第四十六条,PROCEDURE,出願,478,480
1,第二章　特許及び特許出願,29,第四十六条,PROCEDURE,出願,507,509
1,第二章　特許及び特許出願,29,第四十六条,PROCEDURE,出願,557,559
1,第二章　特許及び特許出願,29,第四十六条,PROCEDURE,出願,645,647
1,第二章　特許及び特許出願,29,第四十六条,PROCEDURE,出願,697,699
1,第二章　特許及び特許出願,29,第四十六条,LEGAL_STATUS,出願人,26,29
1,第二章　特許及び特許出願,29,第四十六条,LEGAL_STATUS,出願人,101,104
1,第二章　特許及び特許出願,29,第四十六条,LEGAL_STATUS,拒絶,147,149
1,第二章　特許及び特許出願,29,第四十六条,LEGAL_STATUS,拒絶,216,218
1,第二章　特許及び特許出願,30,第四十六条の二,LAW_REFERENCE,の二 実用新案権者は、次に掲げる場合を除き、経済産業省令で定めるところにより、自己の実用新案登録に基づいて特許出願をすることができる。この場合においては、その実用新案権を放棄しなければならない。 一 その実用新案登録に係る実用新案登録出願の日から三年を経過したとき。 二 その実用新案登録に係る実用新案登録出願又はその実用新案登録について、実用新案登録出願人又は実用新案権者から実用新案法第十二条,30,228
1,第二章　特許及び特許出願,30,第四十六条の二,LAW_REFERENCE,第一項に規定する実用新案技術評価（次号において単に「実用新案技術評価」という。）の請求があつたとき。 三 その実用新案登録に係る実用新案登録出願又はその実用新案登録について、実用新案登録出願人又は実用新案権者でない者がした実用新案技術評価の請求に係る実用新案法第十三条,228,362
1,第二章　特許及び特許出願,30,第四十六条の二,LAW_REFERENCE,第二項の規定による最初の通知を受けた日から三十日を経過したとき。 四 その実用新案登録について請求された実用新案法第三十七条,362,424
1,第二章　特許及び特許出願,30,第四十六条の二,LAW_REFERENCE,第一項の実用新案登録無効審判について、同法第三十九条,424,450
1,第二章　特許及び特許出願,30,第四十六条の二,LAW_REFERENCE,の二に規定する他の特許出願又は実用新案法第三条,639,662
1,第二章　特許及び特許出願,30,第四十六条の二,LAW_REFERENCE,の三第二項の規定の適用については、この限りでない。 ３ 第一項の規定による特許出願をする者がその責めに帰することができない理由により同項第一号又は第三号に規定する期間を経過するまでにその特許出願をすることができないときは、これらの規定にかかわらず、その理由がなくなつた日から十四日（在外者にあつては、二月）以内でこれらの規定に規定する期間の経過後六月以内にその特許出願をすることができる。 ４ 実用新案権者は、専用実施権者、質権者又は実用新案法第十一条,725,951
1,第二章　特許及び特許出願,30,第四十六条の二,LAW_REFERENCE,第三項において準用するこの法,951,965
1,第二章　特許及び特許出願,30,第四十六条の二,LAW_REFERENCE,第一項、実用新案法第十八条,971,984
1,第二章　特許及び特許出願,30,第四十六条の二,LAW_REFERENCE,第三項において準用するこの法,984,998
1,第二章　特許及び特許出願,30,第四十六条の二,LAW_REFERENCE,第四項若しくは実用新案法第十九条,1004,1020
1,第二章　特許及び特許出願,30,第四十六条の二,ARTICLE_REFERENCE,第四十六条の二,0,7
1,第二章　特許及び特許出願,30,第四十六条の二,ARTICLE_REFERENCE,第四十六条の二,25,32
1,第二章　特許及び特許出願,30,第四十六条の二,ARTICLE_REFERENCE,第十二条,224,228
1,第二章　特許及び特許出願,30,第四十六条の二,ARTICLE_REFERENCE,第一項,228,231
1,第二章　特許及び特許出願,30,第四十六条の二,ARTICLE_REFERENCE,次号,245,247
1,第二章　特許及び特許出願,30,第四十六条の二,ARTICLE_REFERENCE,第十三条,358,362
1,第二章　特許及び特許出願,30,第四十六条の二,ARTICLE_REFERENCE,第二項,362,365
1,第二章　特許及び特許出願,30,第四十六条の二,ARTICLE_REFERENCE,第三十七条,419,424
1,第二章　特許及び特許出願,30,第四十六条の二,ARTICLE_REFERENCE,第一項,424,427
1,第二章　特許及び特許出願,30,第四十六条の二,ARTICLE_REFERENCE,第三十九条,445,450
1,第二章　特許及び特許出願,30,第四十六条の二,ARTICLE_REFERENCE,第一項,450,453
1,第二章　特許及び特許出願,30,第四十六条の二,ARTICLE_REFERENCE,前項,480,482
1,第二章　特許及び特許出願,30,第四十六条の二,ARTICLE_REFERENCE,第二十九条の二,634,641
1,第二章　特許及び特許出願,30,第四十六条の二,ARTICLE_REFERENCE,第三条の二,659,664
1,第二章　特許及び特許出願,30,第四十六条の二,ARTICLE_REFERENCE,第三十条,696,700
1,第二章　特許及び特許出願,30,第四十六条の二,ARTICLE_REFERENCE,第三項,700,703
1,第二章　特許及び特許出願,30,第四十六条の二,ARTICLE_REFERENCE,第三十六条の二,704,711
1,第二章　特許及び特許出願,30,第四十六条の二,ARTICLE_REFERENCE,第二項,711,714
1,第二章　特許及び特許出願,30,第四十六条の二,ARTICLE_REFERENCE,第四十八条の三,720,727
1,第二章　特許及び特許出願,30,第四十六条の二,ARTICLE_REFERENCE,第二項,727,730
1,第二章　特許及び特許出願,30,第四十六条の二,ARTICLE_REFERENCE,第一項,753,756
1,第二章　特許及び特許出願,30,第四十六条の二,ARTICLE_REFERENCE,同項,791,793
1,第二章　特許及び特許出願,30,第四十六条の二,ARTICLE_REFERENCE,第一号,793,796
1,第二章　特許及び特許出願,30,第四十六条の二,ARTICLE_REFERENCE,第三号,798,801
1,第二章　特許及び特許出願,30,第四十六条の二,ARTICLE_REFERENCE,第十一条,947,951
1,第二章　特許及び特許出願,30,第四十六条の二,ARTICLE_REFERENCE,第三項,951,954
1,第二章　特許及び特許出願,30,第四十六条の二,ARTICLE_REFERENCE,第三十五条,966,971
1,第二章　特許及び特許出願,30,第四十六条の二,ARTICLE_REFERENCE,第一項,971,974
1,第二章　特許及び特許出願,30,第四十六条の二,ARTICLE_REFERENCE,第十八条,980,984
1,第二章　特許及び特許出願,30,第四十六条の二,ARTICLE_REFERENCE,第三項,984,987
1,第二章　特許及び特許出願,30,第四十六条の二,ARTICLE_REFERENCE,第七十七条,999,1004
1,第二章　特許及び特許出願,30,第四十六条の二,ARTICLE_REFERENCE,第四項,1004,1007
1,第二章　特許及び特許出願,30,第四十六条の二,ARTICLE_REFERENCE,第十九条,1016,1020
1,第二章　特許及び特許出願,30,第四十六条の二,ARTICLE_REFERENCE,第一項,1020,1023
1,第二章　特許及び特許出願,30,第四十六条の二,ARTICLE_REFERENCE,第一項,1059,1062
1,第二章　特許及び特許出願,30,第四十六条の二,ARTICLE_REFERENCE,第四十四条,1085,1090
1,第二章　特許及び特許出願,30,第四十六条の二,ARTICLE_REFERENCE,第三項,1090,1093
1,第二章　特許及び特許出願,30,第四十六条の二,ARTICLE_REFERENCE,第四項,1095,1098
1,第二章　特許及び特許出願,30,第四十六条の二,ARTICLE_REFERENCE,第一項,1103,1106
1,第二章　特許及び特許出願,30,第四十六条の二,TIME_PERIOD,出願の日,147,151
1,第二章　特許及び特許出願,30,第四十六条の二,TIME_PERIOD,から,151,153
1,第二章　特許及び特許出願,30,第四十六条の二,TIME_PERIOD,三年,153,155
1,第二章　特許及び特許出願,30,第四十六条の二,TIME_PERIOD,を経過,155,158
1,第二章　特許及び特許出願,30,第四十六条の二,TIME_PERIOD,から,217,219
1,第二章　特許及び特許出願,30,第四十六条の二,TIME_PERIOD,から,381,383
1,第二章　特許及び特許出願,30,第四十六条の二,TIME_PERIOD,三十日,383,386
1,第二章　特許及び特許出願,30,第四十六条の二,TIME_PERIOD,を経過,386,389
1,第二章　特許及び特許出願,30,第四十六条の二,TIME_PERIOD,を経過,469,472
1,第二章　特許及び特許出願,30,第四十六条の二,TIME_PERIOD,を経過,808,811
1,第二章　特許及び特許出願,30,第四十六条の二,TIME_PERIOD,まで,813,815
1,第二章　特許及び特許出願,30,第四十六条の二,TIME_PERIOD,から,860,862
1,第二章　特許及び特許出願,30,第四十六条の二,TIME_PERIOD,十四日,862,865
1,第二章　特許及び特許出願,30,第四十六条の二,TIME_PERIOD,二月,875,877
1,第二章　特許及び特許出願,30,第四十六条の二,TIME_PERIOD,以内,878,880
1,第二章　特許及び特許出願,30,第四十六条の二,TIME_PERIOD,六月以内,898,902
1,第二章　特許及び特許出願,30,第四十六条の二,PROCEDURE,登録,13,15
1,第二章　特許及び特許出願,30,第四十六条の二,PROCEDURE,出願,21,23
1,第二章　特許及び特許出願,30,第四十六条の二,PROCEDURE,実用新案権,33,38
1,第二章　特許及び特許出願,30,第四十六条の二,PROCEDURE,登録,76,78
1,第二章　特許及び特許出願,30,第四十六条の二,PROCEDURE,出願,85,87
1,第二章　特許及び特許出願,30,第四十六条の二,PROCEDURE,実用新案権,109,114
1,第二章　特許及び特許出願,30,第四十六条の二,PROCEDURE,登録,136,138
1,第二章　特許及び特許出願,30,第四十六条の二,PROCEDURE,登録,145,147
1,第二章　特許及び特許出願,30,第四十六条の二,PROCEDURE,出願,147,149
1,第二章　特許及び特許出願,30,第四十六条の二,PROCEDURE,登録,172,174
1,第二章　特許及び特許出願,30,第四十六条の二,PROCEDURE,登録,181,183
1,第二章　特許及び特許出願,30,第四十六条の二,PROCEDURE,出願,183,185
1,第二章　特許及び特許出願,30,第四十六条の二,PROCEDURE,登録,193,195
1,第二章　特許及び特許出願,30,第四十六条の二,PROCEDURE,登録,204,206
1,第二章　特許及び特許出願,30,第四十六条の二,PROCEDURE,出願,206,208
1,第二章　特許及び特許出願,30,第四十六条の二,PROCEDURE,実用新案権,211,216
1,第二章　特許及び特許出願,30,第四十六条の二,PROCEDURE,請求,269,271
1,第二章　特許及び特許出願,30,第四十六条の二,PROCEDURE,登録,287,289
1,第二章　特許及び特許出願,30,第四十六条の二,PROCEDURE,登録,296,298
1,第二章　特許及び特許出願,30,第四十六条の二,PROCEDURE,出願,298,300
1,第二章　特許及び特許出願,30,第四十六条の二,PROCEDURE,登録,308,310
1,第二章　特許及び特許出願,30,第四十六条の二,PROCEDURE,登録,319,321
1,第二章　特許及び特許出願,30,第四十六条の二,PROCEDURE,出願,321,323
1,第二章　特許及び特許出願,30,第四十六条の二,PROCEDURE,実用新案権,326,331
1,第二章　特許及び特許出願,30,第四十六条の二,PROCEDURE,請求,348,350
1,第二章　特許及び特許出願,30,第四十六条の二,PROCEDURE,登録,403,405
1,第二章　特許及び特許出願,30,第四十六条の二,PROCEDURE,請求,409,411
1,第二章　特許及び特許出願,30,第四十六条の二,PROCEDURE,登録,432,434
1,第二章　特許及び特許出願,30,第四十六条の二,PROCEDURE,無効審判,434,438
1,第二章　特許及び特許出願,30,第四十六条の二,PROCEDURE,出願,490,492
1,第二章　特許及び特許出願,30,第四十六条の二,PROCEDURE,明細書,503,506
1,第二章　特許及び特許出願,30,第四十六条の二,PROCEDURE,請求,509,511
1,第二章　特許及び特許出願,30,第四十六条の二,PROCEDURE,図面,516,518
1,第二章　特許及び特許出願,30,第四十六条の二,PROCEDURE,出願,530,532
1,第二章　特許及び特許出願,30,第四十六条の二,PROCEDURE,登録,543,545
1,第二章　特許及び特許出願,30,第四十六条の二,PROCEDURE,明細書,553,556
1,第二章　特許及び特許出願,30,第四十六条の二,PROCEDURE,登録,561,563
1,第二章　特許及び特許出願,30,第四十六条の二,PROCEDURE,請求,563,565
1,第二章　特許及び特許出願,30,第四十六条の二,PROCEDURE,図面,570,572
1,第二章　特許及び特許出願,30,第四十六条の二,PROCEDURE,登録,598,600
1,第二章　特許及び特許出願,30,第四十六条の二,PROCEDURE,登録,607,609
1,第二章　特許及び特許出願,30,第四十六条の二,PROCEDURE,出願,609,611
1,第二章　特許及び特許出願,30,第四十六条の二,PROCEDURE,出願,631,633
1,第二章　特許及び特許出願,30,第四十六条の二,PROCEDURE,出願,650,652
1,第二章　特許及び特許出願,30,第四十六条の二,PROCEDURE,出願,671,673
1,第二章　特許及び特許出願,30,第四十六条の二,PROCEDURE,出願,764,766
1,第二章　特許及び特許出願,30,第四十六条の二,PROCEDURE,出願,820,822
1,第二章　特許及び特許出願,30,第四十六条の二,PROCEDURE,出願,907,909
1,第二章　特許及び特許出願,30,第四十六条の二,PROCEDURE,実用新案権,922,927
1,第二章　特許及び特許出願,30,第四十六条の二,PROCEDURE,出願,1070,1072
1,第二章　特許及び特許出願,30,第四十六条の二,PROCEDURE,出願,1114,1116
1,第二章　特許及び特許出願,30,第四十六条の二,LEGAL_STATUS,出願人,206,209
1,第二章　特許及び特許出願,30,第四十六条の二,LEGAL_STATUS,出願人,321,324
1,第二章　特許及び特許出願,30,第四十六条の二,LEGAL_STATUS,無効,434,436
2,第三章　審査,0,第四十七条,LAW_REFERENCE,政令,63,65
2,第三章　審査,0,第四十七条,ARTICLE_REFERENCE,第四十七条,0,5
2,第三章　審査,0,第四十七条,ARTICLE_REFERENCE,第四十七条,17,22
2,第三章　審査,0,第四十七条,ORGANIZATION,審査官,7,10
2,第三章　審査,0,第四十七条,ORGANIZATION,特許庁長官,23,28
2,第三章　審査,0,第四十七条,ORGANIZATION,審査官,30,33
2,第三章　審査,0,第四十七条,ORGANIZATION,審査官,55,58
2,第三章　審査,0,第四十七条,PROCEDURE,審査,7,9
2,第三章　審査,0,第四十七条,PROCEDURE,審査,13,15
2,第三章　審査,0,第四十七条,PROCEDURE,審査,30,32
2,第三章　審査,0,第四十七条,PROCEDURE,出願,36,38
2,第三章　審査,0,第四十七条,PROCEDURE,審査,39,41
2,第三章　審査,0,第四十七条,PROCEDURE,審査,55,57
2,第三章　審査,1,第四十八条,ARTICLE_REFERENCE,第四十八条,0,5
2,第三章　審査,1,第四十八条,ARTICLE_REFERENCE,第四十八条,15,20
2,第三章　審査,1,第四十八条,ARTICLE_REFERENCE,第百三十九条,21,27
2,第三章　審査,1,第四十八条,ARTICLE_REFERENCE,第六号,28,31
2,第三章　審査,1,第四十八条,ARTICLE_REFERENCE,第七号,33,36
2,第三章　審査,1,第四十八条,ORGANIZATION,審査官,7,10
2,第三章　審査,1,第四十八条,ORGANIZATION,審査官,46,49
2,第三章　審査,1,第四十八条,PROCEDURE,審査,7,9
2,第三章　審査,1,第四十八条,PROCEDURE,審査,46,48
2,第三章　審査,2,第四十八条の二,ARTICLE_REFERENCE,第四十八条の二,0,7
2,第三章　審査,2,第四十八条の二,ARTICLE_REFERENCE,第四十八条の二,18,25
2,第三章　審査,2,第四十八条の二,PROCEDURE,出願,11,13
2,第三章　審査,2,第四十八条の二,PROCEDURE,審査,14,16
2,第三章　審査,2,第四十八条の二,PROCEDURE,出願,28,30
2,第三章　審査,2,第四十八条の二,PROCEDURE,審査,31,33
2,第三章　審査,2,第四十八条の二,PROCEDURE,出願,39,41
2,第三章　審査,2,第四十八条の二,PROCEDURE,出願,46,48
2,第三章　審査,2,第四十八条の二,PROCEDURE,審査,48,50
2,第三章　審査,2,第四十八条の二,PROCEDURE,請求,51,53
2,第三章　審査,3,第四十八条の三,LAW_REFERENCE,省令,401,403
2,第三章　審査,3,第四十八条の三,LAW_REFERENCE,省令,418,420
2,第三章　審査,3,第四十八条の三,ARTICLE_REFERENCE,第四十八条の三,0,7
2,第三章　審査,3,第四十八条の三,ARTICLE_REFERENCE,第四十八条の三,18,25
2,第三章　審査,3,第四十八条の三,ARTICLE_REFERENCE,第四十四条,89,94
2,第三章　審査,3,第四十八条の三,ARTICLE_REFERENCE,第一項,94,97
2,第三章　審査,3,第四十八条の三,ARTICLE_REFERENCE,第四十六条,121,126
2,第三章　審査,3,第四十八条の三,ARTICLE_REFERENCE,第一項,126,129
2,第三章　審査,3,第四十八条の三,ARTICLE_REFERENCE,第二項,133,136
2,第三章　審査,3,第四十八条の三,ARTICLE_REFERENCE,第四十六条の二,156,163
2,第三章　審査,3,第四十八条の三,ARTICLE_REFERENCE,第一項,163,166
2,第三章　審査,3,第四十八条の三,ARTICLE_REFERENCE,前項,192,194
2,第三章　審査,3,第四十八条の三,ARTICLE_REFERENCE,第一項,296,299
2,第三章　審査,3,第四十八条の三,ARTICLE_REFERENCE,前項,364,366
2,第三章　審査,3,第四十八条の三,ARTICLE_REFERENCE,第一項,456,459
2,第三章　審査,3,第四十八条の三,ARTICLE_REFERENCE,前項,512,514
2,第三章　審査,3,第四十八条の三,ARTICLE_REFERENCE,第一項,532,535
2,第三章　審査,3,第四十八条の三,ARTICLE_REFERENCE,第二項,576,579
2,第三章　審査,3,第四十八条の三,ARTICLE_REFERENCE,第五項,611,614
2,第三章　審査,3,第四十八条の三,ARTICLE_REFERENCE,前項,615,617
2,第三章　審査,3,第四十八条の三,ARTICLE_REFERENCE,第四項,709,712
2,第三章　審査,3,第四十八条の三,ARTICLE_REFERENCE,前項,713,715
2,第三章　審査,3,第四十八条の三,ARTICLE_REFERENCE,第五項,776,779
2,第三章　審査,3,第四十八条の三,TIME_PERIOD,から,45,47
2,第三章　審査,3,第四十八条の三,TIME_PERIOD,三年以内,47,51
2,第三章　審査,3,第四十八条の三,TIME_PERIOD,出願の日,236,240
2,第三章　審査,3,第四十八条の三,TIME_PERIOD,から,240,242
2,第三章　審査,3,第四十八条の三,TIME_PERIOD,三十日以内,242,247
2,第三章　審査,3,第四十八条の三,ORGANIZATION,特許庁長官,53,58
2,第三章　審査,3,第四十八条の三,ORGANIZATION,特許庁長官,549,554
2,第三章　審査,3,第四十八条の三,PROCEDURE,出願,9,11
2,第三章　審査,3,第四十八条の三,PROCEDURE,審査,11,13
2,第三章　審査,3,第四十八条の三,PROCEDURE,請求,14,16
2,第三章　審査,3,第四十八条の三,PROCEDURE,出願,28,30
2,第三章　審査,3,第四十八条の三,PROCEDURE,出願,63,65
2,第三章　審査,3,第四十八条の三,PROCEDURE,出願,69,71
2,第三章　審査,3,第四十八条の三,PROCEDURE,審査,71,73
2,第三章　審査,3,第四十八条の三,PROCEDURE,請求,74,76
2,第三章　審査,3,第四十八条の三,PROCEDURE,出願,105,107
2,第三章　審査,3,第四十八条の三,PROCEDURE,出願,118,120
2,第三章　審査,3,第四十八条の三,PROCEDURE,出願,142,144
2,第三章　審査,3,第四十八条の三,PROCEDURE,出願,152,154
2,第三章　審査,3,第四十八条の三,PROCEDURE,登録,176,178
2,第三章　審査,3,第四十八条の三,PROCEDURE,出願,184,186
2,第三章　審査,3,第四十八条の三,PROCEDURE,出願,211,213
2,第三章　審査,3,第四十八条の三,PROCEDURE,出願,217,219
2,第三章　審査,3,第四十八条の三,PROCEDURE,登録,228,230
2,第三章　審査,3,第四十八条の三,PROCEDURE,出願,236,238
2,第三章　審査,3,第四十八条の三,PROCEDURE,出願,251,253
2,第三章　審査,3,第四十八条の三,PROCEDURE,審査,253,255
2,第三章　審査,3,第四十八条の三,PROCEDURE,請求,256,258
2,第三章　審査,3,第四十八条の三,PROCEDURE,出願,271,273
2,第三章　審査,3,第四十八条の三,PROCEDURE,審査,273,275
2,第三章　審査,3,第四十八条の三,PROCEDURE,請求,276,278
2,第三章　審査,3,第四十八条の三,PROCEDURE,出願,305,307
2,第三章　審査,3,第四十八条の三,PROCEDURE,審査,307,309
2,第三章　審査,3,第四十八条の三,PROCEDURE,請求,310,312
2,第三章　審査,3,第四十八条の三,PROCEDURE,出願,325,327
2,第三章　審査,3,第四十八条の三,PROCEDURE,審査,327,329
2,第三章　審査,3,第四十八条の三,PROCEDURE,請求,330,332
2,第三章　審査,3,第四十八条の三,PROCEDURE,出願,345,347
2,第三章　審査,3,第四十八条の三,PROCEDURE,出願,389,391
2,第三章　審査,3,第四十八条の三,PROCEDURE,出願,392,394
2,第三章　審査,3,第四十八条の三,PROCEDURE,出願,431,433
2,第三章　審査,3,第四十八条の三,PROCEDURE,審査,433,435
2,第三章　審査,3,第四十八条の三,PROCEDURE,請求,436,438
2,第三章　審査,3,第四十八条の三,PROCEDURE,出願,472,474
2,第三章　審査,3,第四十八条の三,PROCEDURE,出願,478,480
2,第三章　審査,3,第四十八条の三,PROCEDURE,審査,480,482
2,第三章　審査,3,第四十八条の三,PROCEDURE,請求,483,485
2,第三章　審査,3,第四十八条の三,PROCEDURE,出願,523,525
2,第三章　審査,3,第四十八条の三,PROCEDURE,審査,525,527
2,第三章　審査,3,第四十八条の三,PROCEDURE,請求,528,530
2,第三章　審査,3,第四十八条の三,PROCEDURE,出願,588,590
2,第三章　審査,3,第四十八条の三,PROCEDURE,審査,590,592
2,第三章　審査,3,第四十八条の三,PROCEDURE,請求,593,595
2,第三章　審査,3,第四十八条の三,PROCEDURE,出願,652,654
2,第三章　審査,3,第四十八条の三,PROCEDURE,出願,658,660
2,第三章　審査,3,第四十八条の三,PROCEDURE,審査,660,662
2,第三章　審査,3,第四十八条の三,PROCEDURE,請求,663,665
2,第三章　審査,3,第四十八条の三,PROCEDURE,出願,679,681
2,第三章　審査,3,第四十八条の三,PROCEDURE,特許権,685,688
2,第三章　審査,3,第四十八条の三,PROCEDURE,登録,692,694
2,第三章　審査,3,第四十八条の三,PROCEDURE,出願,706,708
2,第三章　審査,3,第四十八条の三,PROCEDURE,出願,770,772
2,第三章　審査,3,第四十八条の三,PROCEDURE,出願,785,787
2,第三章　審査,3,第四十八条の三,PROCEDURE,審査,787,789
2,第三章　審査,3,第四十八条の三,PROCEDURE,請求,790,792
2,第三章　審査,3,第四十八条の三,PROCEDURE,発明,825,827
2,第三章　審査,3,第四十八条の三,PROCEDURE,発明,871,873
2,第三章　審査,3,第四十八条の三,PROCEDURE,特許権,891,894
2,第三章　審査,3,第四十八条の三,LEGAL_STATUS,出願人,392,395
2,第三章　審査,4,第四十八条の四,ARTICLE_REFERENCE,第四十八条の四,0,7
2,第三章　審査,4,第四十八条の四,ARTICLE_REFERENCE,第四十八条の四,8,15
2,第三章　審査,4,第四十八条の四,ORGANIZATION,特許庁長官,49,54
2,第三章　審査,4,第四十八条の四,PROCEDURE,出願,16,18
2,第三章　審査,4,第四十八条の四,PROCEDURE,審査,18,20
2,第三章　審査,4,第四十八条の四,PROCEDURE,請求,21,23
2,第三章　審査,4,第四十八条の四,PROCEDURE,請求,45,47
2,第三章　審査,4,第四十八条の四,PROCEDURE,請求,70,72
2,第三章　審査,4,第四十八条の四,PROCEDURE,出願,91,93
2,第三章　審査,4,第四十八条の四,PROCEDURE,審査,93,95
2,第三章　審査,4,第四十八条の四,PROCEDURE,請求,96,98
2,第三章　審査,4,第四十八条の四,PROCEDURE,出願,103,105
2,第三章　審査,5,第四十八条の五,ARTICLE_REFERENCE,第四十八条の五,0,7
2,第三章　審査,5,第四十八条の五,ARTICLE_REFERENCE,第四十八条の五,8,15
2,第三章　審査,5,第四十八条の五,TIME_PERIOD,遅滞なく,54,58
2,第三章　審査,5,第四十八条の五,TIME_PERIOD,遅滞なく,82,86
2,第三章　審査,5,第四十八条の五,TIME_PERIOD,から,127,129
2,第三章　審査,5,第四十八条の五,ORGANIZATION,特許庁長官,16,21
2,第三章　審査,5,第四十八条の五,ORGANIZATION,特許庁長官,111,116
2,第三章　審査,5,第四十八条の五,PROCEDURE,出願,23,25
2,第三章　審査,5,第四十八条の五,PROCEDURE,出願,29,31
2,第三章　審査,5,第四十八条の五,PROCEDURE,審査,31,33
2,第三章　審査,5,第四十八条の五,PROCEDURE,請求,34,36
2,第三章　審査,5,第四十八条の五,PROCEDURE,出願,43,45
2,第三章　審査,5,第四十八条の五,PROCEDURE,出願,59,61
2,第三章　審査,5,第四十八条の五,PROCEDURE,出願,65,67
2,第三章　審査,5,第四十八条の五,PROCEDURE,審査,67,69
2,第三章　審査,5,第四十八条の五,PROCEDURE,請求,70,72
2,第三章　審査,5,第四十八条の五,PROCEDURE,出願,120,122
2,第三章　審査,5,第四十八条の五,PROCEDURE,出願,129,131
2,第三章　審査,5,第四十八条の五,PROCEDURE,審査,131,133
2,第三章　審査,5,第四十八条の五,PROCEDURE,請求,134,136
2,第三章　審査,5,第四十八条の五,PROCEDURE,出願,150,152
2,第三章　審査,5,第四十八条の五,LEGAL_STATUS,出願人,120,123
2,第三章　審査,5,第四十八条の五,LEGAL_STATUS,出願人,150,153
2,第三章　審査,6,第四十八条の六,ARTICLE_REFERENCE,第四十八条の六,0,7
2,第三章　審査,6,第四十八条の六,ARTICLE_REFERENCE,第四十八条の六,15,22
2,第三章　審査,6,第四十八条の六,ORGANIZATION,特許庁長官,23,28
2,第三章　審査,6,第四十八条の六,ORGANIZATION,審査官,85,88
2,第三章　審査,6,第四十八条の六,PROCEDURE,審査,11,13
2,第三章　審査,6,第四十八条の六,PROCEDURE,出願,30,32
2,第三章　審査,6,第四十八条の六,PROCEDURE,出願,38,40
2,第三章　審査,6,第四十八条の六,PROCEDURE,出願,52,54
2,第三章　審査,6,第四十八条の六,PROCEDURE,発明,57,59
2,第三章　審査,6,第四十八条の六,PROCEDURE,審査,85,87
2,第三章　審査,6,第四十八条の六,PROCEDURE,出願,93,95
2,第三章　審査,6,第四十八条の六,PROCEDURE,出願,100,102
2,第三章　審査,6,第四十八条の六,PROCEDURE,審査,107,109
2,第三章　審査,6,第四十八条の六,LEGAL_STATUS,出願人,38,41
2,第三章　審査,7,第四十八条の七,ARTICLE_REFERENCE,第四十八条の七,0,7
2,第三章　審査,7,第四十八条の七,ARTICLE_REFERENCE,第四十八条の七,32,39
2,第三章　審査,7,第四十八条の七,ARTICLE_REFERENCE,第三十六条,50,55
2,第三章　審査,7,第四十八条の七,ARTICLE_REFERENCE,第四項,55,58
2,第三章　審査,7,第四十八条の七,ARTICLE_REFERENCE,第二号,58,61
2,第三章　審査,7,第四十八条の七,ORGANIZATION,審査官,40,43
2,第三章　審査,7,第四十八条の七,PROCEDURE,発明,13,15
2,第三章　審査,7,第四十八条の七,PROCEDURE,審査,40,42
2,第三章　審査,7,第四十八条の七,PROCEDURE,出願,47,49
2,第三章　審査,7,第四十八条の七,PROCEDURE,出願,86,88
2,第三章　審査,7,第四十八条の七,LEGAL_STATUS,出願人,86,89
2,第三章　審査,8,第四十九条,ARTICLE_REFERENCE,第四十九条,0,5
2,第三章　審査,8,第四十九条,ARTICLE_REFERENCE,第四十九条,14,19
2,第三章　審査,8,第四十九条,ARTICLE_REFERENCE,各号,32,34
2,第三章　審査,8,第四十九条,ARTICLE_REFERENCE,第十七条の二,120,126
2,第三章　審査,8,第四十九条,ARTICLE_REFERENCE,第三項,126,129
2,第三章　審査,8,第四十九条,ARTICLE_REFERENCE,第四項,131,134
2,第三章　審査,8,第四十九条,ARTICLE_REFERENCE,第二十五条,167,172
2,第三章　審査,8,第四十九条,ARTICLE_REFERENCE,第二十九条,173,178
2,第三章　審査,8,第四十九条,ARTICLE_REFERENCE,第二十九条の二,179,186
2,第三章　審査,8,第四十九条,ARTICLE_REFERENCE,第三十二条,187,192
2,第三章　審査,8,第四十九条,ARTICLE_REFERENCE,第三十八条,193,198
2,第三章　審査,8,第四十九条,ARTICLE_REFERENCE,第三十九条,200,205
2,第三章　審査,8,第四十九条,ARTICLE_REFERENCE,第一項,205,208
2,第三章　審査,8,第四十九条,ARTICLE_REFERENCE,第四項,210,213
2,第三章　審査,8,第四十九条,ARTICLE_REFERENCE,第三十六条,294,299
2,第三章　審査,8,第四十九条,ARTICLE_REFERENCE,第四項,299,302
2,第三章　審査,8,第四十九条,ARTICLE_REFERENCE,第一号,302,305
2,第三章　審査,8,第四十九条,ARTICLE_REFERENCE,第六項,309,312
2,第三章　審査,8,第四十九条,ARTICLE_REFERENCE,第三十七条,314,319
2,第三章　審査,8,第四十九条,ARTICLE_REFERENCE,前条,340,342
2,第三章　審査,8,第四十九条,ARTICLE_REFERENCE,第三十六条,392,397
2,第三章　審査,8,第四十九条,ARTICLE_REFERENCE,第四項,397,400
2,第三章　審査,8,第四十九条,ARTICLE_REFERENCE,第二号,400,403
2,第三章　審査,8,第四十九条,TIME_PERIOD,から,208,210
2,第三章　審査,8,第四十九条,TIME_PERIOD,まで,213,215
2,第三章　審査,8,第四十九条,ORGANIZATION,審査官,20,23
2,第三章　審査,8,第四十九条,PROCEDURE,審査,20,22
2,第三章　審査,8,第四十九条,PROCEDURE,出願,27,29
2,第三章　審査,8,第四十九条,PROCEDURE,出願,52,54
2,第三章　審査,8,第四十九条,PROCEDURE,出願,86,88
2,第三章　審査,8,第四十九条,PROCEDURE,明細書,96,99
2,第三章　審査,8,第四十九条,PROCEDURE,請求,102,104
2,第三章　審査,8,第四十九条,PROCEDURE,図面,109,111
2,第三章　審査,8,第四十九条,PROCEDURE,出願,159,161
2,第三章　審査,8,第四十九条,PROCEDURE,発明,164,166
2,第三章　審査,8,第四十九条,PROCEDURE,出願,248,250
2,第三章　審査,8,第四十九条,PROCEDURE,発明,253,255
2,第三章　審査,8,第四十九条,PROCEDURE,出願,291,293
2,第三章　審査,8,第四十九条,PROCEDURE,出願,364,366
2,第三章　審査,8,第四十九条,PROCEDURE,明細書,367,370
2,第三章　審査,8,第四十九条,PROCEDURE,出願,431,433
2,第三章　審査,8,第四十九条,PROCEDURE,出願,439,441
2,第三章　審査,8,第四十九条,PROCEDURE,出願,455,457
2,第三章　審査,8,第四十九条,PROCEDURE,明細書,465,468
2,第三章　審査,8,第四十九条,PROCEDURE,請求,471,473
2,第三章　審査,8,第四十九条,PROCEDURE,図面,478,480
2,第三章　審査,8,第四十九条,PROCEDURE,出願,517,519
2,第三章　審査,8,第四十九条,PROCEDURE,発明,523,525
2,第三章　審査,8,第四十九条,LEGAL_STATUS,拒絶,7,9
2,第三章　審査,8,第四十九条,LEGAL_STATUS,拒絶,58,60
2,第三章　審査,8,第四十九条,LEGAL_STATUS,出願人,517,520
2,第三章　審査,8,第四十九条,LEGAL_STATUS,権利,535,537
2,第三章　審査,9,第五十条,ARTICLE_REFERENCE,第五十条,0,4
2,第三章　審査,9,第五十条,ARTICLE_REFERENCE,第五十条,15,19
2,第三章　審査,9,第五十条,ARTICLE_REFERENCE,第十七条の二,102,108
2,第三章　審査,9,第五十条,ARTICLE_REFERENCE,第一項,108,111
2,第三章　審査,9,第五十条,ARTICLE_REFERENCE,第一号,111,114
2,第三章　審査,9,第五十条,ARTICLE_REFERENCE,第三号,116,119
2,第三章　審査,9,第五十条,ARTICLE_REFERENCE,同項,126,128
2,第三章　審査,9,第五十条,ARTICLE_REFERENCE,第一号,128,131
2,第三章　審査,9,第五十条,ARTICLE_REFERENCE,次条,155,157
2,第三章　審査,9,第五十条,ARTICLE_REFERENCE,第五十三条,180,185
2,第三章　審査,9,第五十条,ARTICLE_REFERENCE,第一項,185,188
2,第三章　審査,9,第五十条,ORGANIZATION,審査官,20,23
2,第三章　審査,9,第五十条,PROCEDURE,審査,20,22
2,第三章　審査,9,第五十条,PROCEDURE,出願,48,50
2,第三章　審査,9,第五十条,LEGAL_STATUS,拒絶,6,8
2,第三章　審査,9,第五十条,LEGAL_STATUS,拒絶,25,27
2,第三章　審査,9,第五十条,LEGAL_STATUS,出願人,48,51
2,第三章　審査,9,第五十条,LEGAL_STATUS,拒絶,55,57
2,第三章　審査,9,第五十条,LEGAL_STATUS,拒絶,143,145
2,第三章　審査,9,第五十条,LEGAL_STATUS,却下,194,196
2,第三章　審査,10,第五十条の二,ARTICLE_REFERENCE,第五十条の二,0,6
2,第三章　審査,10,第五十条の二,ARTICLE_REFERENCE,第五十条の二,31,37
2,第三章　審査,10,第五十条の二,ARTICLE_REFERENCE,前条,43,45
2,第三章　審査,10,第五十条の二,ARTICLE_REFERENCE,第四十四条,124,129
2,第三章　審査,10,第五十条の二,ARTICLE_REFERENCE,第二項,129,132
2,第三章　審査,10,第五十条の二,ARTICLE_REFERENCE,前条,179,181
2,第三章　審査,10,第五十条の二,ARTICLE_REFERENCE,第百五十九条,182,188
2,第三章　審査,10,第五十条の二,ARTICLE_REFERENCE,第二項,188,191
2,第三章　審査,10,第五十条の二,ARTICLE_REFERENCE,第百七十四条,192,198
2,第三章　審査,10,第五十条の二,ARTICLE_REFERENCE,第二項,198,201
2,第三章　審査,10,第五十条の二,ARTICLE_REFERENCE,第百六十三条,218,224
2,第三章　審査,10,第五十条の二,ARTICLE_REFERENCE,第二項,224,227
2,第三章　審査,10,第五十条の二,ORGANIZATION,審査官,38,41
2,第三章　審査,10,第五十条の二,PROCEDURE,審査,38,40
2,第三章　審査,10,第五十条の二,PROCEDURE,出願,53,55
2,第三章　審査,10,第五十条の二,PROCEDURE,出願,93,95
2,第三章　審査,10,第五十条の二,PROCEDURE,出願,100,102
2,第三章　審査,10,第五十条の二,PROCEDURE,出願,109,111
2,第三章　審査,10,第五十条の二,PROCEDURE,出願,150,152
2,第三章　審査,10,第五十条の二,PROCEDURE,出願,255,257
2,第三章　審査,10,第五十条の二,PROCEDURE,出願,262,264
2,第三章　審査,10,第五十条の二,PROCEDURE,審査,264,266
2,第三章　審査,10,第五十条の二,PROCEDURE,請求,267,269
2,第三章　審査,10,第五十条の二,PROCEDURE,出願,275,277
2,第三章　審査,10,第五十条の二,PROCEDURE,出願,278,280
2,第三章　審査,10,第五十条の二,LEGAL_STATUS,拒絶,15,17
2,第三章　審査,10,第五十条の二,LEGAL_STATUS,拒絶,59,61
2,第三章　審査,10,第五十条の二,LEGAL_STATUS,拒絶,82,84
2,第三章　審査,10,第五十条の二,LEGAL_STATUS,出願人,278,281
2,第三章　審査,10,第五十条の二,LEGAL_STATUS,拒絶,308,310
2,第三章　審査,11,第五十一条,ARTICLE_REFERENCE,第五十一条,0,5
2,第三章　審査,11,第五十一条,ARTICLE_REFERENCE,第五十一条,13,18
2,第三章　審査,11,第五十一条,ORGANIZATION,審査官,19,22
2,第三章　審査,11,第五十一条,PROCEDURE,審査,19,21
2,第三章　審査,11,第五十一条,PROCEDURE,出願,26,28
2,第三章　審査,11,第五十一条,LEGAL_STATUS,拒絶,32,34
2,第三章　審査,12,第五十二条,ARTICLE_REFERENCE,第五十二条,0,5
2,第三章　審査,12,第五十二条,ARTICLE_REFERENCE,第五十二条,14,19
2,第三章　審査,12,第五十二条,ORGANIZATION,特許庁長官,53,58
2,第三章　審査,12,第五十二条,PROCEDURE,出願,78,80
2,第三章　審査,12,第五十二条,LEGAL_STATUS,出願人,78,81
2,第三章　審査,13,第五十三条,ARTICLE_REFERENCE,第五十三条,0,5
2,第三章　審査,13,第五十三条,ARTICLE_REFERENCE,第五十三条,14,19
2,第三章　審査,13,第五十三条,ARTICLE_REFERENCE,第十七条の二,20,26
2,第三章　審査,13,第五十三条,ARTICLE_REFERENCE,第一項,26,29
2,第三章　審査,13,第五十三条,ARTICLE_REFERENCE,第一号,29,32
2,第三章　審査,13,第五十三条,ARTICLE_REFERENCE,第三号,34,37
2,第三章　審査,13,第五十三条,ARTICLE_REFERENCE,同項,44,46
2,第三章　審査,13,第五十三条,ARTICLE_REFERENCE,第一号,46,49
2,第三章　審査,13,第五十三条,ARTICLE_REFERENCE,第五十条の二,73,79
2,第三章　審査,13,第五十三条,ARTICLE_REFERENCE,第十七条の二,133,139
2,第三章　審査,13,第五十三条,ARTICLE_REFERENCE,第三項,139,142
2,第三章　審査,13,第五十三条,ARTICLE_REFERENCE,第六項,144,147
2,第三章　審査,13,第五十三条,ARTICLE_REFERENCE,前項,220,222
2,第三章　審査,13,第五十三条,ARTICLE_REFERENCE,第一項,264,267
2,第三章　審査,13,第五十三条,TIME_PERIOD,から,142,144
2,第三章　審査,13,第五十三条,TIME_PERIOD,まで,147,149
2,第三章　審査,13,第五十三条,ORGANIZATION,審査官,189,192
2,第三章　審査,13,第五十三条,PROCEDURE,明細書,109,112
2,第三章　審査,13,第五十三条,PROCEDURE,請求,115,117
2,第三章　審査,13,第五十三条,PROCEDURE,図面,122,124
2,第三章　審査,13,第五十三条,PROCEDURE,審査,189,191
2,第三章　審査,13,第五十三条,PROCEDURE,審判,310,312
2,第三章　審査,13,第五十三条,PROCEDURE,請求,313,315
2,第三章　審査,13,第五十三条,PROCEDURE,審判,323,325
2,第三章　審査,13,第五十三条,LEGAL_STATUS,却下,10,12
2,第三章　審査,13,第五十三条,LEGAL_STATUS,拒絶,61,63
2,第三章　審査,13,第五十三条,LEGAL_STATUS,違反,153,155
2,第三章　審査,13,第五十三条,LEGAL_STATUS,却下,205,207
2,第三章　審査,13,第五十三条,LEGAL_STATUS,却下,228,230
2,第三章　審査,13,第五十三条,LEGAL_STATUS,却下,273,275
2,第三章　審査,13,第五十三条,LEGAL_STATUS,拒絶,304,306
2,第三章　審査,14,第五十四条,ARTICLE_REFERENCE,第五十四条,0,5
2,第三章　審査,14,第五十四条,ARTICLE_REFERENCE,第五十四条,15,20
2,第三章　審査,14,第五十四条,TIME_PERIOD,まで,77,79
2,第三章　審査,14,第五十四条,TIME_PERIOD,まで,159,161
2,第三章　審査,14,第五十四条,PROCEDURE,審査,21,23
2,第三章　審査,15,第五十五条から第六十三条まで,ARTICLE_REFERENCE,第五十五条,0,5
2,第三章　審査,15,第五十五条から第六十三条まで,ARTICLE_REFERENCE,第六十三条,7,12
2,第三章　審査,15,第五十五条から第六十三条まで,ARTICLE_REFERENCE,第五十五条,15,20
2,第三章　審査,15,第五十五条から第六十三条まで,ARTICLE_REFERENCE,第六十三条,22,27
2,第三章　審査,15,第五十五条から第六十三条まで,TIME_PERIOD,から,5,7
2,第三章　審査,15,第五十五条から第六十三条まで,TIME_PERIOD,まで,12,14
2,第三章　審査,15,第五十五条から第六十三条まで,TIME_PERIOD,から,20,22
2,第三章　審査,15,第五十五条から第六十三条まで,TIME_PERIOD,まで,27,29
3,第三章の二　出願公開,0,第六十四条,ARTICLE_REFERENCE,第六十四条,0,5
3,第三章の二　出願公開,0,第六十四条,ARTICLE_REFERENCE,第六十四条,13,18
3,第三章の二　出願公開,0,第六十四条,ARTICLE_REFERENCE,次条,90,92
3,第三章の二　出願公開,0,第六十四条,ARTICLE_REFERENCE,第一項,92,95
3,第三章の二　出願公開,0,第六十四条,ARTICLE_REFERENCE,第四号,159,162
3,第三章の二　出願公開,0,第六十四条,ARTICLE_REFERENCE,第六号,164,167
3,第三章の二　出願公開,0,第六十四条,ARTICLE_REFERENCE,各号,409,411
3,第三章の二　出願公開,0,第六十四条,ARTICLE_REFERENCE,第三十六条,450,455
3,第三章の二　出願公開,0,第六十四条,ARTICLE_REFERENCE,第七項,455,458
3,第三章の二　出願公開,0,第六十四条,ARTICLE_REFERENCE,前項,485,487
3,第三章の二　出願公開,0,第六十四条,ARTICLE_REFERENCE,第五号,487,490
3,第三章の二　出願公開,0,第六十四条,TIME_PERIOD,出願の日,28,32
3,第三章の二　出願公開,0,第六十四条,TIME_PERIOD,から,32,34
3,第三章の二　出願公開,0,第六十四条,TIME_PERIOD,一年六月,34,38
3,第三章の二　出願公開,0,第六十四条,TIME_PERIOD,を経過,38,41
3,第三章の二　出願公開,0,第六十四条,TIME_PERIOD,から,162,164
3,第三章の二　出願公開,0,第六十四条,TIME_PERIOD,まで,167,169
3,第三章の二　出願公開,0,第六十四条,ORGANIZATION,特許庁長官,19,24
3,第三章の二　出願公開,0,第六十四条,ORGANIZATION,特許庁長官,220,225
3,第三章の二　出願公開,0,第六十四条,ORGANIZATION,特許庁長官,429,434
3,第三章の二　出願公開,0,第六十四条,PROCEDURE,出願,7,9
3,第三章の二　出願公開,0,第六十四条,PROCEDURE,出願,28,30
3,第三章の二　出願公開,0,第六十四条,PROCEDURE,出願,69,71
3,第三章の二　出願公開,0,第六十四条,PROCEDURE,出願,75,77
3,第三章の二　出願公開,0,第六十四条,PROCEDURE,出願,100,102
3,第三章の二　出願公開,0,第六十四条,PROCEDURE,請求,105,107
3,第三章の二　出願公開,0,第六十四条,PROCEDURE,出願,124,126
3,第三章の二　出願公開,0,第六十四条,PROCEDURE,出願,246,248
3,第三章の二　出願公開,0,第六十四条,PROCEDURE,出願,269,271
3,第三章の二　出願公開,0,第六十四条,PROCEDURE,発明,282,284
3,第三章の二　出願公開,0,第六十四条,PROCEDURE,明細書,306,309
3,第三章の二　出願公開,0,第六十四条,PROCEDURE,請求,313,315
3,第三章の二　出願公開,0,第六十四条,PROCEDURE,図面,328,330
3,第三章の二　出願公開,0,第六十四条,PROCEDURE,要約書,343,346
3,第三章の二　出願公開,0,第六十四条,PROCEDURE,出願,361,363
3,第三章の二　出願公開,0,第六十四条,PROCEDURE,要約書,379,382
3,第三章の二　出願公開,0,第六十四条,PROCEDURE,出願,393,395
3,第三章の二　出願公開,0,第六十四条,PROCEDURE,要約書,443,446
3,第三章の二　出願公開,0,第六十四条,PROCEDURE,要約書,491,494
3,第三章の二　出願公開,0,第六十四条,LEGAL_STATUS,出願人,246,249
3,第三章の二　出願公開,1,第六十四条の二,ARTICLE_REFERENCE,第六十四条の二,0,7
3,第三章の二　出願公開,1,第六十四条の二,ARTICLE_REFERENCE,第六十四条の二,18,25
3,第三章の二　出願公開,1,第六十四条の二,ARTICLE_REFERENCE,第四十三条,109,114
3,第三章の二　出願公開,1,第六十四条の二,ARTICLE_REFERENCE,第一項,114,117
3,第三章の二　出願公開,1,第六十四条の二,ARTICLE_REFERENCE,第四十三条の二,118,125
3,第三章の二　出願公開,1,第六十四条の二,ARTICLE_REFERENCE,第一項,125,128
3,第三章の二　出願公開,1,第六十四条の二,ARTICLE_REFERENCE,第四十三条の三,129,136
3,第三章の二　出願公開,1,第六十四条の二,ARTICLE_REFERENCE,第三項,136,139
3,第三章の二　出願公開,1,第六十四条の二,ARTICLE_REFERENCE,第四十三条の三,156,163
3,第三章の二　出願公開,1,第六十四条の二,ARTICLE_REFERENCE,第一項,163,166
3,第三章の二　出願公開,1,第六十四条の二,ARTICLE_REFERENCE,第二項,170,173
3,第三章の二　出願公開,1,第六十四条の二,ARTICLE_REFERENCE,第四十三条,197,202
3,第三章の二　出願公開,1,第六十四条の二,ARTICLE_REFERENCE,第二項,202,205
3,第三章の二　出願公開,1,第六十四条の二,ARTICLE_REFERENCE,第四十三条の二,206,213
3,第三章の二　出願公開,1,第六十四条の二,ARTICLE_REFERENCE,第二項,213,216
3,第三章の二　出願公開,1,第六十四条の二,ARTICLE_REFERENCE,第四十三条の三,217,224
3,第三章の二　出願公開,1,第六十四条の二,ARTICLE_REFERENCE,第三項,224,227
3,第三章の二　出願公開,1,第六十四条の二,ARTICLE_REFERENCE,第四十三条の三,244,251
3,第三章の二　出願公開,1,第六十四条の二,ARTICLE_REFERENCE,第三項,251,254
3,第三章の二　出願公開,1,第六十四条の二,ARTICLE_REFERENCE,第四十三条,278,283
3,第三章の二　出願公開,1,第六十四条の二,ARTICLE_REFERENCE,第五項,283,286
3,第三章の二　出願公開,1,第六十四条の二,ARTICLE_REFERENCE,第四十三条の二,287,294
3,第三章の二　出願公開,1,第六十四条の二,ARTICLE_REFERENCE,第二項,294,297
3,第三章の二　出願公開,1,第六十四条の二,ARTICLE_REFERENCE,第四十三条の三,298,305
3,第三章の二　出願公開,1,第六十四条の二,ARTICLE_REFERENCE,第三項,305,308
3,第三章の二　出願公開,1,第六十四条の二,ARTICLE_REFERENCE,第四十三条の三,325,332
3,第三章の二　出願公開,1,第六十四条の二,ARTICLE_REFERENCE,第三項,332,335
3,第三章の二　出願公開,1,第六十四条の二,ARTICLE_REFERENCE,第三十六条の二,400,407
3,第三章の二　出願公開,1,第六十四条の二,ARTICLE_REFERENCE,第二項,407,410
3,第三章の二　出願公開,1,第六十四条の二,ORGANIZATION,特許庁長官,44,49
3,第三章の二　出願公開,1,第六十四条の二,ORGANIZATION,特許庁長官,358,363
3,第三章の二　出願公開,1,第六十四条の二,ORGANIZATION,特許庁長官,425,430
3,第三章の二　出願公開,1,第六十四条の二,PROCEDURE,出願,9,11
3,第三章の二　出願公開,1,第六十四条の二,PROCEDURE,請求,14,16
3,第三章の二　出願公開,1,第六十四条の二,PROCEDURE,出願,28,30
3,第三章の二　出願公開,1,第六十四条の二,PROCEDURE,出願,55,57
3,第三章の二　出願公開,1,第六十四条の二,PROCEDURE,出願,61,63
3,第三章の二　出願公開,1,第六十四条の二,PROCEDURE,請求,66,68
3,第三章の二　出願公開,1,第六十四条の二,PROCEDURE,出願,85,87
3,第三章の二　出願公開,1,第六十四条の二,PROCEDURE,出願,88,90
3,第三章の二　出願公開,1,第六十四条の二,PROCEDURE,出願,106,108
3,第三章の二　出願公開,1,第六十四条の二,PROCEDURE,出願,190,192
3,第三章の二　出願公開,1,第六十四条の二,PROCEDURE,出願,386,388
3,第三章の二　出願公開,1,第六十四条の二,PROCEDURE,出願,394,396
3,第三章の二　出願公開,1,第六十四条の二,PROCEDURE,出願,449,451
3,第三章の二　出願公開,1,第六十四条の二,PROCEDURE,請求,454,456
3,第三章の二　出願公開,1,第六十四条の二,LEGAL_STATUS,出願人,28,31
3,第三章の二　出願公開,2,第六十四条の三,ARTICLE_REFERENCE,第六十四条の三,0,7
3,第三章の二　出願公開,2,第六十四条の三,ARTICLE_REFERENCE,第六十四条の三,8,15
3,第三章の二　出願公開,2,第六十四条の三,ORGANIZATION,特許庁長官,53,58
3,第三章の二　出願公開,2,第六十四条の三,PROCEDURE,出願,16,18
3,第三章の二　出願公開,2,第六十四条の三,PROCEDURE,請求,21,23
3,第三章の二　出願公開,2,第六十四条の三,PROCEDURE,出願,32,34
3,第三章の二　出願公開,2,第六十四条の三,PROCEDURE,請求,49,51
3,第三章の二　出願公開,2,第六十四条の三,PROCEDURE,請求,74,76
3,第三章の二　出願公開,2,第六十四条の三,PROCEDURE,出願,95,97
3,第三章の二　出願公開,2,第六十四条の三,PROCEDURE,請求,100,102
3,第三章の二　出願公開,2,第六十四条の三,PROCEDURE,出願,107,109
3,第三章の二　出願公開,2,第六十四条の三,LEGAL_STATUS,出願人,32,35
3,第三章の二　出願公開,3,第六十五条,LAW_REFERENCE,第三項から第六項まで並びに民法（明治二十九年法,730,753
3,第三章の二　出願公開,3,第六十五条,LAW_REFERENCE,（不法,775,778
3,第三章の二　出願公開,3,第六十五条,LAW_REFERENCE,第一号中「被害者又はその法,879,892
3,第三章の二　出願公開,3,第六十五条,ARTICLE_REFERENCE,第六十五条,0,5
3,第三章の二　出願公開,3,第六十五条,ARTICLE_REFERENCE,第六十五条,17,22
3,第三章の二　出願公開,3,第六十五条,ARTICLE_REFERENCE,前項,245,247
3,第三章の二　出願公開,3,第六十五条,ARTICLE_REFERENCE,第一項,361,364
3,第三章の二　出願公開,3,第六十五条,ARTICLE_REFERENCE,第一項,391,394
3,第三章の二　出願公開,3,第六十五条,ARTICLE_REFERENCE,第百十二条,490,495
3,第三章の二　出願公開,3,第六十五条,ARTICLE_REFERENCE,第六項,495,498
3,第三章の二　出願公開,3,第六十五条,ARTICLE_REFERENCE,第百十二条の二,532,539
3,第三章の二　出願公開,3,第六十五条,ARTICLE_REFERENCE,第二項,539,542
3,第三章の二　出願公開,3,第六十五条,ARTICLE_REFERENCE,第百十四条,578,583
3,第三章の二　出願公開,3,第六十五条,ARTICLE_REFERENCE,第二項,583,586
3,第三章の二　出願公開,3,第六十五条,ARTICLE_REFERENCE,第百二十五条,601,607
3,第三章の二　出願公開,3,第六十五条,ARTICLE_REFERENCE,第一項,639,642
3,第三章の二　出願公開,3,第六十五条,ARTICLE_REFERENCE,第百一条,668,672
3,第三章の二　出願公開,3,第六十五条,ARTICLE_REFERENCE,第百四条,673,677
3,第三章の二　出願公開,3,第六十五条,ARTICLE_REFERENCE,第百四条の三,679,685
3,第三章の二　出願公開,3,第六十五条,ARTICLE_REFERENCE,第百五条,688,692
3,第三章の二　出願公開,3,第六十五条,ARTICLE_REFERENCE,第百五条の二,694,700
3,第三章の二　出願公開,3,第六十五条,ARTICLE_REFERENCE,第百五条の四,706,712
3,第三章の二　出願公開,3,第六十五条,ARTICLE_REFERENCE,第百五条の七,714,720
3,第三章の二　出願公開,3,第六十五条,ARTICLE_REFERENCE,第百六十八条,724,730
3,第三章の二　出願公開,3,第六十五条,ARTICLE_REFERENCE,第三項,730,733
3,第三章の二　出願公開,3,第六十五条,ARTICLE_REFERENCE,第六項,735,738
3,第三章の二　出願公開,3,第六十五条,ARTICLE_REFERENCE,第八十九号,754,759
3,第三章の二　出願公開,3,第六十五条,ARTICLE_REFERENCE,第七百十九条,760,766
3,第三章の二　出願公開,3,第六十五条,ARTICLE_REFERENCE,第七百二十四条,768,775
3,第三章の二　出願公開,3,第六十五条,ARTICLE_REFERENCE,第一項,786,789
3,第三章の二　出願公開,3,第六十五条,ARTICLE_REFERENCE,同条,877,879
3,第三章の二　出願公開,3,第六十五条,ARTICLE_REFERENCE,第一号,879,882
3,第三章の二　出願公開,3,第六十五条,TIME_PERIOD,から,510,512
3,第三章の二　出願公開,3,第六十五条,TIME_PERIOD,から,554,556
3,第三章の二　出願公開,3,第六十五条,TIME_PERIOD,から,650,652
3,第三章の二　出願公開,3,第六十五条,TIME_PERIOD,から,677,679
3,第三章の二　出願公開,3,第六十五条,TIME_PERIOD,まで,685,687
3,第三章の二　出願公開,3,第六十五条,TIME_PERIOD,から,692,694
3,第三章の二　出願公開,3,第六十五条,TIME_PERIOD,まで,703,705
3,第三章の二　出願公開,3,第六十五条,TIME_PERIOD,から,712,714
3,第三章の二　出願公開,3,第六十五条,TIME_PERIOD,まで,720,722
3,第三章の二　出願公開,3,第六十五条,TIME_PERIOD,から,733,735
3,第三章の二　出願公開,3,第六十五条,TIME_PERIOD,まで,738,740
3,第三章の二　出願公開,3,第六十五条,TIME_PERIOD,二十九年,748,752
3,第三章の二　出願公開,3,第六十五条,TIME_PERIOD,設定の登録の日,921,928
3,第三章の二　出願公開,3,第六十五条,PROCEDURE,出願,7,9
3,第三章の二　出願公開,3,第六十五条,PROCEDURE,出願,25,27
3,第三章の二　出願公開,3,第六十五条,PROCEDURE,出願,30,32
3,第三章の二　出願公開,3,第六十五条,PROCEDURE,出願,42,44
3,第三章の二　出願公開,3,第六十五条,PROCEDURE,発明,47,49
3,第三章の二　出願公開,3,第六十五条,PROCEDURE,特許権,78,81
3,第三章の二　出願公開,3,第六十五条,PROCEDURE,登録,85,87
3,第三章の二　出願公開,3,第六十五条,PROCEDURE,発明,95,97
3,第三章の二　出願公開,3,第六十五条,PROCEDURE,発明,109,111
3,第三章の二　出願公開,3,第六十五条,PROCEDURE,発明,114,116
3,第三章の二　出願公開,3,第六十五条,PROCEDURE,請求,152,154
3,第三章の二　出願公開,3,第六十五条,PROCEDURE,出願,179,181
3,第三章の二　出願公開,3,第六十五条,PROCEDURE,出願,189,191
3,第三章の二　出願公開,3,第六十五条,PROCEDURE,発明,194,196
3,第三章の二　出願公開,3,第六十五条,PROCEDURE,特許権,205,208
3,第三章の二　出願公開,3,第六十五条,PROCEDURE,登録,212,214
3,第三章の二　出願公開,3,第六十五条,PROCEDURE,発明,222,224
3,第三章の二　出願公開,3,第六十五条,PROCEDURE,請求,253,255
3,第三章の二　出願公開,3,第六十五条,PROCEDURE,特許権,258,261
3,第三章の二　出願公開,3,第六十五条,PROCEDURE,登録,265,267
3,第三章の二　出願公開,3,第六十五条,PROCEDURE,出願,295,297
3,第三章の二　出願公開,3,第六十五条,PROCEDURE,出願,341,343
3,第三章の二　出願公開,3,第六十五条,PROCEDURE,発明,346,348
3,第三章の二　出願公開,3,第六十五条,PROCEDURE,請求,376,378
3,第三章の二　出願公開,3,第六十五条,PROCEDURE,請求,400,402
3,第三章の二　出願公開,3,第六十五条,PROCEDURE,特許権,408,411
3,第三章の二　出願公開,3,第六十五条,PROCEDURE,出願,423,425
3,第三章の二　出願公開,3,第六十五条,PROCEDURE,出願,431,433
3,第三章の二　出願公開,3,第六十五条,PROCEDURE,出願,460,462
3,第三章の二　出願公開,3,第六十五条,PROCEDURE,特許権,504,507
3,第三章の二　出願公開,3,第六十五条,PROCEDURE,特許権,548,551
3,第三章の二　出願公開,3,第六十五条,PROCEDURE,請求,643,645
3,第三章の二　出願公開,3,第六十五条,PROCEDURE,請求,795,797
3,第三章の二　出願公開,3,第六十五条,PROCEDURE,請求,822,824
3,第三章の二　出願公開,3,第六十五条,PROCEDURE,特許権,831,834
3,第三章の二　出願公開,3,第六十五条,PROCEDURE,登録,838,840
3,第三章の二　出願公開,3,第六十五条,PROCEDURE,出願,846,848
3,第三章の二　出願公開,3,第六十五条,PROCEDURE,発明,851,853
3,第三章の二　出願公開,3,第六十五条,PROCEDURE,特許権,917,920
3,第三章の二　出願公開,3,第六十五条,PROCEDURE,登録,924,926
3,第三章の二　出願公開,3,第六十五条,LEGAL_STATUS,出願人,25,28
3,第三章の二　出願公開,3,第六十五条,LEGAL_STATUS,出願人,295,298
3,第三章の二　出願公開,3,第六十五条,LEGAL_STATUS,却下,450,452
3,第三章の二　出願公開,3,第六十五条,LEGAL_STATUS,拒絶,466,468
3,第三章の二　出願公開,3,第六十五条,LEGAL_STATUS,取消,587,589
3,第三章の二　出願公開,3,第六十五条,LEGAL_STATUS,無効,620,622
3,第三章の二　出願公開,3,第六十五条,LEGAL_STATUS,代理人,893,896
3,第三章の二　出願公開,3,第六十五条,LEGAL_STATUS,損害,897,899
4,第四章　特許権,0,第六十六条,ARTICLE_REFERENCE,第六十六条,0,5
4,第四章　特許権,0,第六十六条,ARTICLE_REFERENCE,第六十六条,18,23
4,第四章　特許権,0,第六十六条,ARTICLE_REFERENCE,第百七条,45,49
4,第四章　特許権,0,第六十六条,ARTICLE_REFERENCE,第一項,49,52
4,第四章　特許権,0,第六十六条,ARTICLE_REFERENCE,前項,118,120
4,第四章　特許権,0,第六十六条,ARTICLE_REFERENCE,第五号,160,163
4,第四章　特許権,0,第六十六条,ARTICLE_REFERENCE,各号,340,342
4,第四章　特許権,0,第六十六条,ARTICLE_REFERENCE,第六十四条,360,365
4,第四章　特許権,0,第六十六条,ARTICLE_REFERENCE,第三項,365,368
4,第四章　特許権,0,第六十六条,ARTICLE_REFERENCE,前項,373,375
4,第四章　特許権,0,第六十六条,ARTICLE_REFERENCE,同項,381,383
4,第四章　特許権,0,第六十六条,ARTICLE_REFERENCE,第五号,383,386
4,第四章　特許権,0,第六十六条,TIME_PERIOD,一年,59,61
4,第四章　特許権,0,第六十六条,TIME_PERIOD,から,61,63
4,第四章　特許権,0,第六十六条,TIME_PERIOD,三年,64,66
4,第四章　特許権,0,第六十六条,TIME_PERIOD,まで,66,68
4,第四章　特許権,0,第六十六条,PROCEDURE,特許権,7,10
4,第四章　特許権,0,第六十六条,PROCEDURE,登録,14,16
4,第四章　特許権,0,第六十六条,PROCEDURE,特許権,24,27
4,第四章　特許権,0,第六十六条,PROCEDURE,登録,32,34
4,第四章　特許権,0,第六十六条,PROCEDURE,特許権,102,105
4,第四章　特許権,0,第六十六条,PROCEDURE,登録,109,111
4,第四章　特許権,0,第六十六条,PROCEDURE,登録,121,123
4,第四章　特許権,0,第六十六条,PROCEDURE,出願,179,181
4,第四章　特許権,0,第六十六条,PROCEDURE,出願,185,187
4,第四章　特許権,0,第六十六条,PROCEDURE,特許権,210,213
4,第四章　特許権,0,第六十六条,PROCEDURE,出願,234,236
4,第四章　特許権,0,第六十六条,PROCEDURE,発明,247,249
4,第四章　特許権,0,第六十六条,PROCEDURE,明細書,271,274
4,第四章　特許権,0,第六十六条,PROCEDURE,請求,278,280
4,第四章　特許権,0,第六十六条,PROCEDURE,図面,293,295
4,第四章　特許権,0,第六十六条,PROCEDURE,要約書,308,311
4,第四章　特許権,0,第六十六条,PROCEDURE,登録,330,332
4,第四章　特許権,0,第六十六条,PROCEDURE,要約書,387,390
4,第四章　特許権,1,第六十七条,LAW_REFERENCE, 特許権の存続期間は、特許出願の日から二十年をもつて終了する。 ２ 前項に規定する存続期間は、特許権の設定の登録が特許出願の日から起算して五年を経過した日又は出願審査の請求があつた日から起算して三年を経過した日のいずれか遅い日（以下「基準日」という。）以後にされたときは、延長登録の出願により延長することができる。 ３ 前項の規定により延長することができる期間は、基準日から特許権の設定の登録の日までの期間に相当する期間から、次の各号に掲げる期間を合算した期間（これらの期間のうち重複する期間がある場合には、当該重複する期間を合算した期間を除いた期間）に相当する期間を控除した期間（以下「延長可能期間」という。）を超えない範囲内の期間とする。 一 その特許出願に係るこの法,18,354
4,第四章　特許権,1,第六十七条,LAW_REFERENCE,を除く。）、実用新案法若しくは工業所有権に関する手続等の特例に関する法律（平成二年法律第三十号）又はこれらの法律に基づく命令の規定による通知又は命令（特許庁長官又は審査官が行うものに限る。）があつた場合において当該通知又は命令を受けた場合に執るべき手続が執られたときにおける当該通知又は命令があつた日から当該執るべき手続が執られた日までの期間 二 その特許出願に係るこの法律又はこの法律に基づく命令（次号、第五号及び第十号において「特許法令」という。）の規定による手続を執るべき期間の延長があつた場合における当該手続を執るべき期間が経過した日から当該手続をした日までの期間 三 その特許出願に係る特許法令の規定による手続であつて当該手続を執るべき期間の定めがあるものについて特許法令の規定により出願人が当該手続を執るべき期間の経過後であつても当該手続を執ることができる場合において当該手続をしたときにおける当該手続を執るべき期間が経過した日から当該手続をした日までの期間 四 その特許出願に係るこの法律若しくは工業所有権に関する手続等の特例に関する法律又はこれらの法律に基づく命令（第八号及び第九号において「特許法関係法令」という。）の規定による処分又は通知について出願人の申出その他の行為により当該処分又は通知を保留した場合における当該申出その他の行為があつた日から当該処分又は通知を保留する理由がなくなつた日までの期間 五 その特許出願に係る特許法,370,996
4,第四章　特許権,1,第六十七条,LAW_REFERENCE,の規定による特許をすべき旨の査定があつた場合 拒絶をすべき旨の査定の謄本の送達があつた日から当該特許をすべき旨の査定の謄本の送達があつた日までの期間 八 その特許出願に係る特許法関係法令の規定による処分について行政不服審査法（平成二十六年法律第六十八号）の規定による審査請求に対する裁決が確定した場合における当該審査請求の日から当該裁決の謄本の送達があつた日までの期間 九 その特許出願に係る特許法関係法令の規定による処分について行政事件訴訟法（昭和三十七年法律第百三十九号）の規定による訴えの判決が確定した場合における当該訴えの提起の日から当該訴えの判決が確定した日までの期間 十 その特許出願に係る特許法,1523,1827
4,第四章　特許権,1,第六十七条,LAW_REFERENCE,第一項において同じ。）は、その特許発明の実施について安全性の確保等を目的とする法,1946,1986
4,第四章　特許権,1,第六十七条,LAW_REFERENCE,政令,2046,2048
4,第四章　特許権,1,第六十七条,ARTICLE_REFERENCE,第六十七条,0,5
4,第四章　特許権,1,第六十七条,ARTICLE_REFERENCE,第六十七条,13,18
4,第四章　特許権,1,第六十七条,ARTICLE_REFERENCE,前項,52,54
4,第四章　特許権,1,第六十七条,ARTICLE_REFERENCE,前項,178,180
4,第四章　特許権,1,第六十七条,ARTICLE_REFERENCE,各号,233,235
4,第四章　特許権,1,第六十七条,ARTICLE_REFERENCE,第三十九条,356,361
4,第四章　特許権,1,第六十七条,ARTICLE_REFERENCE,第六項,361,364
4,第四章　特許権,1,第六十七条,ARTICLE_REFERENCE,第五十条,366,370
4,第四章　特許権,1,第六十七条,ARTICLE_REFERENCE,第三十号,413,417
4,第四章　特許権,1,第六十七条,ARTICLE_REFERENCE,次号,570,572
4,第四章　特許権,1,第六十七条,ARTICLE_REFERENCE,第五号,573,576
4,第四章　特許権,1,第六十七条,ARTICLE_REFERENCE,第十号,578,581
4,第四章　特許権,1,第六十七条,ARTICLE_REFERENCE,第八号,861,864
4,第四章　特許権,1,第六十七条,ARTICLE_REFERENCE,第九号,866,869
4,第四章　特許権,1,第六十七条,ARTICLE_REFERENCE,第三十八条の四,1112,1119
4,第四章　特許権,1,第六十七条,ARTICLE_REFERENCE,第七項,1119,1122
4,第四章　特許権,1,第六十七条,ARTICLE_REFERENCE,同条,1159,1161
4,第四章　特許権,1,第六十七条,ARTICLE_REFERENCE,第三項,1161,1164
4,第四章　特許権,1,第六十七条,ARTICLE_REFERENCE,同条,1178,1180
4,第四章　特許権,1,第六十七条,ARTICLE_REFERENCE,第七項,1180,1183
4,第四章　特許権,1,第六十七条,ARTICLE_REFERENCE,第百五十九条,1280,1286
4,第四章　特許権,1,第六十七条,ARTICLE_REFERENCE,第三項,1286,1289
4,第四章　特許権,1,第六十七条,ARTICLE_REFERENCE,第百七十四条,1290,1296
4,第四章　特許権,1,第六十七条,ARTICLE_REFERENCE,第二項,1296,1299
4,第四章　特許権,1,第六十七条,ARTICLE_REFERENCE,第五十一条,1322,1327
4,第四章　特許権,1,第六十七条,ARTICLE_REFERENCE,第百六十条,1396,1401
4,第四章　特許権,1,第六十七条,ARTICLE_REFERENCE,第一項,1401,1404
4,第四章　特許権,1,第六十七条,ARTICLE_REFERENCE,第百七十四条,1405,1411
4,第四章　特許権,1,第六十七条,ARTICLE_REFERENCE,第二項,1411,1414
4,第四章　特許権,1,第六十七条,ARTICLE_REFERENCE,第百六十三条,1501,1507
4,第四章　特許権,1,第六十七条,ARTICLE_REFERENCE,第三項,1507,1510
4,第四章　特許権,1,第六十七条,ARTICLE_REFERENCE,第五十一条,1518,1523
4,第四章　特許権,1,第六十七条,ARTICLE_REFERENCE,第六十八号,1644,1649
4,第四章　特許権,1,第六十七条,ARTICLE_REFERENCE,第百三十九号,1754,1760
4,第四章　特許権,1,第六十七条,ARTICLE_REFERENCE,第一項,1873,1876
4,第四章　特許権,1,第六十七条,ARTICLE_REFERENCE,第二項,1886,1889
4,第四章　特許権,1,第六十七条,ARTICLE_REFERENCE,第六十七条の五,1918,1925
4,第四章　特許権,1,第六十七条,ARTICLE_REFERENCE,第三項,1925,1928
4,第四章　特許権,1,第六十七条,ARTICLE_REFERENCE,第六十八条の二,1933,1940
4,第四章　特許権,1,第六十七条,ARTICLE_REFERENCE,第百七条,1942,1946
4,第四章　特許権,1,第六十七条,ARTICLE_REFERENCE,第一項,1946,1949
4,第四章　特許権,1,第六十七条,TIME_PERIOD,出願の日,31,35
4,第四章　特許権,1,第六十七条,TIME_PERIOD,から,35,37
4,第四章　特許権,1,第六十七条,TIME_PERIOD,二十年,37,40
4,第四章　特許権,1,第六十七条,TIME_PERIOD,出願の日,77,81
4,第四章　特許権,1,第六十七条,TIME_PERIOD,から,81,83
4,第四章　特許権,1,第六十七条,TIME_PERIOD,五年,87,89
4,第四章　特許権,1,第六十七条,TIME_PERIOD,を経過,89,92
4,第四章　特許権,1,第六十七条,TIME_PERIOD,から,109,111
4,第四章　特許権,1,第六十七条,TIME_PERIOD,三年,115,117
4,第四章　特許権,1,第六十七条,TIME_PERIOD,を経過,117,120
4,第四章　特許権,1,第六十七条,TIME_PERIOD,から,203,205
4,第四章　特許権,1,第六十七条,TIME_PERIOD,設定の登録の日,209,216
4,第四章　特許権,1,第六十七条,TIME_PERIOD,まで,216,218
4,第四章　特許権,1,第六十七条,TIME_PERIOD,から,228,230
4,第四章　特許権,1,第六十七条,TIME_PERIOD,二年,409,411
4,第四章　特許権,1,第六十七条,TIME_PERIOD,から,520,522
4,第四章　特許権,1,第六十七条,TIME_PERIOD,まで,536,538
4,第四章　特許権,1,第六十七条,TIME_PERIOD,から,641,643
4,第四章　特許権,1,第六十七条,TIME_PERIOD,まで,651,653
4,第四章　特許権,1,第六十七条,TIME_PERIOD,から,790,792
4,第四章　特許権,1,第六十七条,TIME_PERIOD,まで,800,802
4,第四章　特許権,1,第六十七条,TIME_PERIOD,から,952,954
4,第四章　特許権,1,第六十七条,TIME_PERIOD,まで,976,978
4,第四章　特許権,1,第六十七条,TIME_PERIOD,から,1084,1086
4,第四章　特許権,1,第六十七条,TIME_PERIOD,まで,1095,1097
4,第四章　特許権,1,第六十七条,TIME_PERIOD,から,1176,1178
4,第四章　特許権,1,第六十七条,TIME_PERIOD,まで,1207,1209
4,第四章　特許権,1,第六十七条,TIME_PERIOD,から,1248,1250
4,第四章　特許権,1,第六十七条,TIME_PERIOD,まで,1251,1253
4,第四章　特許権,1,第六十七条,TIME_PERIOD,から,1266,1268
4,第四章　特許権,1,第六十七条,TIME_PERIOD,まで,1269,1271
4,第四章　特許権,1,第六十七条,TIME_PERIOD,から,1371,1373
4,第四章　特許権,1,第六十七条,TIME_PERIOD,まで,1388,1390
4,第四章　特許権,1,第六十七条,TIME_PERIOD,から,1476,1478
4,第四章　特許権,1,第六十七条,TIME_PERIOD,まで,1493,1495
4,第四章　特許権,1,第六十七条,TIME_PERIOD,から,1567,1569
4,第四章　特許権,1,第六十七条,TIME_PERIOD,まで,1592,1594
4,第四章　特許権,1,第六十七条,TIME_PERIOD,二十六年,1638,1642
4,第四章　特許権,1,第六十七条,TIME_PERIOD,から,1685,1687
4,第四章　特許権,1,第六十七条,TIME_PERIOD,まで,1702,1704
4,第四章　特許権,1,第六十七条,TIME_PERIOD,三十七年,1748,1752
4,第四章　特許権,1,第六十七条,TIME_PERIOD,から,1792,1794
4,第四章　特許権,1,第六十七条,TIME_PERIOD,まで,1807,1809
4,第四章　特許権,1,第六十七条,TIME_PERIOD,から,2016,2018
4,第四章　特許権,1,第六十七条,TIME_PERIOD,五年,2099,2101
4,第四章　特許権,1,第六十七条,MONEY_AMOUNT,手数料,1008,1011
4,第四章　特許権,1,第六十七条,MONEY_AMOUNT,手数料,1025,1028
4,第四章　特許権,1,第六十七条,ORGANIZATION,特許庁長官,445,450
4,第四章　特許権,1,第六十七条,ORGANIZATION,審査官,452,455
4,第四章　特許権,1,第六十七条,PROCEDURE,特許権,19,22
4,第四章　特許権,1,第六十七条,PROCEDURE,出願,31,33
4,第四章　特許権,1,第六十七条,PROCEDURE,特許権,65,68
4,第四章　特許権,1,第六十七条,PROCEDURE,登録,72,74
4,第四章　特許権,1,第六十七条,PROCEDURE,出願,77,79
4,第四章　特許権,1,第六十七条,PROCEDURE,出願,97,99
4,第四章　特許権,1,第六十七条,PROCEDURE,審査,99,101
4,第四章　特許権,1,第六十七条,PROCEDURE,請求,102,104
4,第四章　特許権,1,第六十七条,PROCEDURE,登録,156,158
4,第四章　特許権,1,第六十七条,PROCEDURE,出願,159,161
4,第四章　特許権,1,第六十七条,PROCEDURE,特許権,205,208
4,第四章　特許権,1,第六十七条,PROCEDURE,登録,212,214
4,第四章　特許権,1,第六十七条,PROCEDURE,出願,346,348
4,第四章　特許権,1,第六十七条,PROCEDURE,審査,452,454
4,第四章　特許権,1,第六十七条,PROCEDURE,出願,548,550
4,第四章　特許権,1,第六十七条,PROCEDURE,出願,663,665
4,第四章　特許権,1,第六十七条,PROCEDURE,出願,717,719
4,第四章　特許権,1,第六十七条,PROCEDURE,出願,812,814
4,第四章　特許権,1,第六十七条,PROCEDURE,出願,903,905
4,第四章　特許権,1,第六十七条,PROCEDURE,出願,988,990
4,第四章　特許権,1,第六十七条,PROCEDURE,申請,1077,1079
4,第四章　特許権,1,第六十七条,PROCEDURE,出願,1107,1109
4,第四章　特許権,1,第六十七条,PROCEDURE,明細書,1128,1131
4,第四章　特許権,1,第六十七条,PROCEDURE,明細書,1151,1154
4,第四章　特許権,1,第六十七条,PROCEDURE,明細書,1191,1194
4,第四章　特許権,1,第六十七条,PROCEDURE,出願,1219,1221
4,第四章　特許権,1,第六十七条,PROCEDURE,審判,1230,1232
4,第四章　特許権,1,第六十七条,PROCEDURE,請求,1233,1235
4,第四章　特許権,1,第六十七条,PROCEDURE,審査,1437,1439
4,第四章　特許権,1,第六十七条,PROCEDURE,出願,1604,1606
4,第四章　特許権,1,第六十七条,PROCEDURE,審査,1632,1634
4,第四章　特許権,1,第六十七条,PROCEDURE,審査,1656,1658
4,第四章　特許権,1,第六十七条,PROCEDURE,請求,1658,1660
4,第四章　特許権,1,第六十七条,PROCEDURE,審査,1679,1681
4,第四章　特許権,1,第六十七条,PROCEDURE,請求,1681,1683
4,第四章　特許権,1,第六十七条,PROCEDURE,出願,1714,1716
4,第四章　特許権,1,第六十七条,PROCEDURE,出願,1819,1821
4,第四章　特許権,1,第六十七条,PROCEDURE,発明,1963,1965
4,第四章　特許権,1,第六十七条,PROCEDURE,発明,2074,2076
4,第四章　特許権,1,第六十七条,PROCEDURE,登録,2110,2112
4,第四章　特許権,1,第六十七条,PROCEDURE,出願,2113,2115
4,第四章　特許権,1,第六十七条,LEGAL_STATUS,出願人,717,720
4,第四章　特許権,1,第六十七条,LEGAL_STATUS,出願人,903,906
4,第四章　特許権,1,第六十七条,LEGAL_STATUS,拒絶,1224,1226
4,第四章　特許権,1,第六十七条,LEGAL_STATUS,拒絶,1350,1352
4,第四章　特許権,1,第六十七条,LEGAL_STATUS,拒絶,1455,1457
4,第四章　特許権,1,第六十七条,LEGAL_STATUS,拒絶,1546,1548
4,第四章　特許権,2,第六十七条の二,LAW_REFERENCE,省令,170,172
4,第四章　特許権,2,第六十七条の二,ARTICLE_REFERENCE,第六十七条の二,0,7
4,第四章　特許権,2,第六十七条の二,ARTICLE_REFERENCE,第六十七条の二,20,27
4,第四章　特許権,2,第六十七条の二,ARTICLE_REFERENCE,前条,28,30
4,第四章　特許権,2,第六十七条の二,ARTICLE_REFERENCE,第二項,30,33
4,第四章　特許権,2,第六十七条の二,ARTICLE_REFERENCE,前項,158,160
4,第四章　特許権,2,第六十七条の二,ARTICLE_REFERENCE,同項,183,185
4,第四章　特許権,2,第六十七条の二,ARTICLE_REFERENCE,第三号,185,188
4,第四章　特許権,2,第六十七条の二,ARTICLE_REFERENCE,前条,223,225
4,第四章　特許権,2,第六十七条の二,ARTICLE_REFERENCE,第二項,225,228
4,第四章　特許権,2,第六十七条の二,ARTICLE_REFERENCE,同条,380,382
4,第四章　特許権,2,第六十七条の二,ARTICLE_REFERENCE,第一項,382,385
4,第四章　特許権,2,第六十七条の二,ARTICLE_REFERENCE,前条,446,448
4,第四章　特許権,2,第六十七条の二,ARTICLE_REFERENCE,第二項,448,451
4,第四章　特許権,2,第六十七条の二,ARTICLE_REFERENCE,前条,473,475
4,第四章　特許権,2,第六十七条の二,ARTICLE_REFERENCE,第二項,475,478
4,第四章　特許権,2,第六十七条の二,ARTICLE_REFERENCE,同条,494,496
4,第四章　特許権,2,第六十七条の二,ARTICLE_REFERENCE,第一項,496,499
4,第四章　特許権,2,第六十七条の二,ARTICLE_REFERENCE,次条,551,553
4,第四章　特許権,2,第六十七条の二,ARTICLE_REFERENCE,第三項,553,556
4,第四章　特許権,2,第六十七条の二,ARTICLE_REFERENCE,前条,580,582
4,第四章　特許権,2,第六十七条の二,ARTICLE_REFERENCE,第二項,582,585
4,第四章　特許権,2,第六十七条の二,ARTICLE_REFERENCE,第一項,601,604
4,第四章　特許権,2,第六十七条の二,ARTICLE_REFERENCE,各号,604,606
4,第四章　特許権,2,第六十七条の二,TIME_PERIOD,設定の登録の日,242,249
4,第四章　特許権,2,第六十七条の二,TIME_PERIOD,から,249,251
4,第四章　特許権,2,第六十七条の二,TIME_PERIOD,三月,251,253
4,第四章　特許権,2,第六十七条の二,TIME_PERIOD,から,314,316
4,第四章　特許権,2,第六十七条の二,TIME_PERIOD,十四日,316,319
4,第四章　特許権,2,第六十七条の二,TIME_PERIOD,二月,329,331
4,第四章　特許権,2,第六十七条の二,TIME_PERIOD,を経過,332,335
4,第四章　特許権,2,第六十七条の二,TIME_PERIOD,まで,338,340
4,第四章　特許権,2,第六十七条の二,TIME_PERIOD,九月,349,351
4,第四章　特許権,2,第六十七条の二,TIME_PERIOD,九月,359,361
4,第四章　特許権,2,第六十七条の二,TIME_PERIOD,以内,363,365
4,第四章　特許権,2,第六十七条の二,ORGANIZATION,特許庁長官,66,71
4,第四章　特許権,2,第六十七条の二,PROCEDURE,登録,16,18
4,第四章　特許権,2,第六十七条の二,PROCEDURE,登録,36,38
4,第四章　特許権,2,第六十七条の二,PROCEDURE,出願,39,41
4,第四章　特許権,2,第六十七条の二,PROCEDURE,出願,87,89
4,第四章　特許権,2,第六十七条の二,PROCEDURE,出願,128,130
4,第四章　特許権,2,第六十七条の二,PROCEDURE,出願,141,143
4,第四章　特許権,2,第六十七条の二,PROCEDURE,審査,143,145
4,第四章　特許権,2,第六十七条の二,PROCEDURE,請求,146,148
4,第四章　特許権,2,第六十七条の二,PROCEDURE,登録,231,233
4,第四章　特許権,2,第六十七条の二,PROCEDURE,出願,234,236
4,第四章　特許権,2,第六十七条の二,PROCEDURE,特許権,238,241
4,第四章　特許権,2,第六十七条の二,PROCEDURE,登録,245,247
4,第四章　特許権,2,第六十七条の二,PROCEDURE,出願,254,256
4,第四章　特許権,2,第六十七条の二,PROCEDURE,出願,287,289
4,第四章　特許権,2,第六十七条の二,PROCEDURE,特許権,413,416
4,第四章　特許権,2,第六十七条の二,PROCEDURE,登録,454,456
4,第四章　特許権,2,第六十七条の二,PROCEDURE,出願,457,459
4,第四章　特許権,2,第六十七条の二,PROCEDURE,登録,481,483
4,第四章　特許権,2,第六十七条の二,PROCEDURE,出願,484,486
4,第四章　特許権,2,第六十七条の二,PROCEDURE,出願,528,530
4,第四章　特許権,2,第六十七条の二,PROCEDURE,登録,559,561
4,第四章　特許権,2,第六十七条の二,PROCEDURE,登録,588,590
4,第四章　特許権,2,第六十七条の二,PROCEDURE,出願,591,593
4,第四章　特許権,2,第六十七条の二,LEGAL_STATUS,出願人,87,90
4,第四章　特許権,2,第六十七条の二,LEGAL_STATUS,拒絶,534,536
4,第四章　特許権,3,第六十七条の三,ARTICLE_REFERENCE,第六十七条の三,0,7
4,第四章　特許権,3,第六十七条の三,ARTICLE_REFERENCE,第六十七条の三,8,15
4,第四章　特許権,3,第六十七条の三,ARTICLE_REFERENCE,第六十七条,21,26
4,第四章　特許権,3,第六十七条の三,ARTICLE_REFERENCE,第二項,26,29
4,第四章　特許権,3,第六十七条の三,ARTICLE_REFERENCE,各号,40,42
4,第四章　特許権,3,第六十七条の三,ARTICLE_REFERENCE,前条,189,191
4,第四章　特許権,3,第六十七条の三,ARTICLE_REFERENCE,第四項,191,194
4,第四章　特許権,3,第六十七条の三,ARTICLE_REFERENCE,第六十七条,220,225
4,第四章　特許権,3,第六十七条の三,ARTICLE_REFERENCE,第二項,225,228
4,第四章　特許権,3,第六十七条の三,ARTICLE_REFERENCE,前項,281,283
4,第四章　特許権,3,第六十七条の三,ARTICLE_REFERENCE,前項,305,307
4,第四章　特許権,3,第六十七条の三,ARTICLE_REFERENCE,第六十七条,377,382
4,第四章　特許権,3,第六十七条の三,ARTICLE_REFERENCE,第二項,382,385
4,第四章　特許権,3,第六十七条の三,ORGANIZATION,審査官,16,19
4,第四章　特許権,3,第六十七条の三,ORGANIZATION,審査官,215,218
4,第四章　特許権,3,第六十七条の三,PROCEDURE,審査,16,18
4,第四章　特許権,3,第六十七条の三,PROCEDURE,登録,32,34
4,第四章　特許権,3,第六十七条の三,PROCEDURE,出願,35,37
4,第四章　特許権,3,第六十七条の三,PROCEDURE,出願,58,60
4,第四章　特許権,3,第六十七条の三,PROCEDURE,特許権,90,93
4,第四章　特許権,3,第六十七条の三,PROCEDURE,登録,97,99
4,第四章　特許権,3,第六十七条の三,PROCEDURE,特許権,131,134
4,第四章　特許権,3,第六十七条の三,PROCEDURE,出願,162,164
4,第四章　特許権,3,第六十七条の三,PROCEDURE,特許権,171,174
4,第四章　特許権,3,第六十七条の三,PROCEDURE,出願,186,188
4,第四章　特許権,3,第六十七条の三,PROCEDURE,審査,215,217
4,第四章　特許権,3,第六十七条の三,PROCEDURE,登録,231,233
4,第四章　特許権,3,第六十七条の三,PROCEDURE,出願,234,236
4,第四章　特許権,3,第六十七条の三,PROCEDURE,登録,257,259
4,第四章　特許権,3,第六十七条の三,PROCEDURE,登録,296,298
4,第四章　特許権,3,第六十七条の三,PROCEDURE,登録,310,312
4,第四章　特許権,3,第六十七条の三,PROCEDURE,特許権,348,351
4,第四章　特許権,3,第六十七条の三,PROCEDURE,登録,388,390
4,第四章　特許権,3,第六十七条の三,PROCEDURE,出願,391,393
4,第四章　特許権,3,第六十七条の三,PROCEDURE,登録,406,408
4,第四章　特許権,3,第六十七条の三,PROCEDURE,出願,425,427
4,第四章　特許権,3,第六十七条の三,PROCEDURE,出願,438,440
4,第四章　特許権,3,第六十七条の三,PROCEDURE,審査,440,442
4,第四章　特許権,3,第六十七条の三,PROCEDURE,請求,443,445
4,第四章　特許権,3,第六十七条の三,LEGAL_STATUS,拒絶,64,66
4,第四章　特許権,3,第六十七条の三,LEGAL_STATUS,拒絶,240,242
4,第四章　特許権,4,第六十七条の四,ARTICLE_REFERENCE,第六十七条の四,0,7
4,第四章　特許権,4,第六十七条の四,ARTICLE_REFERENCE,第六十七条の四,8,15
4,第四章　特許権,4,第六十七条の四,ARTICLE_REFERENCE,第四十七条,16,21
4,第四章　特許権,4,第六十七条の四,ARTICLE_REFERENCE,第一項,21,24
4,第四章　特許権,4,第六十七条の四,ARTICLE_REFERENCE,第五十条,25,29
4,第四章　特許権,4,第六十七条の四,ARTICLE_REFERENCE,第五十二条,30,35
4,第四章　特許権,4,第六十七条の四,ARTICLE_REFERENCE,第百三十九条,37,43
4,第四章　特許権,4,第六十七条の四,ARTICLE_REFERENCE,第七号,44,47
4,第四章　特許権,4,第六十七条の四,ARTICLE_REFERENCE,第六十七条,57,62
4,第四章　特許権,4,第六十七条の四,ARTICLE_REFERENCE,第二項,62,65
4,第四章　特許権,4,第六十七条の四,ARTICLE_REFERENCE,第百三十九条,94,100
4,第四章　特許権,4,第六十七条の四,ARTICLE_REFERENCE,第六号,100,103
4,第四章　特許権,4,第六十七条の四,ARTICLE_REFERENCE,第六十七条,123,128
4,第四章　特許権,4,第六十七条の四,ARTICLE_REFERENCE,第二項,128,131
4,第四章　特許権,4,第六十七条の四,PROCEDURE,登録,68,70
4,第四章　特許権,4,第六十七条の四,PROCEDURE,出願,71,73
4,第四章　特許権,4,第六十七条の四,PROCEDURE,審査,74,76
4,第四章　特許権,4,第六十七条の四,PROCEDURE,登録,134,136
4,第四章　特許権,4,第六十七条の四,PROCEDURE,出願,137,139
4,第四章　特許権,4,第六十七条の四,PROCEDURE,特許権,143,146
4,第四章　特許権,4,第六十七条の四,PROCEDURE,出願,151,153
4,第四章　特許権,5,第六十七条の五,LAW_REFERENCE,政令,139,141
4,第四章　特許権,5,第六十七条の五,LAW_REFERENCE,省令,165,167
4,第四章　特許権,5,第六十七条の五,LAW_REFERENCE,政令,227,229
4,第四章　特許権,5,第六十七条の五,LAW_REFERENCE,政令,242,244
4,第四章　特許権,5,第六十七条の五,ARTICLE_REFERENCE,第六十七条の五,0,7
4,第四章　特許権,5,第六十七条の五,ARTICLE_REFERENCE,第六十七条の五,8,15
4,第四章　特許権,5,第六十七条の五,ARTICLE_REFERENCE,第六十七条,16,21
4,第四章　特許権,5,第六十七条の五,ARTICLE_REFERENCE,第四項,21,24
4,第四章　特許権,5,第六十七条の五,ARTICLE_REFERENCE,第六十七条,130,135
4,第四章　特許権,5,第六十七条の五,ARTICLE_REFERENCE,第四項,135,138
4,第四章　特許権,5,第六十七条の五,ARTICLE_REFERENCE,前項,153,155
4,第四章　特許権,5,第六十七条の五,ARTICLE_REFERENCE,第六十七条,206,211
4,第四章　特許権,5,第六十七条の五,ARTICLE_REFERENCE,第四項,211,214
4,第四章　特許権,5,第六十七条の五,ARTICLE_REFERENCE,同項,224,226
4,第四章　特許権,5,第六十七条の五,ARTICLE_REFERENCE,同条,266,268
4,第四章　特許権,5,第六十七条の五,ARTICLE_REFERENCE,第一項,268,271
4,第四章　特許権,5,第六十七条の五,ARTICLE_REFERENCE,第六十七条の二,299,306
4,第四章　特許権,5,第六十七条の五,ARTICLE_REFERENCE,第四項,306,309
4,第四章　特許権,5,第六十七条の五,ARTICLE_REFERENCE,第六項,311,314
4,第四章　特許権,5,第六十七条の五,ARTICLE_REFERENCE,第六十七条,321,326
4,第四章　特許権,5,第六十七条の五,ARTICLE_REFERENCE,第四項,326,329
4,第四章　特許権,5,第六十七条の五,ARTICLE_REFERENCE,第六十七条の二,355,362
4,第四章　特許権,5,第六十七条の五,ARTICLE_REFERENCE,第五項,362,365
4,第四章　特許権,5,第六十七条の五,ARTICLE_REFERENCE,次条,371,373
4,第四章　特許権,5,第六十七条の五,ARTICLE_REFERENCE,第三項,373,376
4,第四章　特許権,5,第六十七条の五,ARTICLE_REFERENCE,第六十七条の七,383,390
4,第四章　特許権,5,第六十七条の五,ARTICLE_REFERENCE,第三項,390,393
4,第四章　特許権,5,第六十七条の五,ARTICLE_REFERENCE,同条,396,398
4,第四章　特許権,5,第六十七条の五,ARTICLE_REFERENCE,第六項,398,401
4,第四章　特許権,5,第六十七条の五,ARTICLE_REFERENCE,第一項,403,406
4,第四章　特許権,5,第六十七条の五,ARTICLE_REFERENCE,各号,406,408
4,第四章　特許権,5,第六十七条の五,ARTICLE_REFERENCE,第六十七条の五,415,422
4,第四章　特許権,5,第六十七条の五,ARTICLE_REFERENCE,第一項,422,425
4,第四章　特許権,5,第六十七条の五,ARTICLE_REFERENCE,各号,425,427
4,第四章　特許権,5,第六十七条の五,TIME_PERIOD,五年,115,117
4,第四章　特許権,5,第六十七条の五,TIME_PERIOD,から,240,242
4,第四章　特許権,5,第六十七条の五,TIME_PERIOD,から,309,311
4,第四章　特許権,5,第六十七条の五,TIME_PERIOD,まで,314,316
4,第四章　特許権,5,第六十七条の五,ORGANIZATION,特許庁長官,57,62
4,第四章　特許権,5,第六十七条の五,PROCEDURE,登録,27,29
4,第四章　特許権,5,第六十七条の五,PROCEDURE,出願,30,32
4,第四章　特許権,5,第六十七条の五,PROCEDURE,出願,78,80
4,第四章　特許権,5,第六十七条の五,PROCEDURE,登録,217,219
4,第四章　特許権,5,第六十七条の五,PROCEDURE,出願,220,222
4,第四章　特許権,5,第六十七条の五,PROCEDURE,登録,332,334
4,第四章　特許権,5,第六十七条の五,PROCEDURE,出願,335,337
4,第四章　特許権,5,第六十七条の五,LEGAL_STATUS,出願人,78,81
4,第四章　特許権,6,第六十七条の六,LAW_REFERENCE,政令,74,76
4,第四章　特許権,6,第六十七条の六,LAW_REFERENCE,政令,189,191
4,第四章　特許権,6,第六十七条の六,ARTICLE_REFERENCE,第六十七条の六,0,7
4,第四章　特許権,6,第六十七条の六,ARTICLE_REFERENCE,第六十七条の六,8,15
4,第四章　特許権,6,第六十七条の六,ARTICLE_REFERENCE,第六十七条,16,21
4,第四章　特許権,6,第六十七条の六,ARTICLE_REFERENCE,第四項,21,24
4,第四章　特許権,6,第六十七条の六,ARTICLE_REFERENCE,同条,42,44
4,第四章　特許権,6,第六十七条の六,ARTICLE_REFERENCE,第一項,44,47
4,第四章　特許権,6,第六十七条の六,ARTICLE_REFERENCE,同条,68,70
4,第四章　特許権,6,第六十七条の六,ARTICLE_REFERENCE,第四項,70,73
4,第四章　特許権,6,第六十七条の六,ARTICLE_REFERENCE,第六十七条,180,185
4,第四章　特許権,6,第六十七条の六,ARTICLE_REFERENCE,第四項,185,188
4,第四章　特許権,6,第六十七条の六,ARTICLE_REFERENCE,前項,200,202
4,第四章　特許権,6,第六十七条の六,ARTICLE_REFERENCE,第六十七条,225,230
4,第四章　特許権,6,第六十七条の六,ARTICLE_REFERENCE,第一項,230,233
4,第四章　特許権,6,第六十七条の六,ARTICLE_REFERENCE,同条,251,253
4,第四章　特許権,6,第六十七条の六,ARTICLE_REFERENCE,第四項,253,256
4,第四章　特許権,6,第六十七条の六,ARTICLE_REFERENCE,第一項,278,281
4,第四章　特許権,6,第六十七条の六,ARTICLE_REFERENCE,同項,298,300
4,第四章　特許権,6,第六十七条の六,ARTICLE_REFERENCE,各号,300,302
4,第四章　特許権,6,第六十七条の六,ARTICLE_REFERENCE,第一項,329,332
4,第四章　特許権,6,第六十七条の六,ARTICLE_REFERENCE,同項,338,340
4,第四章　特許権,6,第六十七条の六,ARTICLE_REFERENCE,同項,374,376
4,第四章　特許権,6,第六十七条の六,ARTICLE_REFERENCE,同項,405,407
4,第四章　特許権,6,第六十七条の六,ARTICLE_REFERENCE,同項,449,451
4,第四章　特許権,6,第六十七条の六,TIME_PERIOD,六月,60,62
4,第四章　特許権,6,第六十七条の六,TIME_PERIOD,まで,65,67
4,第四章　特許権,6,第六十七条の六,TIME_PERIOD,まで,121,123
4,第四章　特許権,6,第六十七条の六,TIME_PERIOD,六月,246,248
4,第四章　特許権,6,第六十七条の六,TIME_PERIOD,まで,382,384
4,第四章　特許権,6,第六十七条の六,TIME_PERIOD,から,428,430
4,第四章　特許権,6,第六十七条の六,TIME_PERIOD,十四日,430,433
4,第四章　特許権,6,第六十七条の六,TIME_PERIOD,一月,443,445
4,第四章　特許権,6,第六十七条の六,TIME_PERIOD,以内,446,448
4,第四章　特許権,6,第六十七条の六,TIME_PERIOD,二月以内,459,463
4,第四章　特許権,6,第六十七条の六,ORGANIZATION,特許庁長官,124,129
4,第四章　特許権,6,第六十七条の六,ORGANIZATION,特許庁長官,469,474
4,第四章　特許権,6,第六十七条の六,PROCEDURE,登録,27,29
4,第四章　特許権,6,第六十七条の六,PROCEDURE,出願,30,32
4,第四章　特許権,6,第六十七条の六,PROCEDURE,出願,145,147
4,第四章　特許権,6,第六十七条の六,PROCEDURE,登録,259,261
4,第四章　特許権,6,第六十七条の六,PROCEDURE,出願,262,264
4,第四章　特許権,7,第六十七条の七,LAW_REFERENCE,政令,107,109
4,第四章　特許権,7,第六十七条の七,LAW_REFERENCE,政令,189,191
4,第四章　特許権,7,第六十七条の七,LAW_REFERENCE,政令,551,553
4,第四章　特許権,7,第六十七条の七,ARTICLE_REFERENCE,第六十七条の七,0,7
4,第四章　特許権,7,第六十七条の七,ARTICLE_REFERENCE,第六十七条の七,8,15
4,第四章　特許権,7,第六十七条の七,ARTICLE_REFERENCE,第六十七条,21,26
4,第四章　特許権,7,第六十七条の七,ARTICLE_REFERENCE,第四項,26,29
4,第四章　特許権,7,第六十七条の七,ARTICLE_REFERENCE,各号,40,42
4,第四章　特許権,7,第六十七条の七,ARTICLE_REFERENCE,第六十七条,98,103
4,第四章　特許権,7,第六十七条の七,ARTICLE_REFERENCE,第四項,103,106
4,第四章　特許権,7,第六十七条の七,ARTICLE_REFERENCE,第六十七条,180,185
4,第四章　特許権,7,第六十七条の七,ARTICLE_REFERENCE,第四項,185,188
4,第四章　特許権,7,第六十七条の七,ARTICLE_REFERENCE,第六十七条の五,285,292
4,第四章　特許権,7,第六十七条の七,ARTICLE_REFERENCE,第四項,292,295
4,第四章　特許権,7,第六十七条の七,ARTICLE_REFERENCE,第六十七条の二,303,310
4,第四章　特許権,7,第六十七条の七,ARTICLE_REFERENCE,第四項,310,313
4,第四章　特許権,7,第六十七条の七,ARTICLE_REFERENCE,第六十七条,339,344
4,第四章　特許権,7,第六十七条の七,ARTICLE_REFERENCE,第四項,344,347
4,第四章　特許権,7,第六十七条の七,ARTICLE_REFERENCE,前項,400,402
4,第四章　特許権,7,第六十七条の七,ARTICLE_REFERENCE,前項,424,426
4,第四章　特許権,7,第六十七条の七,ARTICLE_REFERENCE,第六十七条,496,501
4,第四章　特許権,7,第六十七条の七,ARTICLE_REFERENCE,第四項,501,504
4,第四章　特許権,7,第六十七条の七,ARTICLE_REFERENCE,第六十七条,542,547
4,第四章　特許権,7,第六十七条の七,ARTICLE_REFERENCE,第四項,547,550
4,第四章　特許権,7,第六十七条の七,ORGANIZATION,審査官,16,19
4,第四章　特許権,7,第六十七条の七,ORGANIZATION,審査官,334,337
4,第四章　特許権,7,第六十七条の七,PROCEDURE,審査,16,18
4,第四章　特許権,7,第六十七条の七,PROCEDURE,登録,32,34
4,第四章　特許権,7,第六十七条の七,PROCEDURE,出願,35,37
4,第四章　特許権,7,第六十七条の七,PROCEDURE,出願,58,60
4,第四章　特許権,7,第六十七条の七,PROCEDURE,発明,92,94
4,第四章　特許権,7,第六十七条の七,PROCEDURE,特許権,144,147
4,第四章　特許権,7,第六十七条の七,PROCEDURE,特許権,152,155
4,第四章　特許権,7,第六十七条の七,PROCEDURE,発明,225,227
4,第四章　特許権,7,第六十七条の七,PROCEDURE,出願,258,260
4,第四章　特許権,7,第六十七条の七,PROCEDURE,特許権,267,270
4,第四章　特許権,7,第六十七条の七,PROCEDURE,出願,282,284
4,第四章　特許権,7,第六十七条の七,PROCEDURE,審査,334,336
4,第四章　特許権,7,第六十七条の七,PROCEDURE,登録,350,352
4,第四章　特許権,7,第六十七条の七,PROCEDURE,出願,353,355
4,第四章　特許権,7,第六十七条の七,PROCEDURE,登録,376,378
4,第四章　特許権,7,第六十七条の七,PROCEDURE,登録,415,417
4,第四章　特許権,7,第六十七条の七,PROCEDURE,登録,429,431
4,第四章　特許権,7,第六十七条の七,PROCEDURE,特許権,467,470
4,第四章　特許権,7,第六十七条の七,PROCEDURE,登録,507,509
4,第四章　特許権,7,第六十七条の七,PROCEDURE,出願,510,512
4,第四章　特許権,7,第六十七条の七,PROCEDURE,登録,525,527
4,第四章　特許権,7,第六十七条の七,LEGAL_STATUS,拒絶,64,66
4,第四章　特許権,7,第六十七条の七,LEGAL_STATUS,拒絶,359,361
4,第四章　特許権,8,第六十七条の八,ARTICLE_REFERENCE,第六十七条の八,0,7
4,第四章　特許権,8,第六十七条の八,ARTICLE_REFERENCE,第六十七条の八,8,15
4,第四章　特許権,8,第六十七条の八,ARTICLE_REFERENCE,第六十七条の四,16,23
4,第四章　特許権,8,第六十七条の八,ARTICLE_REFERENCE,第六十七条,30,35
4,第四章　特許権,8,第六十七条の八,ARTICLE_REFERENCE,第四項,35,38
4,第四章　特許権,8,第六十七条の八,ARTICLE_REFERENCE,第六十七条の四,67,74
4,第四章　特許権,8,第六十七条の八,ARTICLE_REFERENCE,第七号,78,81
4,第四章　特許権,8,第六十七条の八,ARTICLE_REFERENCE,第六号,89,92
4,第四章　特許権,8,第六十七条の八,ARTICLE_REFERENCE,第七号,94,97
4,第四章　特許権,8,第六十七条の八,PROCEDURE,登録,41,43
4,第四章　特許権,8,第六十七条の八,PROCEDURE,出願,44,46
4,第四章　特許権,8,第六十七条の八,PROCEDURE,審査,47,49
4,第四章　特許権,9,第六十八条,ARTICLE_REFERENCE,第六十八条,0,5
4,第四章　特許権,9,第六十八条,ARTICLE_REFERENCE,第六十八条,15,20
4,第四章　特許権,9,第六十八条,PROCEDURE,特許権,7,10
4,第四章　特許権,9,第六十八条,PROCEDURE,特許権,21,24
4,第四章　特許権,9,第六十八条,PROCEDURE,発明,33,35
4,第四章　特許権,9,第六十八条,PROCEDURE,特許権,55,58
4,第四章　特許権,9,第六十八条,PROCEDURE,発明,87,89
4,第四章　特許権,9,第六十八条,LEGAL_STATUS,効力,11,13
4,第四章　特許権,9,第六十八条,LEGAL_STATUS,権利,41,43
4,第四章　特許権,9,第六十八条,LEGAL_STATUS,権利,95,97
4,第四章　特許権,10,第六十八条の二,LAW_REFERENCE,政令,178,180
4,第四章　特許権,10,第六十八条の二,ARTICLE_REFERENCE,第六十八条の二,0,7
4,第四章　特許権,10,第六十八条の二,ARTICLE_REFERENCE,第六十七条,9,14
4,第四章　特許権,10,第六十八条の二,ARTICLE_REFERENCE,第四項,14,17
4,第四章　特許権,10,第六十八条の二,ARTICLE_REFERENCE,第六十八条の二,44,51
4,第四章　特許権,10,第六十八条の二,ARTICLE_REFERENCE,第六十七条,52,57
4,第四章　特許権,10,第六十八条の二,ARTICLE_REFERENCE,第四項,57,60
4,第四章　特許権,10,第六十八条の二,ARTICLE_REFERENCE,同条,66,68
4,第四章　特許権,10,第六十八条の二,ARTICLE_REFERENCE,第一項,68,71
4,第四章　特許権,10,第六十八条の二,ARTICLE_REFERENCE,第六十七条の五,89,96
4,第四章　特許権,10,第六十八条の二,ARTICLE_REFERENCE,第四項,96,99
4,第四章　特許権,10,第六十八条の二,ARTICLE_REFERENCE,第六十七条の二,107,114
4,第四章　特許権,10,第六十八条の二,ARTICLE_REFERENCE,第五項,114,117
4,第四章　特許権,10,第六十八条の二,ARTICLE_REFERENCE,第六十七条,169,174
4,第四章　特許権,10,第六十八条の二,ARTICLE_REFERENCE,第四項,174,177
4,第四章　特許権,10,第六十八条の二,PROCEDURE,特許権,36,39
4,第四章　特許権,10,第六十八条の二,PROCEDURE,特許権,148,151
4,第四章　特許権,10,第六十八条の二,PROCEDURE,登録,160,162
4,第四章　特許権,10,第六十八条の二,PROCEDURE,発明,256,258
4,第四章　特許権,10,第六十八条の二,LEGAL_STATUS,効力,40,42
4,第四章　特許権,10,第六十八条の二,LEGAL_STATUS,効力,152,154
4,第四章　特許権,11,第六十九条,LAW_REFERENCE, 特許権の効力は、試験又は研究のためにする特許発明の実施には、及ばない。 ２ 特許権の効力は、次に掲げる物には、及ばない。 一 単に日本国内を通過するに過ぎない船舶若しくは航空機又はこれらに使用する機械、器具、装置その他の物 二 特許出願の時から日本国内にある物 ３ 二以上の医薬（人の病気の診断、治療、処置又は予防のため使用する物をいう。以下この項において同じ。）を混合することにより製造されるべき医薬の発明又は二以上の医薬を混合して医薬を製造する方法,27,254
4,第四章　特許権,11,第六十九条,ARTICLE_REFERENCE,第六十九条,0,5
4,第四章　特許権,11,第六十九条,ARTICLE_REFERENCE,第六十九条,22,27
4,第四章　特許権,11,第六十九条,TIME_PERIOD,から,148,150
4,第四章　特許権,11,第六十九条,TIME_PERIOD,以上,162,164
4,第四章　特許権,11,第六十九条,TIME_PERIOD,以上,235,237
4,第四章　特許権,11,第六十九条,PROCEDURE,特許権,7,10
4,第四章　特許権,11,第六十九条,PROCEDURE,特許権,28,31
4,第四章　特許権,11,第六十九条,PROCEDURE,発明,50,52
4,第四章　特許権,11,第六十九条,PROCEDURE,特許権,66,69
4,第四章　特許権,11,第六十九条,PROCEDURE,出願,144,146
4,第四章　特許権,11,第六十九条,PROCEDURE,発明,230,232
4,第四章　特許権,11,第六十九条,PROCEDURE,発明,255,257
4,第四章　特許権,11,第六十九条,PROCEDURE,特許権,260,263
4,第四章　特許権,11,第六十九条,LEGAL_STATUS,効力,11,13
4,第四章　特許権,11,第六十九条,LEGAL_STATUS,効力,32,34
4,第四章　特許権,11,第六十九条,LEGAL_STATUS,効力,70,72
4,第四章　特許権,11,第六十九条,LEGAL_STATUS,効力,264,266
4,第四章　特許権,12,第七十条,ARTICLE_REFERENCE,第七十条,0,4
4,第四章　特許権,12,第七十条,ARTICLE_REFERENCE,第七十条,18,22
4,第四章　特許権,12,第七十条,ARTICLE_REFERENCE,前項,71,73
4,第四章　特許権,12,第七十条,PROCEDURE,発明,8,10
4,第四章　特許権,12,第七十条,PROCEDURE,発明,25,27
4,第四章　特許権,12,第七十条,PROCEDURE,請求,44,46
4,第四章　特許権,12,第七十条,PROCEDURE,明細書,89,92
4,第四章　特許権,12,第七十条,PROCEDURE,図面,97,99
4,第四章　特許権,12,第七十条,PROCEDURE,請求,107,109
4,第四章　特許権,12,第七十条,PROCEDURE,要約書,156,159
4,第四章　特許権,13,第七十一条,ARTICLE_REFERENCE,第七十一条,0,5
4,第四章　特許権,13,第七十一条,ARTICLE_REFERENCE,第七十一条,6,11
4,第四章　特許権,13,第七十一条,ARTICLE_REFERENCE,前項,58,60
4,第四章　特許権,13,第七十一条,ARTICLE_REFERENCE,第百三十一条,106,112
4,第四章　特許権,13,第七十一条,ARTICLE_REFERENCE,第一項,112,115
4,第四章　特許権,13,第七十一条,ARTICLE_REFERENCE,第百三十一条の二,116,124
4,第四章　特許権,13,第七十一条,ARTICLE_REFERENCE,第一項,124,127
4,第四章　特許権,13,第七十一条,ARTICLE_REFERENCE,第百三十二条,130,136
4,第四章　特許権,13,第七十一条,ARTICLE_REFERENCE,第一項,136,139
4,第四章　特許権,13,第七十一条,ARTICLE_REFERENCE,第二項,141,144
4,第四章　特許権,13,第七十一条,ARTICLE_REFERENCE,第百三十三条,145,151
4,第四章　特許権,13,第七十一条,ARTICLE_REFERENCE,第百三十三条の二,152,160
4,第四章　特許権,13,第七十一条,ARTICLE_REFERENCE,第百三十四条,161,167
4,第四章　特許権,13,第七十一条,ARTICLE_REFERENCE,第一項,167,170
4,第四章　特許権,13,第七十一条,ARTICLE_REFERENCE,第三項,171,174
4,第四章　特許権,13,第七十一条,ARTICLE_REFERENCE,第四項,176,179
4,第四章　特許権,13,第七十一条,ARTICLE_REFERENCE,第百三十五条,180,186
4,第四章　特許権,13,第七十一条,ARTICLE_REFERENCE,第百三十六条,187,193
4,第四章　特許権,13,第七十一条,ARTICLE_REFERENCE,第一項,193,196
4,第四章　特許権,13,第七十一条,ARTICLE_REFERENCE,第二項,198,201
4,第四章　特許権,13,第七十一条,ARTICLE_REFERENCE,第百三十七条,202,208
4,第四章　特許権,13,第七十一条,ARTICLE_REFERENCE,第二項,208,211
4,第四章　特許権,13,第七十一条,ARTICLE_REFERENCE,第百三十八条,212,218
4,第四章　特許権,13,第七十一条,ARTICLE_REFERENCE,第百三十九条,219,225
4,第四章　特許権,13,第七十一条,ARTICLE_REFERENCE,第六号,226,229
4,第四章　特許権,13,第七十一条,ARTICLE_REFERENCE,第七号,231,234
4,第四章　特許権,13,第七十一条,ARTICLE_REFERENCE,第百四十条,240,245
4,第四章　特許権,13,第七十一条,ARTICLE_REFERENCE,第百四十四条,247,253
4,第四章　特許権,13,第七十一条,ARTICLE_REFERENCE,第百四十四条の二,256,264
4,第四章　特許権,13,第七十一条,ARTICLE_REFERENCE,第一項,264,267
4,第四章　特許権,13,第七十一条,ARTICLE_REFERENCE,第三項,269,272
4,第四章　特許権,13,第七十一条,ARTICLE_REFERENCE,第五項,274,277
4,第四章　特許権,13,第七十一条,ARTICLE_REFERENCE,第百四十五条,280,286
4,第四章　特許権,13,第七十一条,ARTICLE_REFERENCE,第二項,286,289
4,第四章　特許権,13,第七十一条,ARTICLE_REFERENCE,第七項,291,294
4,第四章　特許権,13,第七十一条,ARTICLE_REFERENCE,第百四十六条,297,303
4,第四章　特許権,13,第七十一条,ARTICLE_REFERENCE,第百四十七条,304,310
4,第四章　特許権,13,第七十一条,ARTICLE_REFERENCE,第一項,310,313
4,第四章　特許権,13,第七十一条,ARTICLE_REFERENCE,第二項,315,318
4,第四章　特許権,13,第七十一条,ARTICLE_REFERENCE,第百五十条,319,324
4,第四章　特許権,13,第七十一条,ARTICLE_REFERENCE,第一項,324,327
4,第四章　特許権,13,第七十一条,ARTICLE_REFERENCE,第五項,329,332
4,第四章　特許権,13,第七十一条,ARTICLE_REFERENCE,第百五十一条,335,341
4,第四章　特許権,13,第七十一条,ARTICLE_REFERENCE,第百五十四条,343,349
4,第四章　特許権,13,第七十一条,ARTICLE_REFERENCE,第百五十五条,352,358
4,第四章　特許権,13,第七十一条,ARTICLE_REFERENCE,第一項,358,361
4,第四章　特許権,13,第七十一条,ARTICLE_REFERENCE,第百五十七条,362,368
4,第四章　特許権,13,第七十一条,ARTICLE_REFERENCE,第百六十九条,371,377
4,第四章　特許権,13,第七十一条,ARTICLE_REFERENCE,第三項,377,380
4,第四章　特許権,13,第七十一条,ARTICLE_REFERENCE,第四項,381,384
4,第四章　特許権,13,第七十一条,ARTICLE_REFERENCE,第六項,386,389
4,第四章　特許権,13,第七十一条,ARTICLE_REFERENCE,第一項,394,397
4,第四章　特許権,13,第七十一条,ARTICLE_REFERENCE,第百三十五条,418,424
4,第四章　特許権,13,第七十一条,ARTICLE_REFERENCE,第百四十五条,440,446
4,第四章　特許権,13,第七十一条,ARTICLE_REFERENCE,第二項,446,449
4,第四章　特許権,13,第七十一条,ARTICLE_REFERENCE,前項,451,453
4,第四章　特許権,13,第七十一条,ARTICLE_REFERENCE,同条,480,482
4,第四章　特許権,13,第七十一条,ARTICLE_REFERENCE,第五項,482,485
4,第四章　特許権,13,第七十一条,ARTICLE_REFERENCE,第百五十一条,539,545
4,第四章　特許権,13,第七十一条,ARTICLE_REFERENCE,第百四十七条,547,553
4,第四章　特許権,13,第七十一条,ARTICLE_REFERENCE,第百四十七条,560,566
4,第四章　特許権,13,第七十一条,ARTICLE_REFERENCE,第一項,566,569
4,第四章　特許権,13,第七十一条,ARTICLE_REFERENCE,第二項,571,574
4,第四章　特許権,13,第七十一条,ARTICLE_REFERENCE,第百五十五条,577,583
4,第四章　特許権,13,第七十一条,ARTICLE_REFERENCE,第一項,583,586
4,第四章　特許権,13,第七十一条,ARTICLE_REFERENCE,前項,633,635
4,第四章　特許権,13,第七十一条,ARTICLE_REFERENCE,第百三十五条,648,654
4,第四章　特許権,13,第七十一条,TIME_PERIOD,から,245,247
4,第四章　特許権,13,第七十一条,TIME_PERIOD,まで,253,255
4,第四章　特許権,13,第七十一条,TIME_PERIOD,から,272,274
4,第四章　特許権,13,第七十一条,TIME_PERIOD,まで,277,279
4,第四章　特許権,13,第七十一条,TIME_PERIOD,から,289,291
4,第四章　特許権,13,第七十一条,TIME_PERIOD,まで,294,296
4,第四章　特許権,13,第七十一条,TIME_PERIOD,から,327,329
4,第四章　特許権,13,第七十一条,TIME_PERIOD,まで,332,334
4,第四章　特許権,13,第七十一条,TIME_PERIOD,から,341,343
4,第四章　特許権,13,第七十一条,TIME_PERIOD,まで,349,351
4,第四章　特許権,13,第七十一条,TIME_PERIOD,まで,595,597
4,第四章　特許権,13,第七十一条,TIME_PERIOD,まで,615,617
4,第四章　特許権,13,第七十一条,ORGANIZATION,特許庁,28,31
4,第四章　特許権,13,第七十一条,ORGANIZATION,特許庁長官,51,56
4,第四章　特許権,13,第七十一条,ORGANIZATION,審判官,78,81
4,第四章　特許権,13,第七十一条,PROCEDURE,発明,14,16
4,第四章　特許権,13,第七十一条,PROCEDURE,審判,78,80
4,第四章　特許権,13,第七十一条,PROCEDURE,審判,458,460
4,第四章　特許権,13,第七十一条,PROCEDURE,審判,463,465
4,第四章　特許権,13,第七十一条,PROCEDURE,審判,521,523
4,第四章　特許権,14,第七十一条の二,ARTICLE_REFERENCE,第七十一条の二,0,7
4,第四章　特許権,14,第七十一条の二,ARTICLE_REFERENCE,第七十一条の二,8,15
4,第四章　特許権,14,第七十一条の二,ARTICLE_REFERENCE,第百三十六条,86,92
4,第四章　特許権,14,第七十一条の二,ARTICLE_REFERENCE,第一項,92,95
4,第四章　特許権,14,第七十一条の二,ARTICLE_REFERENCE,第二項,97,100
4,第四章　特許権,14,第七十一条の二,ARTICLE_REFERENCE,第百三十七条,101,107
4,第四章　特許権,14,第七十一条の二,ARTICLE_REFERENCE,第二項,107,110
4,第四章　特許権,14,第七十一条の二,ARTICLE_REFERENCE,第百三十八条,113,119
4,第四章　特許権,14,第七十一条の二,ARTICLE_REFERENCE,前項,124,126
4,第四章　特許権,14,第七十一条の二,TIME_PERIOD,から,26,28
4,第四章　特許権,14,第七十一条の二,ORGANIZATION,特許庁長官,16,21
4,第四章　特許権,14,第七十一条の二,ORGANIZATION,審判官,58,61
4,第四章　特許権,14,第七十一条の二,PROCEDURE,発明,30,32
4,第四章　特許権,14,第七十一条の二,PROCEDURE,審判,58,60
4,第四章　特許権,15,第七十二条,ARTICLE_REFERENCE,第七十二条,0,5
4,第四章　特許権,15,第七十二条,ARTICLE_REFERENCE,第七十二条,21,26
4,第四章　特許権,15,第七十二条,TIME_PERIOD,出願の日,59,63
4,第四章　特許権,15,第七十二条,TIME_PERIOD,出願の日,130,134
4,第四章　特許権,15,第七十二条,PROCEDURE,発明,12,14
4,第四章　特許権,15,第七十二条,PROCEDURE,特許権,27,30
4,第四章　特許権,15,第七十二条,PROCEDURE,発明,52,54
4,第四章　特許権,15,第七十二条,PROCEDURE,出願,59,61
4,第四章　特許権,15,第七十二条,PROCEDURE,出願,65,67
4,第四章　特許権,15,第七十二条,PROCEDURE,発明,75,77
4,第四章　特許権,15,第七十二条,PROCEDURE,登録,78,80
4,第四章　特許権,15,第七十二条,PROCEDURE,登録,88,90
4,第四章　特許権,15,第七十二条,PROCEDURE,意匠,90,92
4,第四章　特許権,15,第七十二条,PROCEDURE,意匠,103,105
4,第四章　特許権,15,第七十二条,PROCEDURE,特許権,122,125
4,第四章　特許権,15,第七十二条,PROCEDURE,出願,130,132
4,第四章　特許権,15,第七十二条,PROCEDURE,出願,136,138
4,第四章　特許権,15,第七十二条,PROCEDURE,意匠権,144,147
4,第四章　特許権,15,第七十二条,PROCEDURE,商標権,151,154
4,第四章　特許権,15,第七十二条,PROCEDURE,発明,171,173
4,第四章　特許権,16,第七十三条,ARTICLE_REFERENCE,第七十三条,0,5
4,第四章　特許権,16,第七十三条,ARTICLE_REFERENCE,第七十三条,17,22
4,第四章　特許権,16,第七十三条,PROCEDURE,特許権,12,15
4,第四章　特許権,16,第七十三条,PROCEDURE,特許権,23,26
4,第四章　特許権,16,第七十三条,PROCEDURE,特許権,96,99
4,第四章　特許権,16,第七十三条,PROCEDURE,発明,148,150
4,第四章　特許権,16,第七十三条,PROCEDURE,特許権,166,169
4,第四章　特許権,16,第七十三条,PROCEDURE,特許権,202,205
4,第四章　特許権,17,第七十四条,LAW_REFERENCE,省令,137,139
4,第四章　特許権,17,第七十四条,ARTICLE_REFERENCE,第七十四条,0,5
4,第四章　特許権,17,第七十四条,ARTICLE_REFERENCE,第七十四条,18,23
4,第四章　特許権,17,第七十四条,ARTICLE_REFERENCE,第百二十三条,27,33
4,第四章　特許権,17,第七十四条,ARTICLE_REFERENCE,第一項,33,36
4,第四章　特許権,17,第七十四条,ARTICLE_REFERENCE,第二号,36,39
4,第四章　特許権,17,第七十四条,ARTICLE_REFERENCE,第三十八条,59,64
4,第四章　特許権,17,第七十四条,ARTICLE_REFERENCE,同項,84,86
4,第四章　特許権,17,第七十四条,ARTICLE_REFERENCE,第六号,86,89
4,第四章　特許権,17,第七十四条,ARTICLE_REFERENCE,前項,183,185
4,第四章　特許権,17,第七十四条,ARTICLE_REFERENCE,第六十五条,263,268
4,第四章　特許権,17,第七十四条,ARTICLE_REFERENCE,第一項,268,271
4,第四章　特許権,17,第七十四条,ARTICLE_REFERENCE,第百八十四条の十,273,281
4,第四章　特許権,17,第七十四条,ARTICLE_REFERENCE,第一項,281,284
4,第四章　特許権,17,第七十四条,ARTICLE_REFERENCE,第一項,320,323
4,第四章　特許権,17,第七十四条,ARTICLE_REFERENCE,前条,352,354
4,第四章　特許権,17,第七十四条,ARTICLE_REFERENCE,第一項,354,357
4,第四章　特許権,17,第七十四条,TIME_PERIOD,から,223,225
4,第四章　特許権,17,第七十四条,PROCEDURE,特許権,7,10
4,第四章　特許権,17,第七十四条,PROCEDURE,発明,112,114
4,第四章　特許権,17,第七十四条,PROCEDURE,特許権,152,155
4,第四章　特許権,17,第七十四条,PROCEDURE,特許権,162,165
4,第四章　特許権,17,第七十四条,PROCEDURE,請求,169,171
4,第四章　特許権,17,第七十四条,PROCEDURE,請求,191,193
4,第四章　特許権,17,第七十四条,PROCEDURE,特許権,197,200
4,第四章　特許権,17,第七十四条,PROCEDURE,登録,204,206
4,第四章　特許権,17,第七十四条,PROCEDURE,特許権,216,219
4,第四章　特許権,17,第七十四条,PROCEDURE,登録,227,229
4,第四章　特許権,17,第七十四条,PROCEDURE,特許権,250,253
4,第四章　特許権,17,第七十四条,PROCEDURE,発明,256,258
4,第四章　特許権,17,第七十四条,PROCEDURE,請求,290,292
4,第四章　特許権,17,第七十四条,PROCEDURE,特許権,313,316
4,第四章　特許権,17,第七十四条,PROCEDURE,請求,329,331
4,第四章　特許権,17,第七十四条,LEGAL_STATUS,違反,68,70
4,第四章　特許権,17,第七十四条,LEGAL_STATUS,権利,124,126
4,第四章　特許権,18,第七十五条,ARTICLE_REFERENCE,第七十五条,0,5
4,第四章　特許権,18,第七十五条,ARTICLE_REFERENCE,第七十五条,6,11
4,第四章　特許権,19,第七十六条,LAW_REFERENCE, 特許権は、民法第九百五十二条,29,44
4,第四章　特許権,19,第七十六条,ARTICLE_REFERENCE,第七十六条,0,5
4,第四章　特許権,19,第七十六条,ARTICLE_REFERENCE,第七十六条,24,29
4,第四章　特許権,19,第七十六条,ARTICLE_REFERENCE,第九百五十二条,37,44
4,第四章　特許権,19,第七十六条,ARTICLE_REFERENCE,第二項,44,47
4,第四章　特許権,19,第七十六条,PROCEDURE,特許権,16,19
4,第四章　特許権,19,第七十六条,PROCEDURE,特許権,30,33
4,第四章　特許権,19,第七十六条,LEGAL_STATUS,権利,58,60
4,第四章　特許権,20,第七十七条,ARTICLE_REFERENCE,第七十七条,0,5
4,第四章　特許権,20,第七十七条,ARTICLE_REFERENCE,第七十七条,14,19
4,第四章　特許権,20,第七十七条,ARTICLE_REFERENCE,第七十三条,239,244
4,第四章　特許権,20,第七十七条,PROCEDURE,特許権,20,23
4,第四章　特許権,20,第七十七条,PROCEDURE,特許権,28,31
4,第四章　特許権,20,第七十七条,PROCEDURE,発明,87,89
4,第四章　特許権,20,第七十七条,PROCEDURE,特許権,127,130
4,第四章　特許権,20,第七十七条,PROCEDURE,特許権,180,183
4,第四章　特許権,20,第七十七条,LEGAL_STATUS,権利,95,97
4,第四章　特許権,21,第七十八条,LAW_REFERENCE, 特許権者は、その特許権について他人に通常実施権を許諾することができる。 ２ 通常実施権者は、この法,19,69
4,第四章　特許権,21,第七十八条,ARTICLE_REFERENCE,第七十八条,0,5
4,第四章　特許権,21,第七十八条,ARTICLE_REFERENCE,第七十八条,14,19
4,第四章　特許権,21,第七十八条,PROCEDURE,特許権,20,23
4,第四章　特許権,21,第七十八条,PROCEDURE,特許権,28,31
4,第四章　特許権,21,第七十八条,PROCEDURE,発明,102,104
4,第四章　特許権,21,第七十八条,LEGAL_STATUS,権利,110,112
4,第四章　特許権,22,第七十九条,ARTICLE_REFERENCE,第七十九条,0,5
4,第四章　特許権,22,第七十九条,ARTICLE_REFERENCE,第七十九条,20,25
4,第四章　特許権,22,第七十九条,TIME_PERIOD,から,81,83
4,第四章　特許権,22,第七十九条,PROCEDURE,出願,28,30
4,第四章　特許権,22,第七十九条,PROCEDURE,発明,33,35
4,第四章　特許権,22,第七十九条,PROCEDURE,発明,48,50
4,第四章　特許権,22,第七十九条,PROCEDURE,出願,57,59
4,第四章　特許権,22,第七十九条,PROCEDURE,発明,62,64
4,第四章　特許権,22,第七十九条,PROCEDURE,発明,75,77
4,第四章　特許権,22,第七十九条,PROCEDURE,出願,90,92
4,第四章　特許権,22,第七十九条,PROCEDURE,発明,106,108
4,第四章　特許権,22,第七十九条,PROCEDURE,発明,152,154
4,第四章　特許権,22,第七十九条,PROCEDURE,出願,174,176
4,第四章　特許権,22,第七十九条,PROCEDURE,特許権,179,182
4,第四章　特許権,23,第七十九条の二,ARTICLE_REFERENCE,第七十九条の二,0,7
4,第四章　特許権,23,第七十九条の二,ARTICLE_REFERENCE,第七十九条の二,32,39
4,第四章　特許権,23,第七十九条の二,ARTICLE_REFERENCE,第七十四条,40,45
4,第四章　特許権,23,第七十九条の二,ARTICLE_REFERENCE,第一項,45,48
4,第四章　特許権,23,第七十九条の二,ARTICLE_REFERENCE,第百二十三条,149,155
4,第四章　特許権,23,第七十九条の二,ARTICLE_REFERENCE,第一項,155,158
4,第四章　特許権,23,第七十九条の二,ARTICLE_REFERENCE,第二号,158,161
4,第四章　特許権,23,第七十九条の二,ARTICLE_REFERENCE,第三十八条,181,186
4,第四章　特許権,23,第七十九条の二,ARTICLE_REFERENCE,同項,206,208
4,第四章　特許権,23,第七十九条の二,ARTICLE_REFERENCE,第六号,208,211
4,第四章　特許権,23,第七十九条の二,ARTICLE_REFERENCE,前項,338,340
4,第四章　特許権,23,第七十九条の二,TIME_PERIOD,から,356,358
4,第四章　特許権,23,第七十九条の二,PROCEDURE,特許権,9,12
4,第四章　特許権,23,第七十九条の二,PROCEDURE,登録,16,18
4,第四章　特許権,23,第七十九条の二,PROCEDURE,請求,54,56
4,第四章　特許権,23,第七十九条の二,PROCEDURE,特許権,60,63
4,第四章　特許権,23,第七十九条の二,PROCEDURE,登録,67,69
4,第四章　特許権,23,第七十九条の二,PROCEDURE,特許権,75,78
4,第四章　特許権,23,第七十九条の二,PROCEDURE,特許権,81,84
4,第四章　特許権,23,第七十九条の二,PROCEDURE,特許権,98,101
4,第四章　特許権,23,第七十九条の二,PROCEDURE,特許権,134,137
4,第四章　特許権,23,第七十九条の二,PROCEDURE,登録,141,143
4,第四章　特許権,23,第七十九条の二,PROCEDURE,発明,242,244
4,第四章　特許権,23,第七十九条の二,PROCEDURE,発明,290,292
4,第四章　特許権,23,第七十九条の二,PROCEDURE,特許権,310,313
4,第四章　特許権,23,第七十九条の二,PROCEDURE,特許権,332,335
4,第四章　特許権,23,第七十九条の二,LEGAL_STATUS,違反,190,192
4,第四章　特許権,23,第七十九条の二,LEGAL_STATUS,権利,367,369
4,第四章　特許権,24,第八十条,ARTICLE_REFERENCE,第八十条,0,4
4,第四章　特許権,24,第八十条,ARTICLE_REFERENCE,第八十条,29,33
4,第四章　特許権,24,第八十条,ARTICLE_REFERENCE,各号,36,38
4,第四章　特許権,24,第八十条,ARTICLE_REFERENCE,第百二十三条,72,78
4,第四章　特許権,24,第八十条,ARTICLE_REFERENCE,第一項,78,81
4,第四章　特許権,24,第八十条,ARTICLE_REFERENCE,各号,81,83
4,第四章　特許権,24,第八十条,ARTICLE_REFERENCE,前項,426,428
4,第四章　特許権,24,第八十条,TIME_PERIOD,以上,247,249
4,第四章　特許権,24,第八十条,TIME_PERIOD,から,444,446
4,第四章　特許権,24,第八十条,PROCEDURE,無効審判,6,10
4,第四章　特許権,24,第八十条,PROCEDURE,請求,11,13
4,第四章　特許権,24,第八十条,PROCEDURE,登録,13,15
4,第四章　特許権,24,第八十条,PROCEDURE,無効審判,56,60
4,第四章　特許権,24,第八十条,PROCEDURE,請求,61,63
4,第四章　特許権,24,第八十条,PROCEDURE,登録,64,66
4,第四章　特許権,24,第八十条,PROCEDURE,発明,119,121
4,第四章　特許権,24,第八十条,PROCEDURE,発明,167,169
4,第四章　特許権,24,第八十条,PROCEDURE,特許権,201,204
4,第四章　特許権,24,第八十条,PROCEDURE,発明,239,241
4,第四章　特許権,24,第八十条,PROCEDURE,特許権,272,275
4,第四章　特許権,24,第八十条,PROCEDURE,発明,290,292
4,第四章　特許権,24,第八十条,PROCEDURE,特許権,314,317
4,第四章　特許権,24,第八十条,PROCEDURE,無効審判,337,341
4,第四章　特許権,24,第八十条,PROCEDURE,請求,342,344
4,第四章　特許権,24,第八十条,PROCEDURE,登録,345,347
4,第四章　特許権,24,第八十条,PROCEDURE,特許権,363,366
4,第四章　特許権,24,第八十条,PROCEDURE,特許権,380,383
4,第四章　特許権,24,第八十条,PROCEDURE,特許権,412,415
4,第四章　特許権,24,第八十条,LEGAL_STATUS,無効,6,8
4,第四章　特許権,24,第八十条,LEGAL_STATUS,無効,56,58
4,第四章　特許権,24,第八十条,LEGAL_STATUS,無効,190,192
4,第四章　特許権,24,第八十条,LEGAL_STATUS,無効,260,262
4,第四章　特許権,24,第八十条,LEGAL_STATUS,無効,282,284
4,第四章　特許権,24,第八十条,LEGAL_STATUS,権利者,298,301
4,第四章　特許権,24,第八十条,LEGAL_STATUS,無効,337,339
4,第四章　特許権,24,第八十条,LEGAL_STATUS,無効,353,355
4,第四章　特許権,24,第八十条,LEGAL_STATUS,権利,455,457
4,第四章　特許権,25,第八十一条,ARTICLE_REFERENCE,第八十一条,0,5
4,第四章　特許権,25,第八十一条,ARTICLE_REFERENCE,第八十一条,26,31
4,第四章　特許権,25,第八十一条,TIME_PERIOD,出願の日,34,38
4,第四章　特許権,25,第八十一条,PROCEDURE,意匠権,7,10
4,第四章　特許権,25,第八十一条,PROCEDURE,出願,34,36
4,第四章　特許権,25,第八十一条,PROCEDURE,意匠,47,49
4,第四章　特許権,25,第八十一条,PROCEDURE,登録,49,51
4,第四章　特許権,25,第八十一条,PROCEDURE,出願,51,53
4,第四章　特許権,25,第八十一条,PROCEDURE,意匠権,56,59
4,第四章　特許権,25,第八十一条,PROCEDURE,出願,64,66
4,第四章　特許権,25,第八十一条,PROCEDURE,特許権,69,72
4,第四章　特許権,25,第八十一条,PROCEDURE,意匠権,86,89
4,第四章　特許権,25,第八十一条,PROCEDURE,意匠権,106,109
4,第四章　特許権,25,第八十一条,PROCEDURE,意匠権,113,116
4,第四章　特許権,25,第八十一条,PROCEDURE,特許権,127,130
4,第四章　特許権,25,第八十一条,PROCEDURE,意匠権,134,137
4,第四章　特許権,26,第八十二条,ARTICLE_REFERENCE,第八十二条,0,5
4,第四章　特許権,26,第八十二条,ARTICLE_REFERENCE,第八十二条,6,11
4,第四章　特許権,26,第八十二条,ARTICLE_REFERENCE,前項,216,218
4,第四章　特許権,26,第八十二条,TIME_PERIOD,出願の日,14,18
4,第四章　特許権,26,第八十二条,TIME_PERIOD,から,234,236
4,第四章　特許権,26,第八十二条,PROCEDURE,出願,14,16
4,第四章　特許権,26,第八十二条,PROCEDURE,意匠,27,29
4,第四章　特許権,26,第八十二条,PROCEDURE,登録,29,31
4,第四章　特許権,26,第八十二条,PROCEDURE,出願,31,33
4,第四章　特許権,26,第八十二条,PROCEDURE,意匠権,36,39
4,第四章　特許権,26,第八十二条,PROCEDURE,出願,44,46
4,第四章　特許権,26,第八十二条,PROCEDURE,特許権,49,52
4,第四章　特許権,26,第八十二条,PROCEDURE,意匠権,66,69
4,第四章　特許権,26,第八十二条,PROCEDURE,意匠権,93,96
4,第四章　特許権,26,第八十二条,PROCEDURE,意匠権,110,113
4,第四章　特許権,26,第八十二条,PROCEDURE,特許権,153,156
4,第四章　特許権,26,第八十二条,PROCEDURE,意匠権,160,163
4,第四章　特許権,26,第八十二条,PROCEDURE,特許権,202,205
4,第四章　特許権,26,第八十二条,LEGAL_STATUS,権利,140,142
4,第四章　特許権,26,第八十二条,LEGAL_STATUS,権利,245,247
4,第四章　特許権,27,第八十三条,ARTICLE_REFERENCE,第八十三条,0,5
4,第四章　特許権,27,第八十三条,ARTICLE_REFERENCE,第八十三条,27,32
4,第四章　特許権,27,第八十三条,ARTICLE_REFERENCE,前項,175,177
4,第四章　特許権,27,第八十三条,TIME_PERIOD,三年,45,47
4,第四章　特許権,27,第八十三条,TIME_PERIOD,以上,47,49
4,第四章　特許権,27,第八十三条,TIME_PERIOD,出願の日,144,148
4,第四章　特許権,27,第八十三条,TIME_PERIOD,から,148,150
4,第四章　特許権,27,第八十三条,TIME_PERIOD,四年,150,152
4,第四章　特許権,27,第八十三条,TIME_PERIOD,を経過,152,155
4,第四章　特許権,27,第八十三条,ORGANIZATION,特許庁長官,223,228
4,第四章　特許権,27,第八十三条,PROCEDURE,発明,35,37
4,第四章　特許権,27,第八十三条,PROCEDURE,発明,74,76
4,第四章　特許権,27,第八十三条,PROCEDURE,特許権,89,92
4,第四章　特許権,27,第八十三条,PROCEDURE,発明,137,139
4,第四章　特許権,27,第八十三条,PROCEDURE,出願,144,146
4,第四章　特許権,27,第八十三条,PROCEDURE,発明,208,210
4,第四章　特許権,27,第八十三条,PROCEDURE,請求,232,234
4,第四章　特許権,28,第八十四条,ARTICLE_REFERENCE,第八十四条,0,5
4,第四章　特許権,28,第八十四条,ARTICLE_REFERENCE,第八十四条,15,20
4,第四章　特許権,28,第八十四条,ARTICLE_REFERENCE,前条,28,30
4,第四章　特許権,28,第八十四条,ARTICLE_REFERENCE,第二項,30,33
4,第四章　特許権,28,第八十四条,ORGANIZATION,特許庁長官,21,26
4,第四章　特許権,28,第八十四条,PROCEDURE,請求,37,39
4,第四章　特許権,28,第八十四条,PROCEDURE,請求,47,49
4,第四章　特許権,28,第八十四条,PROCEDURE,請求,56,58
4,第四章　特許権,28,第八十四条,PROCEDURE,特許権,61,64
4,第四章　特許権,28,第八十四条,PROCEDURE,登録,83,85
4,第四章　特許権,28,第八十四条,LEGAL_STATUS,権利,87,89
4,第四章　特許権,29,第八十四条の二,ARTICLE_REFERENCE,第八十四条の二,0,7
4,第四章　特許権,29,第八十四条の二,ARTICLE_REFERENCE,第八十四条の二,23,30
4,第四章　特許権,29,第八十四条の二,ARTICLE_REFERENCE,第八十三条,31,36
4,第四章　特許権,29,第八十四条の二,ARTICLE_REFERENCE,第二項,36,39
4,第四章　特許権,29,第八十四条の二,ARTICLE_REFERENCE,前条,72,74
4,第四章　特許権,29,第八十四条の二,PROCEDURE,請求,43,45
4,第四章　特許権,29,第八十四条の二,PROCEDURE,請求,91,93
4,第四章　特許権,30,第八十五条,LAW_REFERENCE,第二項の裁定をしようとするときは、審議会等（国家行政組織法（昭和二十三年法,37,74
4,第四章　特許権,30,第八十五条,LAW_REFERENCE,政令,97,99
4,第四章　特許権,30,第八十五条,ARTICLE_REFERENCE,第八十五条,0,5
4,第四章　特許権,30,第八十五条,ARTICLE_REFERENCE,第八十五条,19,24
4,第四章　特許権,30,第八十五条,ARTICLE_REFERENCE,第八十三条,32,37
4,第四章　特許権,30,第八十五条,ARTICLE_REFERENCE,第二項,37,40
4,第四章　特許権,30,第八十五条,ARTICLE_REFERENCE,第百二十号,75,80
4,第四章　特許権,30,第八十五条,ARTICLE_REFERENCE,第八条,81,84
4,第四章　特許権,30,第八十五条,TIME_PERIOD,二十三年,69,73
4,第四章　特許権,30,第八十五条,ORGANIZATION,特許庁長官,25,30
4,第四章　特許権,30,第八十五条,ORGANIZATION,特許庁長官,123,128
4,第四章　特許権,30,第八十五条,PROCEDURE,発明,134,136
4,第四章　特許権,31,第八十六条,LAW_REFERENCE,書をもつて行い、かつ、理由を附さなければならない。 ２ 通常実施権を設定すべき旨の裁定においては、次に掲げる事項を定めなければならない。 一 通常実施権を設定すべき範囲 二 対価の額並びにその支払の方法,34,135
4,第四章　特許権,31,第八十六条,ARTICLE_REFERENCE,第八十六条,0,5
4,第四章　特許権,31,第八十六条,ARTICLE_REFERENCE,第八十六条,14,19
4,第四章　特許権,31,第八十六条,ARTICLE_REFERENCE,第八十三条,20,25
4,第四章　特許権,31,第八十六条,ARTICLE_REFERENCE,第二項,25,28
4,第四章　特許権,32,第八十七条,ARTICLE_REFERENCE,第八十七条,0,5
4,第四章　特許権,32,第八十七条,ARTICLE_REFERENCE,第八十七条,17,22
4,第四章　特許権,32,第八十七条,ARTICLE_REFERENCE,第八十三条,30,35
4,第四章　特許権,32,第八十七条,ARTICLE_REFERENCE,第二項,35,38
4,第四章　特許権,32,第八十七条,ARTICLE_REFERENCE,第八十四条の二,90,97
4,第四章　特許権,32,第八十七条,ARTICLE_REFERENCE,前項,137,139
4,第四章　特許権,32,第八十七条,ORGANIZATION,特許庁長官,23,28
4,第四章　特許権,32,第八十七条,PROCEDURE,登録,76,78
4,第四章　特許権,32,第八十七条,LEGAL_STATUS,権利,80,82
4,第四章　特許権,33,第八十八条,ARTICLE_REFERENCE,第八十八条,0,5
4,第四章　特許権,33,第八十八条,ARTICLE_REFERENCE,第八十八条,14,19
4,第四章　特許権,33,第八十八条,ARTICLE_REFERENCE,第八十六条,20,25
4,第四章　特許権,33,第八十八条,ARTICLE_REFERENCE,第二項,25,28
4,第四章　特許権,33,第八十八条,ARTICLE_REFERENCE,第二号,28,31
4,第四章　特許権,33,第八十八条,ARTICLE_REFERENCE,第百八十三条,156,162
4,第四章　特許権,33,第八十八条,ARTICLE_REFERENCE,第一項,162,165
4,第四章　特許権,33,第八十八条,PROCEDURE,特許権,183,186
4,第四章　特許権,34,第八十九条,ARTICLE_REFERENCE,第八十九条,0,5
4,第四章　特許権,34,第八十九条,ARTICLE_REFERENCE,第八十九条,14,19
4,第四章　特許権,34,第八十九条,ARTICLE_REFERENCE,第八十三条,38,43
4,第四章　特許権,34,第八十九条,ARTICLE_REFERENCE,第二項,43,46
4,第四章　特許権,34,第八十九条,TIME_PERIOD,まで,58,60
4,第四章　特許権,34,第八十九条,LEGAL_STATUS,効力,131,133
4,第四章　特許権,35,第九十条,ARTICLE_REFERENCE,第九十条,0,4
4,第四章　特許権,35,第九十条,ARTICLE_REFERENCE,第九十条,14,18
4,第四章　特許権,35,第九十条,ARTICLE_REFERENCE,第八十三条,26,31
4,第四章　特許権,35,第九十条,ARTICLE_REFERENCE,第二項,31,34
4,第四章　特許権,35,第九十条,ARTICLE_REFERENCE,第八十四条,171,176
4,第四章　特許権,35,第九十条,ARTICLE_REFERENCE,第八十四条の二,177,184
4,第四章　特許権,35,第九十条,ARTICLE_REFERENCE,第八十五条,185,190
4,第四章　特許権,35,第九十条,ARTICLE_REFERENCE,第一項,190,193
4,第四章　特許権,35,第九十条,ARTICLE_REFERENCE,第八十六条,194,199
4,第四章　特許権,35,第九十条,ARTICLE_REFERENCE,第一項,199,202
4,第四章　特許権,35,第九十条,ARTICLE_REFERENCE,第八十七条,204,209
4,第四章　特許権,35,第九十条,ARTICLE_REFERENCE,第一項,209,212
4,第四章　特許権,35,第九十条,ARTICLE_REFERENCE,前項,216,218
4,第四章　特許権,35,第九十条,ARTICLE_REFERENCE,第八十五条,232,237
4,第四章　特許権,35,第九十条,ARTICLE_REFERENCE,第二項,237,240
4,第四章　特許権,35,第九十条,ARTICLE_REFERENCE,前項,277,279
4,第四章　特許権,35,第九十条,ORGANIZATION,特許庁長官,19,24
4,第四章　特許権,35,第九十条,PROCEDURE,発明,124,126
4,第四章　特許権,35,第九十条,PROCEDURE,請求,143,145
4,第四章　特許権,35,第九十条,PROCEDURE,発明,265,267
4,第四章　特許権,35,第九十条,LEGAL_STATUS,取消,9,11
4,第四章　特許権,35,第九十条,LEGAL_STATUS,利害関係人,137,142
4,第四章　特許権,35,第九十条,LEGAL_STATUS,取消,227,229
4,第四章　特許権,35,第九十条,LEGAL_STATUS,取消,288,290
4,第四章　特許権,36,第九十一条,ARTICLE_REFERENCE,第九十一条,0,5
4,第四章　特許権,36,第九十一条,ARTICLE_REFERENCE,第九十一条,6,11
4,第四章　特許権,36,第九十一条,ARTICLE_REFERENCE,前条,12,14
4,第四章　特許権,36,第九十一条,ARTICLE_REFERENCE,第一項,14,17
4,第四章　特許権,36,第九十一条,LEGAL_STATUS,取消,26,28
4,第四章　特許権,37,第九十一条の二,LAW_REFERENCE,第二項の規定による裁定についての行政不服審査法,39,62
4,第四章　特許権,37,第九十一条の二,ARTICLE_REFERENCE,第九十一条の二,0,7
4,第四章　特許権,37,第九十一条の二,ARTICLE_REFERENCE,第九十一条の二,26,33
4,第四章　特許権,37,第九十一条の二,ARTICLE_REFERENCE,第八十三条,34,39
4,第四章　特許権,37,第九十一条の二,ARTICLE_REFERENCE,第二項,39,42
4,第四章　特許権,37,第九十一条の二,PROCEDURE,審査,59,61
4,第四章　特許権,37,第九十一条の二,PROCEDURE,審査,68,70
4,第四章　特許権,37,第九十一条の二,PROCEDURE,請求,70,72
4,第四章　特許権,38,第九十二条,ARTICLE_REFERENCE,第九十二条,0,5
4,第四章　特許権,38,第九十二条,ARTICLE_REFERENCE,第九十二条,36,41
4,第四章　特許権,38,第九十二条,ARTICLE_REFERENCE,第七十二条,63,68
4,第四章　特許権,38,第九十二条,ARTICLE_REFERENCE,同条,84,86
4,第四章　特許権,38,第九十二条,ARTICLE_REFERENCE,前項,159,161
4,第四章　特許権,38,第九十二条,ARTICLE_REFERENCE,第七十二条,170,175
4,第四章　特許権,38,第九十二条,ARTICLE_REFERENCE,第一項,303,306
4,第四章　特許権,38,第九十二条,ARTICLE_REFERENCE,第二項,370,373
4,第四章　特許権,38,第九十二条,ARTICLE_REFERENCE,前項,403,405
4,第四章　特許権,38,第九十二条,ARTICLE_REFERENCE,第七十二条,419,424
4,第四章　特許権,38,第九十二条,ARTICLE_REFERENCE,第七項,429,432
4,第四章　特許権,38,第九十二条,ARTICLE_REFERENCE,第八十四条,440,445
4,第四章　特許権,38,第九十二条,ARTICLE_REFERENCE,第三項,516,519
4,第四章　特許権,38,第九十二条,ARTICLE_REFERENCE,前項,521,523
4,第四章　特許権,38,第九十二条,ARTICLE_REFERENCE,第七十二条,546,551
4,第四章　特許権,38,第九十二条,ARTICLE_REFERENCE,前項,627,629
4,第四章　特許権,38,第九十二条,ARTICLE_REFERENCE,第四項,640,643
4,第四章　特許権,38,第九十二条,ARTICLE_REFERENCE,第三項,651,654
4,第四章　特許権,38,第九十二条,ARTICLE_REFERENCE,第八十四条,718,723
4,第四章　特許権,38,第九十二条,ARTICLE_REFERENCE,第八十四条の二,724,731
4,第四章　特許権,38,第九十二条,ARTICLE_REFERENCE,第八十五条,732,737
4,第四章　特許権,38,第九十二条,ARTICLE_REFERENCE,第一項,737,740
4,第四章　特許権,38,第九十二条,ARTICLE_REFERENCE,第八十六条,742,747
4,第四章　特許権,38,第九十二条,ARTICLE_REFERENCE,前条,749,751
4,第四章　特許権,38,第九十二条,ARTICLE_REFERENCE,第三項,758,761
4,第四章　特許権,38,第九十二条,ARTICLE_REFERENCE,第四項,763,766
4,第四章　特許権,38,第九十二条,TIME_PERIOD,から,747,749
4,第四章　特許権,38,第九十二条,TIME_PERIOD,まで,751,753
4,第四章　特許権,38,第九十二条,ORGANIZATION,特許庁長官,347,352
4,第四章　特許権,38,第九十二条,ORGANIZATION,特許庁長官,469,474
4,第四章　特許権,38,第九十二条,ORGANIZATION,特許庁長官,486,491
4,第四章　特許権,38,第九十二条,ORGANIZATION,特許庁長官,509,514
4,第四章　特許権,38,第九十二条,ORGANIZATION,特許庁長官,620,625
4,第四章　特許権,38,第九十二条,PROCEDURE,発明,12,14
4,第四章　特許権,38,第九十二条,PROCEDURE,特許権,42,45
4,第四章　特許権,38,第九十二条,PROCEDURE,発明,60,62
4,第四章　特許権,38,第九十二条,PROCEDURE,発明,96,98
4,第四章　特許権,38,第九十二条,PROCEDURE,実用新案権,114,119
4,第四章　特許権,38,第九十二条,PROCEDURE,意匠権,123,126
4,第四章　特許権,38,第九十二条,PROCEDURE,特許権,188,191
4,第四章　特許権,38,第九十二条,PROCEDURE,実用新案権,224,229
4,第四章　特許権,38,第九十二条,PROCEDURE,意匠権,233,236
4,第四章　特許権,38,第九十二条,PROCEDURE,発明,264,266
4,第四章　特許権,38,第九十二条,PROCEDURE,特許権,333,336
4,第四章　特許権,38,第九十二条,PROCEDURE,請求,356,358
4,第四章　特許権,38,第九十二条,PROCEDURE,請求,409,411
4,第四章　特許権,38,第九十二条,PROCEDURE,請求,495,497
4,第四章　特許権,38,第九十二条,PROCEDURE,特許権,556,559
4,第四章　特許権,38,第九十二条,PROCEDURE,請求,658,660
4,第四章　特許権,39,第九十三条,ARTICLE_REFERENCE,第九十三条,0,5
4,第四章　特許権,39,第九十三条,ARTICLE_REFERENCE,第九十三条,29,34
4,第四章　特許権,39,第九十三条,ARTICLE_REFERENCE,前項,124,126
4,第四章　特許権,39,第九十三条,ARTICLE_REFERENCE,第八十四条,196,201
4,第四章　特許権,39,第九十三条,ARTICLE_REFERENCE,第八十四条の二,202,209
4,第四章　特許権,39,第九十三条,ARTICLE_REFERENCE,第八十五条,210,215
4,第四章　特許権,39,第九十三条,ARTICLE_REFERENCE,第一項,215,218
4,第四章　特許権,39,第九十三条,ARTICLE_REFERENCE,第八十六条,220,225
4,第四章　特許権,39,第九十三条,ARTICLE_REFERENCE,第九十一条の二,227,234
4,第四章　特許権,39,第九十三条,ARTICLE_REFERENCE,前項,241,243
4,第四章　特許権,39,第九十三条,TIME_PERIOD,から,225,227
4,第四章　特許権,39,第九十三条,TIME_PERIOD,まで,234,236
4,第四章　特許権,39,第九十三条,ORGANIZATION,経済産業大臣,172,178
4,第四章　特許権,39,第九十三条,PROCEDURE,発明,37,39
4,第四章　特許権,39,第九十三条,PROCEDURE,発明,66,68
4,第四章　特許権,39,第九十三条,PROCEDURE,特許権,81,84
4,第四章　特許権,39,第九十三条,PROCEDURE,発明,157,159
4,第四章　特許権,39,第九十三条,PROCEDURE,請求,182,184
4,第四章　特許権,40,第九十四条,LAW_REFERENCE,第二項、実用新案法第二十二条,61,75
4,第四章　特許権,40,第九十四条,LAW_REFERENCE,第三項又は意匠法第三十三条,75,88
4,第四章　特許権,40,第九十四条,LAW_REFERENCE,第二項、実用新案法第二十二条,238,252
4,第四章　特許権,40,第九十四条,LAW_REFERENCE,第三項又は意匠法第三十三条,252,265
4,第四章　特許権,40,第九十四条,LAW_REFERENCE,第三項、実用新案法第二十二条,426,440
4,第四章　特許権,40,第九十四条,LAW_REFERENCE,第三項又は意匠法第三十三条,440,453
4,第四章　特許権,40,第九十四条,ARTICLE_REFERENCE,第九十四条,0,5
4,第四章　特許権,40,第九十四条,ARTICLE_REFERENCE,第九十四条,18,23
4,第四章　特許権,40,第九十四条,ARTICLE_REFERENCE,第八十三条,31,36
4,第四章　特許権,40,第九十四条,ARTICLE_REFERENCE,第二項,36,39
4,第四章　特許権,40,第九十四条,ARTICLE_REFERENCE,第九十二条,40,45
4,第四章　特許権,40,第九十四条,ARTICLE_REFERENCE,第三項,45,48
4,第四章　特許権,40,第九十四条,ARTICLE_REFERENCE,第四項,52,55
4,第四章　特許権,40,第九十四条,ARTICLE_REFERENCE,前条,59,61
4,第四章　特許権,40,第九十四条,ARTICLE_REFERENCE,第二項,61,64
4,第四章　特許権,40,第九十四条,ARTICLE_REFERENCE,第二十二条,70,75
4,第四章　特許権,40,第九十四条,ARTICLE_REFERENCE,第三項,75,78
4,第四章　特許権,40,第九十四条,ARTICLE_REFERENCE,第三十三条,83,88
4,第四章　特許権,40,第九十四条,ARTICLE_REFERENCE,第三項,88,91
4,第四章　特許権,40,第九十四条,ARTICLE_REFERENCE,第八十三条,208,213
4,第四章　特許権,40,第九十四条,ARTICLE_REFERENCE,第二項,213,216
4,第四章　特許権,40,第九十四条,ARTICLE_REFERENCE,第九十二条,217,222
4,第四章　特許権,40,第九十四条,ARTICLE_REFERENCE,第三項,222,225
4,第四章　特許権,40,第九十四条,ARTICLE_REFERENCE,第四項,229,232
4,第四章　特許権,40,第九十四条,ARTICLE_REFERENCE,前条,236,238
4,第四章　特許権,40,第九十四条,ARTICLE_REFERENCE,第二項,238,241
4,第四章　特許権,40,第九十四条,ARTICLE_REFERENCE,第二十二条,247,252
4,第四章　特許権,40,第九十四条,ARTICLE_REFERENCE,第三項,252,255
4,第四章　特許権,40,第九十四条,ARTICLE_REFERENCE,第三十三条,260,265
4,第四章　特許権,40,第九十四条,ARTICLE_REFERENCE,第三項,265,268
4,第四章　特許権,40,第九十四条,ARTICLE_REFERENCE,第八十三条,362,367
4,第四章　特許権,40,第九十四条,ARTICLE_REFERENCE,第二項,367,370
4,第四章　特許権,40,第九十四条,ARTICLE_REFERENCE,前条,372,374
4,第四章　特許権,40,第九十四条,ARTICLE_REFERENCE,第二項,374,377
4,第四章　特許権,40,第九十四条,ARTICLE_REFERENCE,第九十二条,421,426
4,第四章　特許権,40,第九十四条,ARTICLE_REFERENCE,第三項,426,429
4,第四章　特許権,40,第九十四条,ARTICLE_REFERENCE,第二十二条,435,440
4,第四章　特許権,40,第九十四条,ARTICLE_REFERENCE,第三項,440,443
4,第四章　特許権,40,第九十四条,ARTICLE_REFERENCE,第三十三条,448,453
4,第四章　特許権,40,第九十四条,ARTICLE_REFERENCE,第三項,453,456
4,第四章　特許権,40,第九十四条,ARTICLE_REFERENCE,第九十二条,573,578
4,第四章　特許権,40,第九十四条,ARTICLE_REFERENCE,第四項,578,581
4,第四章　特許権,40,第九十四条,ARTICLE_REFERENCE,第七十三条,659,664
4,第四章　特許権,40,第九十四条,ARTICLE_REFERENCE,第一項,664,667
4,第四章　特許権,40,第九十四条,PROCEDURE,意匠,80,82
4,第四章　特許権,40,第九十四条,PROCEDURE,特許権,120,123
4,第四章　特許権,40,第九十四条,PROCEDURE,特許権,146,149
4,第四章　特許権,40,第九十四条,PROCEDURE,意匠,257,259
4,第四章　特許権,40,第九十四条,PROCEDURE,特許権,283,286
4,第四章　特許権,40,第九十四条,PROCEDURE,特許権,309,312
4,第四章　特許権,40,第九十四条,PROCEDURE,意匠,445,447
4,第四章　特許権,40,第九十四条,PROCEDURE,特許権,480,483
4,第四章　特許権,40,第九十四条,PROCEDURE,実用新案権,484,489
4,第四章　特許権,40,第九十四条,PROCEDURE,意匠権,491,494
4,第四章　特許権,40,第九十四条,PROCEDURE,特許権,524,527
4,第四章　特許権,40,第九十四条,PROCEDURE,実用新案権,528,533
4,第四章　特許権,40,第九十四条,PROCEDURE,意匠権,535,538
4,第四章　特許権,40,第九十四条,PROCEDURE,特許権,605,608
4,第四章　特許権,40,第九十四条,PROCEDURE,実用新案権,609,614
4,第四章　特許権,40,第九十四条,PROCEDURE,意匠権,616,619
4,第四章　特許権,40,第九十四条,PROCEDURE,特許権,629,632
4,第四章　特許権,40,第九十四条,PROCEDURE,実用新案権,633,638
4,第四章　特許権,40,第九十四条,PROCEDURE,意匠権,640,643
4,第四章　特許権,41,第九十五条,ARTICLE_REFERENCE,第九十五条,0,5
4,第四章　特許権,41,第九十五条,ARTICLE_REFERENCE,第九十五条,11,16
4,第四章　特許権,41,第九十五条,PROCEDURE,特許権,17,20
4,第四章　特許権,41,第九十五条,PROCEDURE,発明,75,77
4,第四章　特許権,42,第九十六条,ARTICLE_REFERENCE,第九十六条,0,5
4,第四章　特許権,42,第九十六条,ARTICLE_REFERENCE,第九十六条,6,11
4,第四章　特許権,42,第九十六条,PROCEDURE,特許権,12,15
4,第四章　特許権,42,第九十六条,PROCEDURE,特許権,38,41
4,第四章　特許権,42,第九十六条,PROCEDURE,発明,63,65
4,第四章　特許権,42,第九十六条,PROCEDURE,特許権,73,76
4,第四章　特許権,43,第九十七条,ARTICLE_REFERENCE,第九十七条,0,5
4,第四章　特許権,43,第九十七条,ARTICLE_REFERENCE,第九十七条,16,21
4,第四章　特許権,43,第九十七条,ARTICLE_REFERENCE,第七十七条,96,101
4,第四章　特許権,43,第九十七条,ARTICLE_REFERENCE,第四項,101,104
4,第四章　特許権,43,第九十七条,PROCEDURE,特許権,7,10
4,第四章　特許権,43,第九十七条,PROCEDURE,特許権,22,25
4,第四章　特許権,43,第九十七条,PROCEDURE,特許権,65,68
4,第四章　特許権,44,第九十八条,ARTICLE_REFERENCE,第九十八条,0,5
4,第四章　特許権,44,第九十八条,ARTICLE_REFERENCE,第九十八条,14,19
4,第四章　特許権,44,第九十八条,ARTICLE_REFERENCE,前項,257,259
4,第四章　特許権,44,第九十八条,ARTICLE_REFERENCE,各号,259,261
4,第四章　特許権,44,第九十八条,TIME_PERIOD,遅滞なく,277,281
4,第四章　特許権,44,第九十八条,ORGANIZATION,特許庁長官,286,291
4,第四章　特許権,44,第九十八条,PROCEDURE,登録,7,9
4,第四章　特許権,44,第九十八条,PROCEDURE,登録,29,31
4,第四章　特許権,44,第九十八条,PROCEDURE,特許権,50,53
4,第四章　特許権,44,第九十八条,PROCEDURE,特許権,146,149
4,第四章　特許権,44,第九十八条,PROCEDURE,特許権,172,175
4,第四章　特許権,44,第九十八条,LEGAL_STATUS,効力,39,41
4,第四章　特許権,45,第九十九条,ARTICLE_REFERENCE,第九十九条,0,5
4,第四章　特許権,45,第九十九条,ARTICLE_REFERENCE,第九十九条,18,23
4,第四章　特許権,45,第九十九条,PROCEDURE,特許権,39,42
4,第四章　特許権,45,第九十九条,PROCEDURE,特許権,55,58
4,第四章　特許権,45,第九十九条,LEGAL_STATUS,効力,82,84
4,第四章　特許権,46,第百条,LAW_REFERENCE, 特許権者又は専用実施権者は、自己の特許権又は専用実施権を侵害する者又は侵害するおそれがある者に対し、その侵害の停止又は予防を請求することができる。 ２ 特許権者又は専用実施権者は、前項の規定による請求をするに際し、侵害の行為を組成した物（物を生産する方法,15,143
4,第四章　特許権,46,第百条,ARTICLE_REFERENCE,第百条,0,3
4,第四章　特許権,46,第百条,ARTICLE_REFERENCE,第百条,12,15
4,第四章　特許権,46,第百条,ARTICLE_REFERENCE,前項,106,108
4,第四章　特許権,46,第百条,ARTICLE_REFERENCE,第百二条,170,174
4,第四章　特許権,46,第百条,ARTICLE_REFERENCE,第一項,174,177
4,第四章　特許権,46,第百条,PROCEDURE,請求,7,9
4,第四章　特許権,46,第百条,PROCEDURE,特許権,16,19
4,第四章　特許権,46,第百条,PROCEDURE,特許権,33,36
4,第四章　特許権,46,第百条,PROCEDURE,請求,78,80
4,第四章　特許権,46,第百条,PROCEDURE,特許権,92,95
4,第四章　特許権,46,第百条,PROCEDURE,請求,114,116
4,第四章　特許権,46,第百条,PROCEDURE,発明,146,148
4,第四章　特許権,46,第百条,PROCEDURE,請求,219,221
4,第四章　特許権,46,第百条,LEGAL_STATUS,侵害,44,46
4,第四章　特許権,46,第百条,LEGAL_STATUS,侵害,51,53
4,第四章　特許権,46,第百条,LEGAL_STATUS,侵害,68,70
4,第四章　特許権,46,第百条,LEGAL_STATUS,侵害,123,125
4,第四章　特許権,46,第百条,LEGAL_STATUS,侵害,154,156
4,第四章　特許権,46,第百条,LEGAL_STATUS,侵害,189,191
4,第四章　特許権,46,第百条,LEGAL_STATUS,侵害,207,209
4,第四章　特許権,47,第百一条,LAW_REFERENCE, 次に掲げる行為は、当該特許権又は専用実施権を侵害するものとみなす。 一 特許が物の発明についてされている場合において、業として、その物の生産にのみ用いる物の生産、譲渡等若しくは輸入又は譲渡等の申出をする行為 二 特許が物の発明についてされている場合において、その物の生産に用いる物（日本国内において広く一般に流通しているものを除く。）であつてその発明による課題の解決に不可欠なものにつき、その発明が特許発明であること及びその物がその発明の実施に用いられることを知りながら、業として、その生産、譲渡等若しくは輸入又は譲渡等の申出をする行為 三 特許が物の発明についてされている場合において、その物を業としての譲渡等又は輸出のために所持する行為 四 特許が方法の発明についてされている場合において、業として、その方法の使用にのみ用いる物の生産、譲渡等若しくは輸入又は譲渡等の申出をする行為 五 特許が方法の発明についてされている場合において、その方法の使用に用いる物（日本国内において広く一般に流通しているものを除く。）であつてその発明による課題の解決に不可欠なものにつき、その発明が特許発明であること及びその物がその発明の実施に用いられることを知りながら、業として、その生産、譲渡等若しくは輸入又は譲渡等の申出をする行為 六 特許が物を生産する方法の発明についてされている場合において、その方法,20,617
4,第四章　特許権,47,第百一条,ARTICLE_REFERENCE,第百一条,0,4
4,第四章　特許権,47,第百一条,ARTICLE_REFERENCE,第百一条,16,20
4,第四章　特許権,47,第百一条,PROCEDURE,特許権,32,35
4,第四章　特許権,47,第百一条,PROCEDURE,発明,62,64
4,第四章　特許権,47,第百一条,PROCEDURE,発明,132,134
4,第四章　特許権,47,第百一条,PROCEDURE,発明,194,196
4,第四章　特許権,47,第百一条,PROCEDURE,発明,217,219
4,第四章　特許権,47,第百一条,PROCEDURE,発明,222,224
4,第四章　特許権,47,第百一条,PROCEDURE,発明,237,239
4,第四章　特許権,47,第百一条,PROCEDURE,発明,297,299
4,第四章　特許権,47,第百一条,PROCEDURE,発明,350,352
4,第四章　特許権,47,第百一条,PROCEDURE,発明,422,424
4,第四章　特許権,47,第百一条,PROCEDURE,発明,485,487
4,第四章　特許権,47,第百一条,PROCEDURE,発明,508,510
4,第四章　特許権,47,第百一条,PROCEDURE,発明,513,515
4,第四章　特許権,47,第百一条,PROCEDURE,発明,528,530
4,第四章　特許権,47,第百一条,PROCEDURE,発明,595,597
4,第四章　特許権,47,第百一条,LEGAL_STATUS,侵害,6,8
4,第四章　特許権,47,第百一条,LEGAL_STATUS,侵害,43,45
4,第四章　特許権,48,第百二条,ARTICLE_REFERENCE,第百二条,0,4
4,第四章　特許権,48,第百二条,ARTICLE_REFERENCE,第百二条,16,20
4,第四章　特許権,48,第百二条,ARTICLE_REFERENCE,各号,123,125
4,第四章　特許権,48,第百二条,ARTICLE_REFERENCE,次号,249,251
4,第四章　特許権,48,第百二条,ARTICLE_REFERENCE,同号,296,298
4,第四章　特許権,48,第百二条,ARTICLE_REFERENCE,同号,389,391
4,第四章　特許権,48,第百二条,ARTICLE_REFERENCE,第一項,860,863
4,第四章　特許権,48,第百二条,ARTICLE_REFERENCE,第二号,863,866
4,第四章　特許権,48,第百二条,ARTICLE_REFERENCE,前項,868,870
4,第四章　特許権,48,第百二条,ARTICLE_REFERENCE,第三項,1059,1062
4,第四章　特許権,48,第百二条,ARTICLE_REFERENCE,同項,1067,1069
4,第四章　特許権,48,第百二条,PROCEDURE,特許権,21,24
4,第四章　特許権,48,第百二条,PROCEDURE,特許権,46,49
4,第四章　特許権,48,第百二条,PROCEDURE,請求,84,86
4,第四章　特許権,48,第百二条,PROCEDURE,特許権,136,139
4,第四章　特許権,48,第百二条,PROCEDURE,特許権,169,172
4,第四章　特許権,48,第百二条,PROCEDURE,特許権,223,226
4,第四章　特許権,48,第百二条,PROCEDURE,特許権,271,274
4,第四章　特許権,48,第百二条,PROCEDURE,特許権,341,344
4,第四章　特許権,48,第百二条,PROCEDURE,特許権,455,458
4,第四章　特許権,48,第百二条,PROCEDURE,特許権,471,474
4,第四章　特許権,48,第百二条,PROCEDURE,特許権,476,479
4,第四章　特許権,48,第百二条,PROCEDURE,特許権,567,570
4,第四章　特許権,48,第百二条,PROCEDURE,発明,582,584
4,第四章　特許権,48,第百二条,PROCEDURE,特許権,608,611
4,第四章　特許権,48,第百二条,PROCEDURE,特許権,633,636
4,第四章　特許権,48,第百二条,PROCEDURE,請求,671,673
4,第四章　特許権,48,第百二条,PROCEDURE,特許権,716,719
4,第四章　特許権,48,第百二条,PROCEDURE,特許権,745,748
4,第四章　特許権,48,第百二条,PROCEDURE,特許権,771,774
4,第四章　特許権,48,第百二条,PROCEDURE,発明,795,797
4,第四章　特許権,48,第百二条,PROCEDURE,請求,841,843
4,第四章　特許権,48,第百二条,PROCEDURE,発明,877,879
4,第四章　特許権,48,第百二条,PROCEDURE,特許権,912,915
4,第四章　特許権,48,第百二条,PROCEDURE,特許権,929,932
4,第四章　特許権,48,第百二条,PROCEDURE,発明,944,946
4,第四章　特許権,48,第百二条,PROCEDURE,特許権,959,962
4,第四章　特許権,48,第百二条,PROCEDURE,特許権,986,989
4,第四章　特許権,48,第百二条,PROCEDURE,特許権,1020,1023
4,第四章　特許権,48,第百二条,PROCEDURE,請求,1086,1088
4,第四章　特許権,48,第百二条,PROCEDURE,特許権,1103,1106
4,第四章　特許権,48,第百二条,LEGAL_STATUS,損害,6,8
4,第四章　特許権,48,第百二条,LEGAL_STATUS,侵害,57,59
4,第四章　特許権,48,第百二条,LEGAL_STATUS,侵害,67,69
4,第四章　特許権,48,第百二条,LEGAL_STATUS,損害,78,80
4,第四章　特許権,48,第百二条,LEGAL_STATUS,侵害,101,103
4,第四章　特許権,48,第百二条,LEGAL_STATUS,損害,152,154
4,第四章　特許権,48,第百二条,LEGAL_STATUS,侵害,184,186
4,第四章　特許権,48,第百二条,LEGAL_STATUS,侵害,234,236
4,第四章　特許権,48,第百二条,LEGAL_STATUS,侵害,644,646
4,第四章　特許権,48,第百二条,LEGAL_STATUS,侵害,654,656
4,第四章　特許権,48,第百二条,LEGAL_STATUS,損害,665,667
4,第四章　特許権,48,第百二条,LEGAL_STATUS,侵害,688,690
4,第四章　特許権,48,第百二条,LEGAL_STATUS,損害,732,734
4,第四章　特許権,48,第百二条,LEGAL_STATUS,侵害,782,784
4,第四章　特許権,48,第百二条,LEGAL_STATUS,損害,829,831
4,第四章　特許権,48,第百二条,LEGAL_STATUS,侵害,970,972
4,第四章　特許権,48,第百二条,LEGAL_STATUS,侵害,997,999
4,第四章　特許権,48,第百二条,LEGAL_STATUS,損害,1080,1082
4,第四章　特許権,48,第百二条,LEGAL_STATUS,侵害,1114,1116
4,第四章　特許権,48,第百二条,LEGAL_STATUS,損害,1143,1145
4,第四章　特許権,49,第百三条,ARTICLE_REFERENCE,第百三条,0,4
4,第四章　特許権,49,第百三条,ARTICLE_REFERENCE,第百三条,13,17
4,第四章　特許権,49,第百三条,PROCEDURE,特許権,21,24
4,第四章　特許権,49,第百三条,LEGAL_STATUS,侵害,32,34
4,第四章　特許権,49,第百三条,LEGAL_STATUS,侵害,41,43
4,第四章　特許権,50,第百四条,LAW_REFERENCE,"
（生産方法",4,10
4,第四章　特許権,50,第百四条,LAW_REFERENCE, 物を生産する方法の発明について特許がされている場合において、その物が特許出願前に日本国内において公然知られた物でないときは、その物と同一の物は、その方法,19,96
4,第四章　特許権,50,第百四条,ARTICLE_REFERENCE,第百四条,0,4
4,第四章　特許権,50,第百四条,ARTICLE_REFERENCE,第百四条,15,19
4,第四章　特許権,50,第百四条,PROCEDURE,発明,29,31
4,第四章　特許権,50,第百四条,PROCEDURE,出願,56,58
4,第四章　特許権,51,第百四条の二,LAW_REFERENCE,の二 特許権又は専用実施権の侵害に係る訴訟において、特許権者又は専用実施権者が侵害の行為を組成したものとして主張する物又は方法,24,87
4,第四章　特許権,51,第百四条の二,ARTICLE_REFERENCE,第百四条の二,0,6
4,第四章　特許権,51,第百四条の二,ARTICLE_REFERENCE,第百四条の二,20,26
4,第四章　特許権,51,第百四条の二,PROCEDURE,特許権,27,30
4,第四章　特許権,51,第百四条の二,PROCEDURE,特許権,50,53
4,第四章　特許権,51,第百四条の二,LEGAL_STATUS,義務,16,18
4,第四章　特許権,51,第百四条の二,LEGAL_STATUS,侵害,38,40
4,第四章　特許権,51,第百四条の二,LEGAL_STATUS,侵害,63,65
4,第四章　特許権,52,第百四条の三,LAW_REFERENCE,の三 特許権又は専用実施権の侵害に係る訴訟において、当該特許が特許無効審判により又は当該特許権の存続期間の延長登録が延長登録無効審判により無効にされるべきものと認められるときは、特許権者又は専用実施権者は、相手方に対しその権利を行使することができない。 ２ 前項の規定による攻撃又は防御の方法,27,173
4,第四章　特許権,52,第百四条の三,LAW_REFERENCE,第二項の規定は、当該特許に係る発明について特許無効審判を請求することができる者以外の者が第一項の規定による攻撃又は防御の方法,259,321
4,第四章　特許権,52,第百四条の三,ARTICLE_REFERENCE,第百四条の三,0,6
4,第四章　特許権,52,第百四条の三,ARTICLE_REFERENCE,第百四条の三,23,29
4,第四章　特許権,52,第百四条の三,ARTICLE_REFERENCE,前項,156,158
4,第四章　特許権,52,第百四条の三,ARTICLE_REFERENCE,第百二十三条,253,259
4,第四章　特許権,52,第百四条の三,ARTICLE_REFERENCE,第二項,259,262
4,第四章　特許権,52,第百四条の三,ARTICLE_REFERENCE,第一項,303,306
4,第四章　特許権,52,第百四条の三,PROCEDURE,特許権,8,11
4,第四章　特許権,52,第百四条の三,PROCEDURE,特許権,30,33
4,第四章　特許権,52,第百四条の三,PROCEDURE,無効審判,60,64
4,第四章　特許権,52,第百四条の三,PROCEDURE,特許権,71,74
4,第四章　特許権,52,第百四条の三,PROCEDURE,登録,82,84
4,第四章　特許権,52,第百四条の三,PROCEDURE,登録,87,89
4,第四章　特許権,52,第百四条の三,PROCEDURE,無効審判,89,93
4,第四章　特許権,52,第百四条の三,PROCEDURE,特許権,116,119
4,第四章　特許権,52,第百四条の三,PROCEDURE,発明,274,276
4,第四章　特許権,52,第百四条の三,PROCEDURE,無効審判,282,286
4,第四章　特許権,52,第百四条の三,PROCEDURE,請求,287,289
4,第四章　特許権,52,第百四条の三,LEGAL_STATUS,権利,14,16
4,第四章　特許権,52,第百四条の三,LEGAL_STATUS,侵害,41,43
4,第四章　特許権,52,第百四条の三,LEGAL_STATUS,無効,60,62
4,第四章　特許権,52,第百四条の三,LEGAL_STATUS,無効,89,91
4,第四章　特許権,52,第百四条の三,LEGAL_STATUS,無効,96,98
4,第四章　特許権,52,第百四条の三,LEGAL_STATUS,権利,138,140
4,第四章　特許権,52,第百四条の三,LEGAL_STATUS,却下,235,237
4,第四章　特許権,52,第百四条の三,LEGAL_STATUS,無効,282,284
4,第四章　特許権,53,第百四条の四,LAW_REFERENCE,政令,382,384
4,第四章　特許権,53,第百四条の四,ARTICLE_REFERENCE,第百四条の四,0,6
4,第四章　特許権,53,第百四条の四,ARTICLE_REFERENCE,第百四条の四,15,21
4,第四章　特許権,53,第百四条の四,ARTICLE_REFERENCE,第六十五条,39,44
4,第四章　特許権,53,第百四条の四,ARTICLE_REFERENCE,第一項,44,47
4,第四章　特許権,53,第百四条の四,ARTICLE_REFERENCE,第百八十四条の十,51,59
4,第四章　特許権,53,第百四条の四,ARTICLE_REFERENCE,第一項,59,62
4,第四章　特許権,53,第百四条の四,PROCEDURE,特許権,22,25
4,第四章　特許権,53,第百四条の四,PROCEDURE,請求,74,76
4,第四章　特許権,53,第百四条の四,PROCEDURE,再審,139,141
4,第四章　特許権,53,第百四条の四,PROCEDURE,請求,175,177
4,第四章　特許権,53,第百四条の四,PROCEDURE,請求,226,228
4,第四章　特許権,53,第百四条の四,PROCEDURE,特許権,309,312
4,第四章　特許権,53,第百四条の四,PROCEDURE,登録,320,322
4,第四章　特許権,53,第百四条の四,PROCEDURE,明細書,348,351
4,第四章　特許権,53,第百四条の四,PROCEDURE,請求,354,356
4,第四章　特許権,53,第百四条の四,PROCEDURE,図面,361,363
4,第四章　特許権,53,第百四条の四,LEGAL_STATUS,侵害,35,37
4,第四章　特許権,53,第百四条の四,LEGAL_STATUS,損害,170,172
4,第四章　特許権,53,第百四条の四,LEGAL_STATUS,損害,213,215
4,第四章　特許権,53,第百四条の四,LEGAL_STATUS,無効,294,296
4,第四章　特許権,53,第百四条の四,LEGAL_STATUS,無効,323,325
4,第四章　特許権,54,第百五条,LAW_REFERENCE,の書類に該当するかどうか又は同項ただし書に規定する正当な理由があるかどうかについて前項後段の書類を開示してその意見を聴くことが必要であると認めるときは、当事者等（当事者（法人である場合にあつては、その代表者）又は当事者の代理人（訴訟代理人及び補佐人を除く。）、使用人その他の従業者をいう。以下同じ。）、訴訟代理人又は補佐人に対し、当該書類を開示することができる。 ４ 裁判所は、第二項の場合において、同項後段の書類を開示して専門的な知見に基づく説明を聴くことが必要であると認めるときは、当事者の同意を得て、専門委員（民事訴訟法第一編第五章第二節第一款に規定する専門委員をいう。第百五条,354,646
4,第四章　特許権,54,第百五条,ARTICLE_REFERENCE,第百五条,0,4
4,第四章　特許権,54,第百五条,ARTICLE_REFERENCE,第百五条,14,18
4,第四章　特許権,54,第百五条,ARTICLE_REFERENCE,前項,181,183
4,第四章　特許権,54,第百五条,ARTICLE_REFERENCE,同項,195,197
4,第四章　特許権,54,第百五条,ARTICLE_REFERENCE,同項,213,215
4,第四章　特許権,54,第百五条,ARTICLE_REFERENCE,前項,325,327
4,第四章　特許権,54,第百五条,ARTICLE_REFERENCE,第一項,335,338
4,第四章　特許権,54,第百五条,ARTICLE_REFERENCE,同項,350,352
4,第四章　特許権,54,第百五条,ARTICLE_REFERENCE,同項,368,370
4,第四章　特許権,54,第百五条,ARTICLE_REFERENCE,前項,395,397
4,第四章　特許権,54,第百五条,ARTICLE_REFERENCE,第二項,543,546
4,第四章　特許権,54,第百五条,ARTICLE_REFERENCE,同項,554,556
4,第四章　特許権,54,第百五条,ARTICLE_REFERENCE,第五章,620,623
4,第四章　特許権,54,第百五条,ARTICLE_REFERENCE,第二節,623,626
4,第四章　特許権,54,第百五条,ARTICLE_REFERENCE,第百五条の二,642,648
4,第四章　特許権,54,第百五条,ARTICLE_REFERENCE,第四項,650,653
4,第四章　特許権,54,第百五条,ARTICLE_REFERENCE,各項,685,687
4,第四章　特許権,54,第百五条,PROCEDURE,特許権,24,27
4,第四章　特許権,54,第百五条,PROCEDURE,特許権,692,695
4,第四章　特許権,54,第百五条,LEGAL_STATUS,侵害,35,37
4,第四章　特許権,54,第百五条,LEGAL_STATUS,侵害,68,70
4,第四章　特許権,54,第百五条,LEGAL_STATUS,侵害,87,89
4,第四章　特許権,54,第百五条,LEGAL_STATUS,損害,95,97
4,第四章　特許権,54,第百五条,LEGAL_STATUS,代理人,464,467
4,第四章　特許権,54,第百五条,LEGAL_STATUS,代理人,470,473
4,第四章　特許権,54,第百五条,LEGAL_STATUS,代理人,507,510
4,第四章　特許権,54,第百五条,LEGAL_STATUS,侵害,703,705
4,第四章　特許権,54,第百五条,LEGAL_STATUS,侵害,716,718
4,第四章　特許権,55,第百五条の二,ARTICLE_REFERENCE,第百五条の二,0,6
4,第四章　特許権,55,第百五条の二,ARTICLE_REFERENCE,第百五条の二,22,28
4,第四章　特許権,55,第百五条の二,ARTICLE_REFERENCE,前号,552,554
4,第四章　特許権,55,第百五条の二,ARTICLE_REFERENCE,第百五条の二,579,585
4,第四章　特許権,55,第百五条の二,ARTICLE_REFERENCE,第二項,587,590
4,第四章　特許権,55,第百五条の二,ARTICLE_REFERENCE,第一項,637,640
4,第四章　特許権,55,第百五条の二,ARTICLE_REFERENCE,同項,657,659
4,第四章　特許権,55,第百五条の二,PROCEDURE,特許権,34,37
4,第四章　特許権,55,第百五条の二,PROCEDURE,特許権,181,184
4,第四章　特許権,55,第百五条の二,PROCEDURE,特許権,418,421
4,第四章　特許権,55,第百五条の二,LEGAL_STATUS,侵害,45,47
4,第四章　特許権,55,第百五条の二,LEGAL_STATUS,侵害,196,198
4,第四章　特許権,55,第百五条の二,LEGAL_STATUS,侵害,433,435
4,第四章　特許権,56,第百五条の二の二,ARTICLE_REFERENCE,第百五条の二,0,6
4,第四章　特許権,56,第百五条の二の二,ARTICLE_REFERENCE,第百五条の二,19,25
4,第四章　特許権,57,第百五条の二の三,LAW_REFERENCE,の二の三 査証人について誠実に査証をすることを妨げるべき事情があるときは、当事者は、その査証人が査証をする前に、これを忌避することができる。査証人が査証をした場合であつても、その後に、忌避の原因が生じ、又は当事者がその原因があることを知つたときは、同様とする。 ２ 民事訴訟法第二百十四条,18,162
4,第四章　特許権,57,第百五条の二の三,ARTICLE_REFERENCE,第百五条の二,0,6
4,第四章　特許権,57,第百五条の二の三,ARTICLE_REFERENCE,第百五条の二,14,20
4,第四章　特許権,57,第百五条の二の三,ARTICLE_REFERENCE,第二百十四条,156,162
4,第四章　特許権,57,第百五条の二の三,ARTICLE_REFERENCE,第二項,162,165
4,第四章　特許権,57,第百五条の二の三,ARTICLE_REFERENCE,第四項,167,170
4,第四章　特許権,57,第百五条の二の三,ARTICLE_REFERENCE,前項,177,179
4,第四章　特許権,57,第百五条の二の三,ARTICLE_REFERENCE,同条,214,216
4,第四章　特許権,57,第百五条の二の三,ARTICLE_REFERENCE,第二項,216,219
4,第四章　特許権,57,第百五条の二の三,TIME_PERIOD,から,165,167
4,第四章　特許権,57,第百五条の二の三,TIME_PERIOD,まで,170,172
4,第四章　特許権,58,第百五条の二の四,ARTICLE_REFERENCE,第百五条の二,0,6
4,第四章　特許権,58,第百五条の二の四,ARTICLE_REFERENCE,第百五条の二,14,20
4,第四章　特許権,58,第百五条の二の四,ARTICLE_REFERENCE,第百五条の二,28,34
4,第四章　特許権,58,第百五条の二の四,ARTICLE_REFERENCE,第一項,34,37
4,第四章　特許権,58,第百五条の二の四,ARTICLE_REFERENCE,次項,168,170
4,第四章　特許権,58,第百五条の二の四,ARTICLE_REFERENCE,次条,172,174
4,第四章　特許権,58,第百五条の二の四,ARTICLE_REFERENCE,第百五条の二,295,301
4,第四章　特許権,58,第百五条の二の四,ARTICLE_REFERENCE,第三項,303,306
4,第四章　特許権,59,第百五条の二の五,ARTICLE_REFERENCE,第百五条の二,0,6
4,第四章　特許権,59,第百五条の二の五,ARTICLE_REFERENCE,第百五条の二,39,45
4,第四章　特許権,59,第百五条の二の五,ARTICLE_REFERENCE,前条,58,60
4,第四章　特許権,59,第百五条の二の五,ARTICLE_REFERENCE,第二項,60,63
4,第四章　特許権,60,第百五条の二の六,ARTICLE_REFERENCE,第百五条の二,0,6
4,第四章　特許権,60,第百五条の二の六,ARTICLE_REFERENCE,第百五条の二,24,30
4,第四章　特許権,60,第百五条の二の六,ARTICLE_REFERENCE,前項,165,167
4,第四章　特許権,60,第百五条の二の六,ARTICLE_REFERENCE,前項,249,251
4,第四章　特許権,60,第百五条の二の六,ARTICLE_REFERENCE,第二項,434,437
4,第四章　特許権,60,第百五条の二の六,ARTICLE_REFERENCE,第三項,455,458
4,第四章　特許権,60,第百五条の二の六,TIME_PERIOD,から,111,113
4,第四章　特許権,60,第百五条の二の六,TIME_PERIOD,二週間,113,116
4,第四章　特許権,60,第百五条の二の六,TIME_PERIOD,以内,116,118
4,第四章　特許権,60,第百五条の二の六,LEGAL_STATUS,代理人,319,322
4,第四章　特許権,60,第百五条の二の六,LEGAL_STATUS,却下,447,449
4,第四章　特許権,61,第百五条の二の七,LAW_REFERENCE,第三項の規定により全部を開示しないこととされた場合を除き、査証報告書（同項の規定により一部を開示しないこととされた場合にあつては、当該一部の記載を除く。）の閲覧若しくは謄写又はその正本、謄本若しくは抄本の交付を請求することができる。 ２ 前項に規定する場合のほか、何人も、その提出された査証報告書の閲覧若しくは謄写、その正本、謄本若しくは抄本の交付又はその複製を求めることができない。 ３ 民事訴訟法第九十一条,122,327
4,第四章　特許権,61,第百五条の二の七,LAW_REFERENCE,第四項中「前項」とあるのは「特許法第百五条,373,394
4,第四章　特許権,61,第百五条の二の七,ARTICLE_REFERENCE,第百五条の二,0,6
4,第四章　特許権,61,第百五条の二の七,ARTICLE_REFERENCE,第百五条の二,21,27
4,第四章　特許権,61,第百五条の二の七,ARTICLE_REFERENCE,前条,46,48
4,第四章　特許権,61,第百五条の二の七,ARTICLE_REFERENCE,第二項,48,51
4,第四章　特許権,61,第百五条の二の七,ARTICLE_REFERENCE,同項,83,85
4,第四章　特許権,61,第百五条の二の七,ARTICLE_REFERENCE,同条,120,122
4,第四章　特許権,61,第百五条の二の七,ARTICLE_REFERENCE,第三項,122,125
4,第四章　特許権,61,第百五条の二の七,ARTICLE_REFERENCE,同項,157,159
4,第四章　特許権,61,第百五条の二の七,ARTICLE_REFERENCE,前項,241,243
4,第四章　特許権,61,第百五条の二の七,ARTICLE_REFERENCE,第九十一条,322,327
4,第四章　特許権,61,第百五条の二の七,ARTICLE_REFERENCE,第四項,327,330
4,第四章　特許権,61,第百五条の二の七,ARTICLE_REFERENCE,第五項,332,335
4,第四章　特許権,61,第百五条の二の七,ARTICLE_REFERENCE,第一項,340,343
4,第四章　特許権,61,第百五条の二の七,ARTICLE_REFERENCE,同条,371,373
4,第四章　特許権,61,第百五条の二の七,ARTICLE_REFERENCE,第四項,373,376
4,第四章　特許権,61,第百五条の二の七,ARTICLE_REFERENCE,前項,378,380
4,第四章　特許権,61,第百五条の二の七,ARTICLE_REFERENCE,第百五条の二,390,396
4,第四章　特許権,61,第百五条の二の七,ARTICLE_REFERENCE,第一項,398,401
4,第四章　特許権,61,第百五条の二の七,PROCEDURE,請求,227,229
4,第四章　特許権,62,第百五条の二の八,LAW_REFERENCE,の二の八 査証人又は査証人であつた者が査証に関して知得した秘密に関する事項について証人として尋問を受ける場合には、その証言を拒むことができる。 ２ 民事訴訟法第百九十七条,25,110
4,第四章　特許権,62,第百五条の二の八,ARTICLE_REFERENCE,第百五条の二,0,6
4,第四章　特許権,62,第百五条の二の八,ARTICLE_REFERENCE,第百五条の二,21,27
4,第四章　特許権,62,第百五条の二の八,ARTICLE_REFERENCE,第百九十七条,104,110
4,第四章　特許権,62,第百五条の二の八,ARTICLE_REFERENCE,第二項,110,113
4,第四章　特許権,62,第百五条の二の八,ARTICLE_REFERENCE,前項,118,120
4,第四章　特許権,62,第百五条の二の八,LEGAL_STATUS,拒絶,16,18
4,第四章　特許権,63,第百五条の二の九,LAW_REFERENCE,の二の九 査証人に関する旅費、日当及び宿泊料並びに査証料及び査証に必要な費用については、その性質に反しない限り、民事訴訟費用等に関する法律（昭和四十六年法,23,100
4,第四章　特許権,63,第百五条の二の九,ARTICLE_REFERENCE,第百五条の二,0,6
4,第四章　特許権,63,第百五条の二の九,ARTICLE_REFERENCE,第百五条の二,19,25
4,第四章　特許権,63,第百五条の二の九,ARTICLE_REFERENCE,第四十号,101,105
4,第四章　特許権,63,第百五条の二の九,TIME_PERIOD,四十六年,95,99
4,第四章　特許権,64,第百五条の二の十,LAW_REFERENCE,規則,15,17
4,第四章　特許権,64,第百五条の二の十,LAW_REFERENCE,の二の十 この法,27,35
4,第四章　特許権,64,第百五条の二の十,LAW_REFERENCE,規則,79,81
4,第四章　特許権,64,第百五条の二の十,ARTICLE_REFERENCE,第百五条の二,0,6
4,第四章　特許権,64,第百五条の二の十,ARTICLE_REFERENCE,第百五条の二,23,29
4,第四章　特許権,64,第百五条の二の十,ARTICLE_REFERENCE,第百五条の二,46,52
4,第四章　特許権,64,第百五条の二の十,ARTICLE_REFERENCE,前条,54,56
4,第四章　特許権,64,第百五条の二の十,TIME_PERIOD,から,52,54
4,第四章　特許権,64,第百五条の二の十,TIME_PERIOD,まで,56,58
4,第四章　特許権,64,第百五条の二の十,ORGANIZATION,最高裁判所,10,15
4,第四章　特許権,64,第百五条の二の十,ORGANIZATION,最高裁判所,74,79
4,第四章　特許権,65,第百五条の二の十一,LAW_REFERENCE,の二の十一 民事訴訟法第六条,23,37
4,第四章　特許権,65,第百五条の二の十一,LAW_REFERENCE,第一項各号に定める裁判所は、特許権又は専用実施権の侵害に係る訴訟の第一審において、当事者の申立てにより、必要があると認めるときは、他の当事者の意見を聴いて、広く一般に対し、当該事件に関するこの法律の適用その他の必要な事項について、相当の期間を定めて、意見を記載した書面の提出を求めることができる。 ２ 民事訴訟法第六条,37,196
4,第四章　特許権,65,第百五条の二の十一,LAW_REFERENCE,第一項各号に定める裁判所が第一審としてした特許権又は専用実施権の侵害に係る訴訟についての終局判決に対する控訴が提起された東京高等裁判所は、当該控訴に係る訴訟において、当事者の申立てにより、必要があると認めるときは、他の当事者の意見を聴いて、広く一般に対し、当該事件に関するこの法律の適用その他の必要な事項について、相当の期間を定めて、意見を記載した書面の提出を求めることができる。 ３ 当事者は、裁判所書記官に対し、前二項の規定により提出された書面の閲覧若しくは謄写又はその正本、謄本若しくは抄本の交付を請求することができる。 ４ 民事訴訟法第九十一条,196,472
4,第四章　特許権,65,第百五条の二の十一,ARTICLE_REFERENCE,第百五条の二,0,6
4,第四章　特許権,65,第百五条の二の十一,ARTICLE_REFERENCE,第百五条の二,19,25
4,第四章　特許権,65,第百五条の二の十一,ARTICLE_REFERENCE,第六条,34,37
4,第四章　特許権,65,第百五条の二の十一,ARTICLE_REFERENCE,第一項,37,40
4,第四章　特許権,65,第百五条の二の十一,ARTICLE_REFERENCE,各号,40,42
4,第四章　特許権,65,第百五条の二の十一,ARTICLE_REFERENCE,第六条,193,196
4,第四章　特許権,65,第百五条の二の十一,ARTICLE_REFERENCE,第一項,196,199
4,第四章　特許権,65,第百五条の二の十一,ARTICLE_REFERENCE,各号,199,201
4,第四章　特許権,65,第百五条の二の十一,ARTICLE_REFERENCE,第九十一条,467,472
4,第四章　特許権,65,第百五条の二の十一,ARTICLE_REFERENCE,第五項,472,475
4,第四章　特許権,65,第百五条の二の十一,ARTICLE_REFERENCE,第一項,480,483
4,第四章　特許権,65,第百五条の二の十一,ARTICLE_REFERENCE,第二項,485,488
4,第四章　特許権,65,第百五条の二の十一,ORGANIZATION,高等裁判所,258,263
4,第四章　特許権,65,第百五条の二の十一,PROCEDURE,特許権,51,54
4,第四章　特許権,65,第百五条の二の十一,PROCEDURE,特許権,217,220
4,第四章　特許権,65,第百五条の二の十一,PROCEDURE,請求,448,450
4,第四章　特許権,65,第百五条の二の十一,LEGAL_STATUS,侵害,62,64
4,第四章　特許権,65,第百五条の二の十一,LEGAL_STATUS,侵害,228,230
4,第四章　特許権,66,第百五条の二の十二,ARTICLE_REFERENCE,第百五条の二,0,6
4,第四章　特許権,66,第百五条の二の十二,ARTICLE_REFERENCE,第百五条の二,23,29
4,第四章　特許権,66,第百五条の二の十二,PROCEDURE,特許権,33,36
4,第四章　特許権,66,第百五条の二の十二,LEGAL_STATUS,損害,11,13
4,第四章　特許権,66,第百五条の二の十二,LEGAL_STATUS,侵害,44,46
4,第四章　特許権,66,第百五条の二の十二,LEGAL_STATUS,侵害,73,75
4,第四章　特許権,66,第百五条の二の十二,LEGAL_STATUS,損害,81,83
4,第四章　特許権,67,第百五条の三,ARTICLE_REFERENCE,第百五条の三,0,6
4,第四章　特許権,67,第百五条の三,ARTICLE_REFERENCE,第百五条の三,19,25
4,第四章　特許権,67,第百五条の三,PROCEDURE,特許権,26,29
4,第四章　特許権,67,第百五条の三,LEGAL_STATUS,損害,11,13
4,第四章　特許権,67,第百五条の三,LEGAL_STATUS,侵害,37,39
4,第四章　特許権,67,第百五条の三,LEGAL_STATUS,損害,49,51
4,第四章　特許権,67,第百五条の三,LEGAL_STATUS,損害,70,72
4,第四章　特許権,67,第百五条の三,LEGAL_STATUS,損害,144,146
4,第四章　特許権,68,第百五条の四,LAW_REFERENCE,の四 裁判所は、特許権又は専用実施権の侵害に係る訴訟において、その当事者が保有する営業秘密（不正競争防止法（平成五年法,20,79
4,第四章　特許権,68,第百五条の四,LAW_REFERENCE,第六項に規定する営業秘密をいう。以下同じ。）について、次に掲げる事由のいずれにも該当することにつき疎明があつた場合には、当事者の申立てにより、決定で、当事者等、訴訟代理人又は補佐人に対し、当該営業秘密を当該訴訟の追行の目的以外の目的で使用し、又は当該営業秘密に係るこの項の規定による命令を受けた者以外の者に開示してはならない旨を命ずることができる。ただし、その申立ての時までに当事者等、訴訟代理人又は補佐人が第一号に規定する準備書面の閲読又は同号に規定する証拠の取調べ若しくは開示以外の方法,89,334
4,第四章　特許権,68,第百五条の四,ARTICLE_REFERENCE,第百五条の四,0,6
4,第四章　特許権,68,第百五条の四,ARTICLE_REFERENCE,第百五条の四,16,22
4,第四章　特許権,68,第百五条の四,ARTICLE_REFERENCE,第四十七号,80,85
4,第四章　特許権,68,第百五条の四,ARTICLE_REFERENCE,第二条,86,89
4,第四章　特許権,68,第百五条の四,ARTICLE_REFERENCE,第六項,89,92
4,第四章　特許権,68,第百五条の四,ARTICLE_REFERENCE,第一号,293,296
4,第四章　特許権,68,第百五条の四,ARTICLE_REFERENCE,同号,310,312
4,第四章　特許権,68,第百五条の四,ARTICLE_REFERENCE,第百五条,437,441
4,第四章　特許権,68,第百五条の四,ARTICLE_REFERENCE,第三項,441,444
4,第四章　特許権,68,第百五条の四,ARTICLE_REFERENCE,第百五条の二,458,464
4,第四章　特許権,68,第百五条の四,ARTICLE_REFERENCE,第一項,466,469
4,第四章　特許権,68,第百五条の四,ARTICLE_REFERENCE,第百五条の七,496,502
4,第四章　特許権,68,第百五条の四,ARTICLE_REFERENCE,第四項,502,505
4,第四章　特許権,68,第百五条の四,ARTICLE_REFERENCE,前号,550,552
4,第四章　特許権,68,第百五条の四,ARTICLE_REFERENCE,前項,669,671
4,第四章　特許権,68,第百五条の四,ARTICLE_REFERENCE,前項,777,779
4,第四章　特許権,68,第百五条の四,ARTICLE_REFERENCE,各号,779,781
4,第四章　特許権,68,第百五条の四,TIME_PERIOD,五年,76,78
4,第四章　特許権,68,第百五条の四,TIME_PERIOD,まで,274,276
4,第四章　特許権,68,第百五条の四,TIME_PERIOD,から,881,883
4,第四章　特許権,68,第百五条の四,PROCEDURE,特許権,28,31
4,第四章　特許権,68,第百五条の四,LEGAL_STATUS,侵害,39,41
4,第四章　特許権,68,第百五条の四,LEGAL_STATUS,代理人,171,174
4,第四章　特許権,68,第百五条の四,LEGAL_STATUS,代理人,284,287
4,第四章　特許権,68,第百五条の四,LEGAL_STATUS,効力,884,886
4,第四章　特許権,68,第百五条の四,LEGAL_STATUS,却下,905,907
4,第四章　特許権,69,第百五条の五,ARTICLE_REFERENCE,第百五条の五,0,6
4,第四章　特許権,69,第百五条の五,ARTICLE_REFERENCE,第百五条の五,20,26
4,第四章　特許権,69,第百五条の五,ARTICLE_REFERENCE,前条,108,110
4,第四章　特許権,69,第百五条の五,ARTICLE_REFERENCE,第一項,110,113
4,第四章　特許権,69,第百五条の五,TIME_PERIOD,直ちに,427,430
4,第四章　特許権,69,第百五条の五,LEGAL_STATUS,取消,15,17
4,第四章　特許権,69,第百五条の五,LEGAL_STATUS,取消,152,154
4,第四章　特許権,69,第百五条の五,LEGAL_STATUS,取消,179,181
4,第四章　特許権,69,第百五条の五,LEGAL_STATUS,取消,245,247
4,第四章　特許権,69,第百五条の五,LEGAL_STATUS,効力,306,308
4,第四章　特許権,69,第百五条の五,LEGAL_STATUS,取消,352,354
4,第四章　特許権,70,第百五条の六,LAW_REFERENCE,の六 秘密保持命令が発せられた訴訟（すべての秘密保持命令が取り消された訴訟を除く。）に係る訴訟記録につき、民事訴訟法第九十二条,29,92
4,第四章　特許権,70,第百五条の六,LAW_REFERENCE,第一項の決定があつた場合において、当事者から同項に規定する秘密記載部分の閲覧等の請求があり、かつ、その請求の手続を行つた者が当該訴訟において秘密保持命令を受けていない者であるときは、裁判所書記官は、同項の申立てをした当事者（その請求をした者を除く。第三項において同じ。）に対し、その請求後直ちに、その請求があつた旨を通知しなければならない。 ２ 前項の場合において、裁判所書記官は、同項の請求があつた日から二週間を経過する日までの間（その請求の手続を行つた者に対する秘密保持命令の申立てがその日までにされた場合にあつては、その申立てについての裁判が確定するまでの間）、その請求の手続を行つた者に同項の秘密記載部分の閲覧等をさせてはならない。 ３ 前二項の規定は、第一項の請求をした者に同項の秘密記載部分の閲覧等をさせることについて民事訴訟法第九十二条,92,467
4,第四章　特許権,70,第百五条の六,ARTICLE_REFERENCE,第百五条の六,0,6
4,第四章　特許権,70,第百五条の六,ARTICLE_REFERENCE,第百五条の六,25,31
4,第四章　特許権,70,第百五条の六,ARTICLE_REFERENCE,第九十二条,87,92
4,第四章　特許権,70,第百五条の六,ARTICLE_REFERENCE,第一項,92,95
4,第四章　特許権,70,第百五条の六,ARTICLE_REFERENCE,同項,114,116
4,第四章　特許権,70,第百五条の六,ARTICLE_REFERENCE,同項,191,193
4,第四章　特許権,70,第百五条の六,ARTICLE_REFERENCE,第三項,216,219
4,第四章　特許権,70,第百五条の六,ARTICLE_REFERENCE,前項,265,267
4,第四章　特許権,70,第百五条の六,ARTICLE_REFERENCE,同項,283,285
4,第四章　特許権,70,第百五条の六,ARTICLE_REFERENCE,同項,389,391
4,第四章　特許権,70,第百五条の六,ARTICLE_REFERENCE,第一項,423,426
4,第四章　特許権,70,第百五条の六,ARTICLE_REFERENCE,同項,434,436
4,第四章　特許権,70,第百五条の六,ARTICLE_REFERENCE,第九十二条,462,467
4,第四章　特許権,70,第百五条の六,ARTICLE_REFERENCE,第一項,467,470
4,第四章　特許権,70,第百五条の六,TIME_PERIOD,から,112,114
4,第四章　特許権,70,第百五条の六,TIME_PERIOD,直ちに,236,239
4,第四章　特許権,70,第百五条の六,TIME_PERIOD,から,293,295
4,第四章　特許権,70,第百五条の六,TIME_PERIOD,二週間,295,298
4,第四章　特許権,70,第百五条の六,TIME_PERIOD,を経過,298,301
4,第四章　特許権,70,第百五条の六,TIME_PERIOD,まで,304,306
4,第四章　特許権,70,第百五条の六,TIME_PERIOD,まで,339,341
4,第四章　特許権,70,第百五条の六,TIME_PERIOD,まで,370,372
4,第四章　特許権,70,第百五条の六,PROCEDURE,請求,17,19
4,第四章　特許権,70,第百五条の六,PROCEDURE,請求,132,134
4,第四章　特許権,70,第百五条の六,PROCEDURE,請求,143,145
4,第四章　特許権,70,第百五条の六,PROCEDURE,請求,206,208
4,第四章　特許権,70,第百五条の六,PROCEDURE,請求,233,235
4,第四章　特許権,70,第百五条の六,PROCEDURE,請求,242,244
4,第四章　特許権,70,第百五条の六,PROCEDURE,請求,286,288
4,第四章　特許権,70,第百五条の六,PROCEDURE,請求,311,313
4,第四章　特許権,70,第百五条の六,PROCEDURE,請求,378,380
4,第四章　特許権,70,第百五条の六,PROCEDURE,請求,427,429
4,第四章　特許権,71,第百五条の七,LAW_REFERENCE,の七 特許権又は専用実施権の侵害に係る訴訟における当事者等が、その侵害の有無についての判断の基礎となる事項であつて当事者の保有する営業秘密に該当するものについて、当事者本人若しくは法定代理人又は証人として尋問を受ける場合においては、裁判所は、裁判官の全員一致により、その当事者等が公開の法,25,169
4,第四章　特許権,71,第百五条の七,ARTICLE_REFERENCE,第百五条の七,0,6
4,第四章　特許権,71,第百五条の七,ARTICLE_REFERENCE,第百五条の七,21,27
4,第四章　特許権,71,第百五条の七,ARTICLE_REFERENCE,前項,372,374
4,第四章　特許権,71,第百五条の七,ARTICLE_REFERENCE,前項,420,422
4,第四章　特許権,71,第百五条の七,ARTICLE_REFERENCE,前項,527,529
4,第四章　特許権,71,第百五条の七,ARTICLE_REFERENCE,第一項,605,608
4,第四章　特許権,71,第百五条の七,TIME_PERIOD,から,228,230
4,第四章　特許権,71,第百五条の七,PROCEDURE,特許権,28,31
4,第四章　特許権,71,第百五条の七,PROCEDURE,特許権,293,296
4,第四章　特許権,71,第百五条の七,LEGAL_STATUS,侵害,39,41
4,第四章　特許権,71,第百五条の七,LEGAL_STATUS,侵害,58,60
4,第四章　特許権,71,第百五条の七,LEGAL_STATUS,代理人,117,120
4,第四章　特許権,71,第百五条の七,LEGAL_STATUS,侵害,304,306
4,第四章　特許権,71,第百五条の七,LEGAL_STATUS,代理人,569,572
4,第四章　特許権,72,第百六条,ARTICLE_REFERENCE,第百六条,0,4
4,第四章　特許権,72,第百六条,ARTICLE_REFERENCE,第百六条,15,19
4,第四章　特許権,72,第百六条,PROCEDURE,特許権,29,32
4,第四章　特許権,72,第百六条,PROCEDURE,特許権,49,52
4,第四章　特許権,72,第百六条,PROCEDURE,特許権,84,87
4,第四章　特許権,72,第百六条,PROCEDURE,請求,97,99
4,第四章　特許権,72,第百六条,PROCEDURE,特許権,124,127
4,第四章　特許権,72,第百六条,LEGAL_STATUS,侵害,40,42
4,第四章　特許権,72,第百六条,LEGAL_STATUS,損害,103,105
4,第四章　特許権,72,第百六条,LEGAL_STATUS,損害,114,116
4,第四章　特許権,73,第百七条,LAW_REFERENCE,政令,144,146
4,第四章　特許権,73,第百七条,LAW_REFERENCE,政令,173,175
4,第四章　特許権,73,第百七条,LAW_REFERENCE,の二の規定若しくは他の法,256,268
4,第四章　特許権,73,第百七条,LAW_REFERENCE,省令,514,516
4,第四章　特許権,73,第百七条,LAW_REFERENCE,省令,553,555
4,第四章　特許権,73,第百七条,LAW_REFERENCE,省令,568,570
4,第四章　特許権,73,第百七条,ARTICLE_REFERENCE,第百七条,0,4
4,第四章　特許権,73,第百七条,ARTICLE_REFERENCE,第百七条,11,15
4,第四章　特許権,73,第百七条,ARTICLE_REFERENCE,第六十七条,58,63
4,第四章　特許権,73,第百七条,ARTICLE_REFERENCE,第一項,63,66
4,第四章　特許権,73,第百七条,ARTICLE_REFERENCE,同条,76,78
4,第四章　特許権,73,第百七条,ARTICLE_REFERENCE,第四項,78,81
4,第四章　特許権,73,第百七条,ARTICLE_REFERENCE,前項,201,203
4,第四章　特許権,73,第百七条,ARTICLE_REFERENCE,第一項,228,231
4,第四章　特許権,73,第百七条,ARTICLE_REFERENCE,第百九条,244,248
4,第四章　特許権,73,第百七条,ARTICLE_REFERENCE,第百九条の二,252,258
4,第四章　特許権,73,第百七条,ARTICLE_REFERENCE,第一項,339,342
4,第四章　特許権,73,第百七条,ARTICLE_REFERENCE,同項,363,365
4,第四章　特許権,73,第百七条,ARTICLE_REFERENCE,前項,450,452
4,第四章　特許権,73,第百七条,ARTICLE_REFERENCE,第一項,498,501
4,第四章　特許権,73,第百七条,TIME_PERIOD,設定の登録の日,49,56
4,第四章　特許権,73,第百七条,TIME_PERIOD,から,56,58
4,第四章　特許権,73,第百七条,TIME_PERIOD,まで,113,115
4,第四章　特許権,73,第百七条,TIME_PERIOD,未満,471,473
4,第四章　特許権,73,第百七条,MONEY_AMOUNT,六万千六百円,129,135
4,第四章　特許権,73,第百七条,MONEY_AMOUNT,四千八百円,159,164
4,第四章　特許権,73,第百七条,MONEY_AMOUNT,十円,469,471
4,第四章　特許権,73,第百七条,PROCEDURE,特許権,16,19
4,第四章　特許権,73,第百七条,PROCEDURE,登録,23,25
4,第四章　特許権,73,第百七条,PROCEDURE,特許権,32,35
4,第四章　特許権,73,第百七条,PROCEDURE,特許権,45,48
4,第四章　特許権,73,第百七条,PROCEDURE,登録,52,54
4,第四章　特許権,73,第百七条,PROCEDURE,請求項,153,156
4,第四章　特許権,73,第百七条,PROCEDURE,特許権,213,216
4,第四章　特許権,73,第百七条,PROCEDURE,特許権,237,240
4,第四章　特許権,74,第百八条,ARTICLE_REFERENCE,第百八条,0,4
4,第四章　特許権,74,第百八条,ARTICLE_REFERENCE,第百八条,16,20
4,第四章　特許権,74,第百八条,ARTICLE_REFERENCE,前条,21,23
4,第四章　特許権,74,第百八条,ARTICLE_REFERENCE,第一項,23,26
4,第四章　特許権,74,第百八条,ARTICLE_REFERENCE,前条,103,105
4,第四章　特許権,74,第百八条,ARTICLE_REFERENCE,第一項,105,108
4,第四章　特許権,74,第百八条,ARTICLE_REFERENCE,第一項,422,425
4,第四章　特許権,74,第百八条,ARTICLE_REFERENCE,第一項,477,480
4,第四章　特許権,74,第百八条,ARTICLE_REFERENCE,前項,488,490
4,第四章　特許権,74,第百八条,ARTICLE_REFERENCE,第一項,539,542
4,第四章　特許権,74,第百八条,TIME_PERIOD,一年,33,35
4,第四章　特許権,74,第百八条,TIME_PERIOD,から,35,37
4,第四章　特許権,74,第百八条,TIME_PERIOD,三年,38,40
4,第四章　特許権,74,第百八条,TIME_PERIOD,まで,40,42
4,第四章　特許権,74,第百八条,TIME_PERIOD,から,77,79
4,第四章　特許権,74,第百八条,TIME_PERIOD,三十日以内,79,84
4,第四章　特許権,74,第百八条,TIME_PERIOD,四年,115,117
4,第四章　特許権,74,第百八条,TIME_PERIOD,から,248,250
4,第四章　特許権,74,第百八条,TIME_PERIOD,三十日,255,258
4,第四章　特許権,74,第百八条,TIME_PERIOD,から,280,282
4,第四章　特許権,74,第百八条,TIME_PERIOD,から,298,300
4,第四章　特許権,74,第百八条,TIME_PERIOD,まで,313,315
4,第四章　特許権,74,第百八条,TIME_PERIOD,三十日,319,322
4,第四章　特許権,74,第百八条,TIME_PERIOD,まで,346,348
4,第四章　特許権,74,第百八条,TIME_PERIOD,から,363,365
4,第四章　特許権,74,第百八条,TIME_PERIOD,三十日以内,365,370
4,第四章　特許権,74,第百八条,TIME_PERIOD,三十日以内,413,418
4,第四章　特許権,74,第百八条,TIME_PERIOD,から,563,565
4,第四章　特許権,74,第百八条,TIME_PERIOD,十四日,565,568
4,第四章　特許権,74,第百八条,TIME_PERIOD,二月,578,580
4,第四章　特許権,74,第百八条,TIME_PERIOD,以内,581,583
4,第四章　特許権,74,第百八条,TIME_PERIOD,六月以内,592,596
4,第四章　特許権,74,第百八条,ORGANIZATION,特許庁長官,389,394
4,第四章　特許権,74,第百八条,PROCEDURE,特許権,150,153
4,第四章　特許権,74,第百八条,PROCEDURE,登録,161,163
4,第四章　特許権,74,第百八条,PROCEDURE,登録,213,215
4,第四章　特許権,74,第百八条,PROCEDURE,特許権,227,230
4,第四章　特許権,74,第百八条,PROCEDURE,請求,407,409
4,第四章　特許権,75,第百九条,LAW_REFERENCE,政令,61,63
4,第四章　特許権,75,第百九条,LAW_REFERENCE,政令,101,103
4,第四章　特許権,75,第百九条,ARTICLE_REFERENCE,第百九条,0,4
4,第四章　特許権,75,第百九条,ARTICLE_REFERENCE,第百九条,18,22
4,第四章　特許権,75,第百九条,ARTICLE_REFERENCE,第百七条,114,118
4,第四章　特許権,75,第百九条,ARTICLE_REFERENCE,第一項,118,121
4,第四章　特許権,75,第百九条,ORGANIZATION,特許庁長官,23,28
4,第四章　特許権,75,第百九条,PROCEDURE,特許権,30,33
4,第四章　特許権,75,第百九条,PROCEDURE,登録,37,39
4,第四章　特許権,75,第百九条,PROCEDURE,特許権,46,49
4,第四章　特許権,76,第百九条の二,LAW_REFERENCE,政令,106,108
4,第四章　特許権,76,第百九条の二,LAW_REFERENCE,政令,119,121
4,第四章　特許権,76,第百九条の二,LAW_REFERENCE,第一項の規定により納付すべき特許料を軽減し若しくは免除し、又はその納付を猶予することができる。 ２ 前項の「中小企業者」とは、次の各号のいずれかに該当する者をいう。 一 資本金の額又は出資の総額が三億円以下の会社並びに常時使用する従業員の数が三百人以下の会社及び個人であつて、製造業、建設業、運輸業その他の業種（次号から第四号までに掲げる業種及び第五号の政令で定める業種を除く。）に属する事業を主たる事業として営むもの 二 資本金の額又は出資の総額が一億円以下の会社並びに常時使用する従業員の数が百人以下の会社及び個人であつて、卸売業（第五号の政令で定める業種を除く。）に属する事業を主たる事業として営むもの 三 資本金の額又は出資の総額が五千万円以下の会社並びに常時使用する従業員の数が百人以下の会社及び個人であつて、サービス業（第五号の政令で定める業種を除く。）に属する事業を主たる事業として営むもの 四 資本金の額又は出資の総額が五千万円以下の会社並びに常時使用する従業員の数が五十人以下の会社及び個人であつて、小売業（次号の政令で定める業種を除く。）に属する事業を主たる事業として営むもの 五 資本金の額又は出資の総額がその業種ごとに政令で定める金額以下の会社並びに常時使用する従業員の数がその業種ごとに政令で定める数以下の会社及び個人であつて、その政令で定める業種に属する事業を主たる事業として営むもの 六 企業組合 七 協業組合 八 事業協同組合、事業協同小組合、商工組合、協同組合連合会その他の特別の法律により設立された組合及びその連合会であつて、政令で定めるもの 九 特定非営利活動法人（特定非営利活動促進法（平成十年法,136,854
4,第四章　特許権,76,第百九条の二,LAW_REFERENCE,第二項に規定する特定非営利活動法人をいう。）であつて、常時使用する従業員の数が三百人（小売業を主たる事業とする事業者については五十人、卸売業又はサービス業を主たる事業とする事業者については百人）以下のもの ３ 第一項の「試験研究機関等」とは、次の各号のいずれかに該当する者をいう。 一 学校教育法（昭和二十二年法,862,1018
4,第四章　特許権,76,第百九条の二,LAW_REFERENCE,に規定する高等専門学校（同号及び第四号において「高等専門学校」という。）の校長、教授、准教授、助教、講師、助手若しくはその他の職員のうち専ら研究に従事する者又は国立大学法人法（平成十五年法,1104,1198
4,第四章　特許権,76,第百九条の二,LAW_REFERENCE,第三項に規定する大学共同利用機関法人（次号において「大学共同利用機関法人」という。）の長若しくはその職員のうち専ら研究に従事する者 二 大学若しくは高等専門学校を設置する者又は大学共同利用機関法人 三 大学等における技術に関する研究成果の民間事業者への移転の促進に関する法律（平成十年法,1208,1351
4,第四章　特許権,76,第百九条の二,LAW_REFERENCE,第二項に規定する承認事業者 四 独立行政法人（独立行政法人通則法（平成十一年法,1361,1400
4,第四章　特許権,76,第百九条の二,LAW_REFERENCE,第一項に規定する独立行政法人をいう。）であつて、試験研究に関する業務を行うもの（次号において「試験研究独立行政法人」という。）のうち高等専門学校を設置する者以外のものとして政令で定めるもの 五 試験研究独立行政法人であつて政令で定めるもの（以下この号において「特定試験研究独立行政法人」という。）における技術に関する研究成果について、当該研究成果に係る特定試験研究独立行政法人が保有する特許権又は特許を受ける権利の譲渡を受け、当該特許権又は当該特許を受ける権利に基づいて取得した特許権についての譲渡、専用実施権の設定その他の行為により、当該研究成果の活用を行おうとする民間事業者に対し移転する事業を行う者 六 公設試験研究機関（地方公共団体に置かれる試験所、研究所その他の機関（学校教育法第二条,1409,1756
4,第四章　特許権,76,第百九条の二,LAW_REFERENCE,第二項に規定する公立学校を除く。）であつて、試験研究に関する業務を行うものをいう。）を設置する者 七 試験研究地方独立行政法人（地方独立行政法人（地方独立行政法人法（平成十五年法,1756,1845
4,第四章　特許権,76,第百九条の二,LAW_REFERENCE,第一項に規定する地方独立行政法人をいう。）のうち同法第六十八条,1855,1886
4,第四章　特許権,76,第百九条の二,LAW_REFERENCE,第一項に規定する公立大学法,1886,1899
4,第四章　特許権,76,第百九条の二,ARTICLE_REFERENCE,第百九条の二,0,6
4,第四章　特許権,76,第百九条の二,ARTICLE_REFERENCE,第百九条の二,7,13
4,第四章　特許権,76,第百九条の二,ARTICLE_REFERENCE,第百七条,132,136
4,第四章　特許権,76,第百九条の二,ARTICLE_REFERENCE,第一項,136,139
4,第四章　特許権,76,第百九条の二,ARTICLE_REFERENCE,前項,186,188
4,第四章　特許権,76,第百九条の二,ARTICLE_REFERENCE,各号,201,203
4,第四章　特許権,76,第百九条の二,ARTICLE_REFERENCE,次号,292,294
4,第四章　特許権,76,第百九条の二,ARTICLE_REFERENCE,第四号,296,299
4,第四章　特許権,76,第百九条の二,ARTICLE_REFERENCE,第五号,309,312
4,第四章　特許権,76,第百九条の二,ARTICLE_REFERENCE,第五号,404,407
4,第四章　特許権,76,第百九条の二,ARTICLE_REFERENCE,第五号,502,505
4,第四章　特許権,76,第百九条の二,ARTICLE_REFERENCE,次号,599,601
4,第四章　特許権,76,第百九条の二,ARTICLE_REFERENCE,第七号,855,858
4,第四章　特許権,76,第百九条の二,ARTICLE_REFERENCE,第二条,859,862
4,第四章　特許権,76,第百九条の二,ARTICLE_REFERENCE,第二項,862,865
4,第四章　特許権,76,第百九条の二,ARTICLE_REFERENCE,第一項,967,970
4,第四章　特許権,76,第百九条の二,ARTICLE_REFERENCE,各号,985,987
4,第四章　特許権,76,第百九条の二,ARTICLE_REFERENCE,第二十六号,1019,1024
4,第四章　特許権,76,第百九条の二,ARTICLE_REFERENCE,第一条,1025,1028
4,第四章　特許権,76,第百九条の二,ARTICLE_REFERENCE,次号,1036,1038
4,第四章　特許権,76,第百九条の二,ARTICLE_REFERENCE,同条,1102,1104
4,第四章　特許権,76,第百九条の二,ARTICLE_REFERENCE,同号,1116,1118
4,第四章　特許権,76,第百九条の二,ARTICLE_REFERENCE,第四号,1120,1123
4,第四章　特許権,76,第百九条の二,ARTICLE_REFERENCE,第百十二号,1199,1204
4,第四章　特許権,76,第百九条の二,ARTICLE_REFERENCE,第二条,1205,1208
4,第四章　特許権,76,第百九条の二,ARTICLE_REFERENCE,第三項,1208,1211
4,第四章　特許権,76,第百九条の二,ARTICLE_REFERENCE,次号,1227,1229
4,第四章　特許権,76,第百九条の二,ARTICLE_REFERENCE,第五十二号,1352,1357
4,第四章　特許権,76,第百九条の二,ARTICLE_REFERENCE,第五条,1358,1361
4,第四章　特許権,76,第百九条の二,ARTICLE_REFERENCE,第二項,1361,1364
4,第四章　特許権,76,第百九条の二,ARTICLE_REFERENCE,第百三号,1401,1405
4,第四章　特許権,76,第百九条の二,ARTICLE_REFERENCE,第二条,1406,1409
4,第四章　特許権,76,第百九条の二,ARTICLE_REFERENCE,第一項,1409,1412
4,第四章　特許権,76,第百九条の二,ARTICLE_REFERENCE,次号,1449,1451
4,第四章　特許権,76,第百九条の二,ARTICLE_REFERENCE,第二条,1753,1756
4,第四章　特許権,76,第百九条の二,ARTICLE_REFERENCE,第二項,1756,1759
4,第四章　特許権,76,第百九条の二,ARTICLE_REFERENCE,第百十八号,1846,1851
4,第四章　特許権,76,第百九条の二,ARTICLE_REFERENCE,第二条,1852,1855
4,第四章　特許権,76,第百九条の二,ARTICLE_REFERENCE,第一項,1855,1858
4,第四章　特許権,76,第百九条の二,ARTICLE_REFERENCE,第六十八条,1881,1886
4,第四章　特許権,76,第百九条の二,ARTICLE_REFERENCE,第一項,1886,1889
4,第四章　特許権,76,第百九条の二,TIME_PERIOD,から,294,296
4,第四章　特許権,76,第百九条の二,TIME_PERIOD,まで,299,301
4,第四章　特許権,76,第百九条の二,TIME_PERIOD,十年,851,853
4,第四章　特許権,76,第百九条の二,TIME_PERIOD,二十二年,1013,1017
4,第四章　特許権,76,第百九条の二,TIME_PERIOD,十五年,1194,1197
4,第四章　特許権,76,第百九条の二,TIME_PERIOD,十年,1348,1350
4,第四章　特許権,76,第百九条の二,TIME_PERIOD,十一年,1396,1399
4,第四章　特許権,76,第百九条の二,TIME_PERIOD,十五年,1841,1844
4,第四章　特許権,76,第百九条の二,MONEY_AMOUNT,三億円,234,237
4,第四章　特許権,76,第百九条の二,MONEY_AMOUNT,一億円,361,364
4,第四章　特許権,76,第百九条の二,MONEY_AMOUNT,五千万円,456,460
4,第四章　特許権,76,第百九条の二,MONEY_AMOUNT,五千万円,554,558
4,第四章　特許権,76,第百九条の二,ORGANIZATION,特許庁長官,14,19
4,第四章　特許権,76,第百九条の二,PROCEDURE,特許権,21,24
4,第四章　特許権,76,第百九条の二,PROCEDURE,登録,28,30
4,第四章　特許権,76,第百九条の二,PROCEDURE,特許権,37,40
4,第四章　特許権,76,第百九条の二,PROCEDURE,特許権,1602,1605
4,第四章　特許権,76,第百九条の二,PROCEDURE,特許権,1624,1627
4,第四章　特許権,76,第百九条の二,PROCEDURE,特許権,1648,1651
4,第四章　特許権,76,第百九条の二,LEGAL_STATUS,権利,1613,1615
4,第四章　特許権,76,第百九条の二,LEGAL_STATUS,権利,1637,1639
4,第四章　特許権,77,第百十条,ARTICLE_REFERENCE,第百十条,0,4
4,第四章　特許権,77,第百十条,ARTICLE_REFERENCE,第百十条,31,35
4,第四章　特許権,77,第百十条,ARTICLE_REFERENCE,前項,93,95
4,第四章　特許権,77,第百十条,PROCEDURE,請求,141,143
4,第四章　特許権,77,第百十条,LEGAL_STATUS,利害関係人,36,41
4,第四章　特許権,78,第百十一条,ARTICLE_REFERENCE,第百十一条,0,5
4,第四章　特許権,78,第百十一条,ARTICLE_REFERENCE,第百十一条,18,23
4,第四章　特許権,78,第百十一条,ARTICLE_REFERENCE,第百十四条,72,77
4,第四章　特許権,78,第百十一条,ARTICLE_REFERENCE,第二項,77,80
4,第四章　特許権,78,第百十一条,ARTICLE_REFERENCE,前項,214,216
4,第四章　特許権,78,第百十一条,ARTICLE_REFERENCE,同項,230,232
4,第四章　特許権,78,第百十一条,ARTICLE_REFERENCE,第一号,232,235
4,第四章　特許権,78,第百十一条,ARTICLE_REFERENCE,同項,254,256
4,第四章　特許権,78,第百十一条,ARTICLE_REFERENCE,第二号,256,259
4,第四章　特許権,78,第百十一条,ARTICLE_REFERENCE,第三号,261,264
4,第四章　特許権,78,第百十一条,ARTICLE_REFERENCE,第百十四条,273,278
4,第四章　特許権,78,第百十一条,ARTICLE_REFERENCE,第二項,278,281
4,第四章　特許権,78,第百十一条,ARTICLE_REFERENCE,第一項,323,326
4,第四章　特許権,78,第百十一条,ARTICLE_REFERENCE,前項,365,367
4,第四章　特許権,78,第百十一条,ARTICLE_REFERENCE,同項,394,396
4,第四章　特許権,78,第百十一条,TIME_PERIOD,から,249,251
4,第四章　特許権,78,第百十一条,TIME_PERIOD,一年,251,253
4,第四章　特許権,78,第百十一条,TIME_PERIOD,から,296,298
4,第四章　特許権,78,第百十一条,TIME_PERIOD,六月,298,300
4,第四章　特許権,78,第百十一条,TIME_PERIOD,を経過,300,303
4,第四章　特許権,78,第百十一条,TIME_PERIOD,から,417,419
4,第四章　特許権,78,第百十一条,TIME_PERIOD,十四日,419,422
4,第四章　特許権,78,第百十一条,TIME_PERIOD,二月,432,434
4,第四章　特許権,78,第百十一条,TIME_PERIOD,以内,435,437
4,第四章　特許権,78,第百十一条,TIME_PERIOD,六月以内,446,450
4,第四章　特許権,78,第百十一条,PROCEDURE,請求,49,51
4,第四章　特許権,78,第百十一条,PROCEDURE,特許権,122,125
4,第四章　特許権,78,第百十一条,PROCEDURE,登録,133,135
4,第四章　特許権,78,第百十一条,PROCEDURE,登録,170,172
4,第四章　特許権,78,第百十一条,PROCEDURE,請求,308,310
4,第四章　特許権,78,第百十一条,PROCEDURE,請求,339,341
4,第四章　特許権,78,第百十一条,PROCEDURE,請求,378,380
4,第四章　特許権,78,第百十一条,PROCEDURE,請求,453,455
4,第四章　特許権,78,第百十一条,LEGAL_STATUS,取消,81,83
4,第四章　特許権,78,第百十一条,LEGAL_STATUS,無効,90,92
4,第四章　特許権,78,第百十一条,LEGAL_STATUS,無効,136,138
4,第四章　特許権,78,第百十一条,LEGAL_STATUS,取消,282,284
4,第四章　特許権,79,第百十二条,LAW_REFERENCE,省令,355,357
4,第四章　特許権,79,第百十二条,LAW_REFERENCE,省令,394,396
4,第四章　特許権,79,第百十二条,LAW_REFERENCE,省令,409,411
4,第四章　特許権,79,第百十二条,ARTICLE_REFERENCE,第百十二条,0,5
4,第四章　特許権,79,第百十二条,ARTICLE_REFERENCE,第百十二条,15,20
4,第四章　特許権,79,第百十二条,ARTICLE_REFERENCE,第百八条,27,31
4,第四章　特許権,79,第百十二条,ARTICLE_REFERENCE,第二項,31,34
4,第四章　特許権,79,第百十二条,ARTICLE_REFERENCE,第百九条,43,47
4,第四章　特許権,79,第百十二条,ARTICLE_REFERENCE,第百九条の二,51,57
4,第四章　特許権,79,第百十二条,ARTICLE_REFERENCE,前項,142,144
4,第四章　特許権,79,第百十二条,ARTICLE_REFERENCE,第百七条,164,168
4,第四章　特許権,79,第百十二条,ARTICLE_REFERENCE,第一項,168,171
4,第四章　特許権,79,第百十二条,ARTICLE_REFERENCE,第百八条,247,251
4,第四章　特許権,79,第百十二条,ARTICLE_REFERENCE,第二項,251,254
4,第四章　特許権,79,第百十二条,ARTICLE_REFERENCE,第百九条,263,267
4,第四章　特許権,79,第百十二条,ARTICLE_REFERENCE,第百九条の二,271,277
4,第四章　特許権,79,第百十二条,ARTICLE_REFERENCE,前項,338,340
4,第四章　特許権,79,第百十二条,ARTICLE_REFERENCE,第一項,446,449
4,第四章　特許権,79,第百十二条,ARTICLE_REFERENCE,第百八条,474,478
4,第四章　特許権,79,第百十二条,ARTICLE_REFERENCE,第二項,478,481
4,第四章　特許権,79,第百十二条,ARTICLE_REFERENCE,第二項,506,509
4,第四章　特許権,79,第百十二条,ARTICLE_REFERENCE,同条,542,544
4,第四章　特許権,79,第百十二条,ARTICLE_REFERENCE,第二項,544,547
4,第四章　特許権,79,第百十二条,ARTICLE_REFERENCE,第一項,584,587
4,第四章　特許権,79,第百十二条,ARTICLE_REFERENCE,第百八条,611,615
4,第四章　特許権,79,第百十二条,ARTICLE_REFERENCE,第二項,615,618
4,第四章　特許権,79,第百十二条,ARTICLE_REFERENCE,第二項,632,635
4,第四章　特許権,79,第百十二条,ARTICLE_REFERENCE,第一項,732,735
4,第四章　特許権,79,第百十二条,ARTICLE_REFERENCE,第百九条,759,763
4,第四章　特許権,79,第百十二条,ARTICLE_REFERENCE,第百九条の二,765,771
4,第四章　特許権,79,第百十二条,ARTICLE_REFERENCE,第二項,790,793
4,第四章　特許権,79,第百十二条,TIME_PERIOD,六月以内,117,121
4,第四章　特許権,79,第百十二条,TIME_PERIOD,から,828,830
4,第四章　特許権,79,第百十二条,PROCEDURE,特許権,21,24
4,第四章　特許権,79,第百十二条,PROCEDURE,特許権,158,161
4,第四章　特許権,79,第百十二条,PROCEDURE,特許権,222,225
4,第四章　特許権,79,第百十二条,PROCEDURE,特許権,441,444
4,第四章　特許権,79,第百十二条,PROCEDURE,特許権,537,540
4,第四章　特許権,79,第百十二条,PROCEDURE,特許権,579,582
4,第四章　特許権,79,第百十二条,PROCEDURE,特許権,663,666
4,第四章　特許権,79,第百十二条,PROCEDURE,登録,672,674
4,第四章　特許権,79,第百十二条,PROCEDURE,特許権,686,689
4,第四章　特許権,79,第百十二条,PROCEDURE,特許権,727,730
4,第四章　特許権,79,第百十二条,PROCEDURE,特許権,821,824
4,第四章　特許権,80,第百十二条の二,LAW_REFERENCE,省令,114,116
4,第四章　特許権,80,第百十二条の二,LAW_REFERENCE,省令,131,133
4,第四章　特許権,80,第百十二条の二,ARTICLE_REFERENCE,第百十二条の二,0,7
4,第四章　特許権,80,第百十二条の二,ARTICLE_REFERENCE,第百十二条の二,26,33
4,第四章　特許権,80,第百十二条の二,ARTICLE_REFERENCE,前条,34,36
4,第四章　特許権,80,第百十二条の二,ARTICLE_REFERENCE,第四項,36,39
4,第四章　特許権,80,第百十二条の二,ARTICLE_REFERENCE,第五項,43,46
4,第四章　特許権,80,第百十二条の二,ARTICLE_REFERENCE,同条,69,71
4,第四章　特許権,80,第百十二条の二,ARTICLE_REFERENCE,第六項,71,74
4,第四章　特許権,80,第百十二条の二,ARTICLE_REFERENCE,同条,144,146
4,第四章　特許権,80,第百十二条の二,ARTICLE_REFERENCE,第四項,146,149
4,第四章　特許権,80,第百十二条の二,ARTICLE_REFERENCE,第六項,151,154
4,第四章　特許権,80,第百十二条の二,ARTICLE_REFERENCE,同条,191,193
4,第四章　特許権,80,第百十二条の二,ARTICLE_REFERENCE,第一項,193,196
4,第四章　特許権,80,第百十二条の二,ARTICLE_REFERENCE,前項,261,263
4,第四章　特許権,80,第百十二条の二,ARTICLE_REFERENCE,第百八条,297,301
4,第四章　特許権,80,第百十二条の二,ARTICLE_REFERENCE,第二項,301,304
4,第四章　特許権,80,第百十二条の二,TIME_PERIOD,から,82,84
4,第四章　特許権,80,第百十二条の二,TIME_PERIOD,から,149,151
4,第四章　特許権,80,第百十二条の二,TIME_PERIOD,まで,154,156
4,第四章　特許権,80,第百十二条の二,TIME_PERIOD,から,360,362
4,第四章　特許権,80,第百十二条の二,PROCEDURE,特許権,18,21
4,第四章　特許権,80,第百十二条の二,PROCEDURE,特許権,64,67
4,第四章　特許権,80,第百十二条の二,PROCEDURE,特許権,99,102
4,第四章　特許権,80,第百十二条の二,PROCEDURE,特許権,104,107
4,第四章　特許権,80,第百十二条の二,PROCEDURE,特許権,292,295
4,第四章　特許権,81,第百十二条の三,LAW_REFERENCE,第一項の規定により特許料を追納することができる期間の経過後特許権の回復の登録前における次に掲げる行為には、及ばない。 一 当該発明の実施 二 特許が物の発明についてされている場合において、その物の生産に用いる物の生産、譲渡等若しくは輸入又は譲渡等の申出をした行為 三 特許が物の発明についてされている場合において、その物を譲渡等又は輸出のために所持した行為 四 特許が方法の発明についてされている場合において、その方法の使用に用いる物の生産、譲渡等若しくは輸入又は譲渡等の申出をした行為 五 特許が物を生産する方法の発明についてされている場合において、その方法,203,483
4,第四章　特許権,81,第百十二条の三,ARTICLE_REFERENCE,第百十二条の三,0,7
4,第四章　特許権,81,第百十二条の三,ARTICLE_REFERENCE,第百十二条の三,24,31
4,第四章　特許権,81,第百十二条の三,ARTICLE_REFERENCE,前条,32,34
4,第四章　特許権,81,第百十二条の三,ARTICLE_REFERENCE,第二項,34,37
4,第四章　特許権,81,第百十二条の三,ARTICLE_REFERENCE,第百十二条,90,95
4,第四章　特許権,81,第百十二条の三,ARTICLE_REFERENCE,第一項,95,98
4,第四章　特許権,81,第百十二条の三,ARTICLE_REFERENCE,前条,175,177
4,第四章　特許権,81,第百十二条の三,ARTICLE_REFERENCE,第二項,177,180
4,第四章　特許権,81,第百十二条の三,ARTICLE_REFERENCE,第百十二条,198,203
4,第四章　特許権,81,第百十二条の三,ARTICLE_REFERENCE,第一項,203,206
4,第四章　特許権,81,第百十二条の三,PROCEDURE,特許権,13,16
4,第四章　特許権,81,第百十二条の三,PROCEDURE,特許権,43,46
4,第四章　特許権,81,第百十二条の三,PROCEDURE,発明,65,67
4,第四章　特許権,81,第百十二条の三,PROCEDURE,特許権,82,85
4,第四章　特許権,81,第百十二条の三,PROCEDURE,特許権,124,127
4,第四章　特許権,81,第百十二条の三,PROCEDURE,登録,131,133
4,第四章　特許権,81,第百十二条の三,PROCEDURE,特許権,190,193
4,第四章　特許権,81,第百十二条の三,PROCEDURE,特許権,232,235
4,第四章　特許権,81,第百十二条の三,PROCEDURE,登録,239,241
4,第四章　特許権,81,第百十二条の三,PROCEDURE,発明,266,268
4,第四章　特許権,81,第百十二条の三,PROCEDURE,発明,279,281
4,第四章　特許権,81,第百十二条の三,PROCEDURE,発明,342,344
4,第四章　特許権,81,第百十二条の三,PROCEDURE,発明,390,392
4,第四章　特許権,81,第百十二条の三,PROCEDURE,発明,461,463
4,第四章　特許権,81,第百十二条の三,LEGAL_STATUS,効力,17,19
4,第四章　特許権,81,第百十二条の三,LEGAL_STATUS,効力,86,88
4,第四章　特許権,81,第百十二条の三,LEGAL_STATUS,効力,194,196
5,第五章　特許異議の申立て,0,第百十三条,ARTICLE_REFERENCE,第百十三条,0,5
5,第五章　特許異議の申立て,0,第百十三条,ARTICLE_REFERENCE,第百十三条,17,22
5,第五章　特許異議の申立て,0,第百十三条,ARTICLE_REFERENCE,各号,60,62
5,第五章　特許異議の申立て,0,第百十三条,ARTICLE_REFERENCE,第十七条の二,157,163
5,第五章　特許異議の申立て,0,第百十三条,ARTICLE_REFERENCE,第三項,163,166
5,第五章　特許異議の申立て,0,第百十三条,ARTICLE_REFERENCE,第二十五条,221,226
5,第五章　特許異議の申立て,0,第百十三条,ARTICLE_REFERENCE,第二十九条,227,232
5,第五章　特許異議の申立て,0,第百十三条,ARTICLE_REFERENCE,第二十九条の二,233,240
5,第五章　特許異議の申立て,0,第百十三条,ARTICLE_REFERENCE,第三十二条,241,246
5,第五章　特許異議の申立て,0,第百十三条,ARTICLE_REFERENCE,第三十九条,248,253
5,第五章　特許異議の申立て,0,第百十三条,ARTICLE_REFERENCE,第一項,253,256
5,第五章　特許異議の申立て,0,第百十三条,ARTICLE_REFERENCE,第四項,258,261
5,第五章　特許異議の申立て,0,第百十三条,ARTICLE_REFERENCE,第三十六条,306,311
5,第五章　特許異議の申立て,0,第百十三条,ARTICLE_REFERENCE,第四項,311,314
5,第五章　特許異議の申立て,0,第百十三条,ARTICLE_REFERENCE,第一号,314,317
5,第五章　特許異議の申立て,0,第百十三条,ARTICLE_REFERENCE,第六項,319,322
5,第五章　特許異議の申立て,0,第百十三条,ARTICLE_REFERENCE,第四号,323,326
5,第五章　特許異議の申立て,0,第百十三条,TIME_PERIOD,から,38,40
5,第五章　特許異議の申立て,0,第百十三条,TIME_PERIOD,六月以内,40,44
5,第五章　特許異議の申立て,0,第百十三条,TIME_PERIOD,以上,108,110
5,第五章　特許異議の申立て,0,第百十三条,TIME_PERIOD,から,256,258
5,第五章　特許異議の申立て,0,第百十三条,TIME_PERIOD,まで,261,263
5,第五章　特許異議の申立て,0,第百十三条,ORGANIZATION,特許庁長官,48,53
5,第五章　特許異議の申立て,0,第百十三条,PROCEDURE,請求項,111,114
5,第五章　特許異議の申立て,0,第百十三条,PROCEDURE,請求項,125,128
5,第五章　特許異議の申立て,0,第百十三条,PROCEDURE,出願,188,190
5,第五章　特許異議の申立て,0,第百十三条,PROCEDURE,出願,196,198
5,第五章　特許異議の申立て,0,第百十三条,PROCEDURE,出願,348,350
5,第五章　特許異議の申立て,0,第百十三条,PROCEDURE,出願,368,370
5,第五章　特許異議の申立て,0,第百十三条,PROCEDURE,明細書,383,386
5,第五章　特許異議の申立て,0,第百十三条,PROCEDURE,請求,389,391
5,第五章　特許異議の申立て,0,第百十三条,PROCEDURE,図面,396,398
5,第五章　特許異議の申立て,0,第百十三条,LEGAL_STATUS,違反,267,269
5,第五章　特許異議の申立て,0,第百十三条,LEGAL_STATUS,違反,288,290
5,第五章　特許異議の申立て,1,第百十四条,ARTICLE_REFERENCE,第百十四条,0,5
5,第五章　特許異議の申立て,1,第百十四条,ARTICLE_REFERENCE,第百十四条,11,16
5,第五章　特許異議の申立て,1,第百十四条,ARTICLE_REFERENCE,前条,78,80
5,第五章　特許異議の申立て,1,第百十四条,ARTICLE_REFERENCE,各号,80,82
5,第五章　特許異議の申立て,1,第百十四条,ARTICLE_REFERENCE,前条,203,205
5,第五章　特許異議の申立て,1,第百十四条,ARTICLE_REFERENCE,各号,205,207
5,第五章　特許異議の申立て,1,第百十四条,ARTICLE_REFERENCE,前項,254,256
5,第五章　特許異議の申立て,1,第百十四条,TIME_PERIOD,から,165,167
5,第五章　特許異議の申立て,1,第百十四条,ORGANIZATION,審判官,45,48
5,第五章　特許異議の申立て,1,第百十四条,ORGANIZATION,審判官,59,62
5,第五章　特許異議の申立て,1,第百十四条,ORGANIZATION,審判官,184,187
5,第五章　特許異議の申立て,1,第百十四条,PROCEDURE,審判,45,47
5,第五章　特許異議の申立て,1,第百十四条,PROCEDURE,審判,59,61
5,第五章　特許異議の申立て,1,第百十四条,PROCEDURE,特許権,158,161
5,第五章　特許異議の申立て,1,第百十四条,PROCEDURE,審判,184,186
5,第五章　特許異議の申立て,1,第百十四条,LEGAL_STATUS,取消,119,121
5,第五章　特許異議の申立て,1,第百十四条,LEGAL_STATUS,取消,143,145
5,第五章　特許異議の申立て,2,第百十五条,ARTICLE_REFERENCE,第百十五条,0,5
5,第五章　特許異議の申立て,2,第百十五条,ARTICLE_REFERENCE,第百十五条,16,21
5,第五章　特許異議の申立て,2,第百十五条,ARTICLE_REFERENCE,前項,150,152
5,第五章　特許異議の申立て,2,第百十五条,ARTICLE_REFERENCE,第百十三条,199,204
5,第五章　特許異議の申立て,2,第百十五条,ARTICLE_REFERENCE,第百二十条の五,219,226
5,第五章　特許異議の申立て,2,第百十五条,ARTICLE_REFERENCE,第一項,226,229
5,第五章　特許異議の申立て,2,第百十五条,ARTICLE_REFERENCE,前項,254,256
5,第五章　特許異議の申立て,2,第百十五条,ARTICLE_REFERENCE,第三号,256,259
5,第五章　特許異議の申立て,2,第百十五条,ARTICLE_REFERENCE,第百二十三条,322,328
5,第五章　特許異議の申立て,2,第百十五条,ARTICLE_REFERENCE,第四項,328,331
5,第五章　特許異議の申立て,2,第百十五条,TIME_PERIOD,まで,249,251
5,第五章　特許異議の申立て,2,第百十五条,ORGANIZATION,特許庁長官,56,61
5,第五章　特許異議の申立て,2,第百十五条,PROCEDURE,審判,286,288
5,第五章　特許異議の申立て,2,第百十五条,PROCEDURE,特許権,302,305
5,第五章　特許異議の申立て,2,第百十五条,LEGAL_STATUS,代理人,86,89
5,第五章　特許異議の申立て,3,第百十六条,ARTICLE_REFERENCE,第百十六条,0,5
5,第五章　特許異議の申立て,3,第百十六条,ARTICLE_REFERENCE,第百十六条,16,21
5,第五章　特許異議の申立て,3,第百十六条,ARTICLE_REFERENCE,第百三十六条,22,28
5,第五章　特許異議の申立て,3,第百十六条,ARTICLE_REFERENCE,第二項,28,31
5,第五章　特許異議の申立て,3,第百十六条,ARTICLE_REFERENCE,第百三十七条,33,39
5,第五章　特許異議の申立て,3,第百十六条,ARTICLE_REFERENCE,第百四十四条,41,47
5,第五章　特許異議の申立て,3,第百十六条,ARTICLE_REFERENCE,第百十四条,54,59
5,第五章　特許異議の申立て,3,第百十六条,ARTICLE_REFERENCE,第一項,59,62
5,第五章　特許異議の申立て,3,第百十六条,TIME_PERIOD,から,39,41
5,第五章　特許異議の申立て,3,第百十六条,TIME_PERIOD,まで,47,49
5,第五章　特許異議の申立て,3,第百十六条,ORGANIZATION,審判官,7,10
5,第五章　特許異議の申立て,3,第百十六条,ORGANIZATION,審判官,75,78
5,第五章　特許異議の申立て,3,第百十六条,PROCEDURE,審判,7,9
5,第五章　特許異議の申立て,3,第百十六条,PROCEDURE,審判,75,77
5,第五章　特許異議の申立て,4,第百十七条,ARTICLE_REFERENCE,第百十七条,0,5
5,第五章　特許異議の申立て,4,第百十七条,ARTICLE_REFERENCE,第百十七条,14,19
5,第五章　特許異議の申立て,4,第百十七条,ARTICLE_REFERENCE,第百四十四条の二,61,69
5,第五章　特許異議の申立て,4,第百十七条,ARTICLE_REFERENCE,第三項,69,72
5,第五章　特許異議の申立て,4,第百十七条,ARTICLE_REFERENCE,第五項,74,77
5,第五章　特許異議の申立て,4,第百十七条,ARTICLE_REFERENCE,前項,84,86
5,第五章　特許異議の申立て,4,第百十七条,TIME_PERIOD,から,72,74
5,第五章　特許異議の申立て,4,第百十七条,TIME_PERIOD,まで,77,79
5,第五章　特許異議の申立て,4,第百十七条,ORGANIZATION,特許庁長官,20,25
5,第五章　特許異議の申立て,4,第百十七条,PROCEDURE,審判,7,9
5,第五章　特許異議の申立て,4,第百十七条,PROCEDURE,審判,40,42
5,第五章　特許異議の申立て,4,第百十七条,PROCEDURE,審判,87,89
5,第五章　特許異議の申立て,5,第百十八条,ARTICLE_REFERENCE,第百十八条,0,5
5,第五章　特許異議の申立て,5,第百十八条,ARTICLE_REFERENCE,第百十八条,15,20
5,第五章　特許異議の申立て,5,第百十八条,PROCEDURE,特許権,54,57
5,第五章　特許異議の申立て,5,第百十八条,PROCEDURE,特許権,58,61
5,第五章　特許異議の申立て,5,第百十八条,LEGAL_STATUS,効力,130,132
5,第五章　特許異議の申立て,6,第百十九条,ARTICLE_REFERENCE,第百十九条,0,5
5,第五章　特許異議の申立て,6,第百十九条,ARTICLE_REFERENCE,第百十九条,11,16
5,第五章　特許異議の申立て,6,第百十九条,ARTICLE_REFERENCE,第百四十八条,105,111
5,第五章　特許異議の申立て,6,第百十九条,ARTICLE_REFERENCE,第四項,111,114
5,第五章　特許異議の申立て,6,第百十九条,ARTICLE_REFERENCE,第五項,116,119
5,第五章　特許異議の申立て,6,第百十九条,ARTICLE_REFERENCE,第百四十九条,122,128
5,第五章　特許異議の申立て,6,第百十九条,ARTICLE_REFERENCE,前項,133,135
5,第五章　特許異議の申立て,6,第百十九条,TIME_PERIOD,まで,70,72
5,第五章　特許異議の申立て,6,第百十九条,PROCEDURE,特許権,17,20
5,第五章　特許異議の申立て,6,第百十九条,PROCEDURE,特許権,35,38
5,第五章　特許異議の申立て,6,第百十九条,PROCEDURE,特許権,74,77
5,第五章　特許異議の申立て,6,第百十九条,LEGAL_STATUS,権利,25,27
5,第五章　特許異議の申立て,7,第百二十条,ARTICLE_REFERENCE,第百二十条,0,5
5,第五章　特許異議の申立て,7,第百二十条,ARTICLE_REFERENCE,第百二十条,19,24
5,第五章　特許異議の申立て,7,第百二十条,ARTICLE_REFERENCE,第百五十条,25,30
5,第五章　特許異議の申立て,7,第百二十条,ARTICLE_REFERENCE,第百五十一条,32,38
5,第五章　特許異議の申立て,8,第百二十条の二,ARTICLE_REFERENCE,第百二十条の二,0,7
5,第五章　特許異議の申立て,8,第百二十条の二,ARTICLE_REFERENCE,第百二十条の二,18,25
5,第五章　特許異議の申立て,8,第百二十条の二,PROCEDURE,特許権,47,50
5,第五章　特許異議の申立て,8,第百二十条の二,PROCEDURE,請求項,129,132
5,第五章　特許異議の申立て,9,第百二十条の三,ARTICLE_REFERENCE,第百二十条の三,0,7
5,第五章　特許異議の申立て,9,第百二十条の三,ARTICLE_REFERENCE,第百二十条の三,21,28
5,第五章　特許異議の申立て,9,第百二十条の三,ARTICLE_REFERENCE,前項,89,91
5,第五章　特許異議の申立て,9,第百二十条の三,TIME_PERIOD,以上,39,41
5,第五章　特許異議の申立て,9,第百二十条の三,PROCEDURE,特許権,32,35
5,第五章　特許異議の申立て,10,第百二十条の四,ARTICLE_REFERENCE,第百二十条の四,0,7
5,第五章　特許異議の申立て,10,第百二十条の四,ARTICLE_REFERENCE,第百二十条の四,18,25
5,第五章　特許異議の申立て,10,第百二十条の四,ARTICLE_REFERENCE,次条,36,38
5,第五章　特許異議の申立て,10,第百二十条の四,ARTICLE_REFERENCE,第一項,38,41
5,第五章　特許異議の申立て,10,第百二十条の四,ARTICLE_REFERENCE,第百五十五条,72,78
5,第五章　特許異議の申立て,10,第百二十条の四,ARTICLE_REFERENCE,第三項,78,81
5,第五章　特許異議の申立て,11,第百二十条の五,LAW_REFERENCE,省令,452,454
5,第五章　特許異議の申立て,11,第百二十条の五,ARTICLE_REFERENCE,第百二十条の五,0,7
5,第五章　特許異議の申立て,11,第百二十条の五,ARTICLE_REFERENCE,第百二十条の五,18,25
5,第五章　特許異議の申立て,11,第百二十条の五,ARTICLE_REFERENCE,前項,115,117
5,第五章　特許異議の申立て,11,第百二十条の五,ARTICLE_REFERENCE,前項,330,332
5,第五章　特許異議の申立て,11,第百二十条の五,ARTICLE_REFERENCE,同項,384,386
5,第五章　特許異議の申立て,11,第百二十条の五,ARTICLE_REFERENCE,前項,406,408
5,第五章　特許異議の申立て,11,第百二十条の五,ARTICLE_REFERENCE,第一項,527,530
5,第五章　特許異議の申立て,11,第百二十条の五,ARTICLE_REFERENCE,第二項,544,547
5,第五章　特許異議の申立て,11,第百二十条の五,ARTICLE_REFERENCE,第一項,561,564
5,第五章　特許異議の申立て,11,第百二十条の五,ARTICLE_REFERENCE,第二項,775,778
5,第五章　特許異議の申立て,11,第百二十条の五,ARTICLE_REFERENCE,同項,785,787
5,第五章　特許異議の申立て,11,第百二十条の五,ARTICLE_REFERENCE,各号,791,793
5,第五章　特許異議の申立て,11,第百二十条の五,ARTICLE_REFERENCE,第九項,808,811
5,第五章　特許異議の申立て,11,第百二十条の五,ARTICLE_REFERENCE,第百二十六条,824,830
5,第五章　特許異議の申立て,11,第百二十条の五,ARTICLE_REFERENCE,第五項,830,833
5,第五章　特許異議の申立て,11,第百二十条の五,ARTICLE_REFERENCE,第七項,835,838
5,第五章　特許異議の申立て,11,第百二十条の五,ARTICLE_REFERENCE,第二項,908,911
5,第五章　特許異議の申立て,11,第百二十条の五,ARTICLE_REFERENCE,第二項,983,986
5,第五章　特許異議の申立て,11,第百二十条の五,ARTICLE_REFERENCE,同項,994,996
5,第五章　特許異議の申立て,11,第百二十条の五,ARTICLE_REFERENCE,第十七条の五,1032,1038
5,第五章　特許異議の申立て,11,第百二十条の五,ARTICLE_REFERENCE,第一項,1038,1041
5,第五章　特許異議の申立て,11,第百二十条の五,ARTICLE_REFERENCE,第二項,1081,1084
5,第五章　特許異議の申立て,11,第百二十条の五,ARTICLE_REFERENCE,第三項,1091,1094
5,第五章　特許異議の申立て,11,第百二十条の五,ARTICLE_REFERENCE,第四項,1096,1099
5,第五章　特許異議の申立て,11,第百二十条の五,ARTICLE_REFERENCE,第百二十六条,1152,1158
5,第五章　特許異議の申立て,11,第百二十条の五,ARTICLE_REFERENCE,第四項,1158,1161
5,第五章　特許異議の申立て,11,第百二十条の五,ARTICLE_REFERENCE,第七項,1163,1166
5,第五章　特許異議の申立て,11,第百二十条の五,ARTICLE_REFERENCE,第百二十七条,1169,1175
5,第五章　特許異議の申立て,11,第百二十条の五,ARTICLE_REFERENCE,第百二十八条,1176,1182
5,第五章　特許異議の申立て,11,第百二十条の五,ARTICLE_REFERENCE,第百三十一条,1183,1189
5,第五章　特許異議の申立て,11,第百二十条の五,ARTICLE_REFERENCE,第一項,1189,1192
5,第五章　特許異議の申立て,11,第百二十条の五,ARTICLE_REFERENCE,第三項,1193,1196
5,第五章　特許異議の申立て,11,第百二十条の五,ARTICLE_REFERENCE,第四項,1198,1201
5,第五章　特許異議の申立て,11,第百二十条の五,ARTICLE_REFERENCE,第百三十一条の二,1202,1210
5,第五章　特許異議の申立て,11,第百二十条の五,ARTICLE_REFERENCE,第一項,1210,1213
5,第五章　特許異議の申立て,11,第百二十条の五,ARTICLE_REFERENCE,第百三十二条,1214,1220
5,第五章　特許異議の申立て,11,第百二十条の五,ARTICLE_REFERENCE,第三項,1220,1223
5,第五章　特許異議の申立て,11,第百二十条の五,ARTICLE_REFERENCE,第四項,1225,1228
5,第五章　特許異議の申立て,11,第百二十条の五,ARTICLE_REFERENCE,第百三十三条,1231,1237
5,第五章　特許異議の申立て,11,第百二十条の五,ARTICLE_REFERENCE,第一項,1237,1240
5,第五章　特許異議の申立て,11,第百二十条の五,ARTICLE_REFERENCE,第三項,1241,1244
5,第五章　特許異議の申立て,11,第百二十条の五,ARTICLE_REFERENCE,第四項,1246,1249
5,第五章　特許異議の申立て,11,第百二十条の五,ARTICLE_REFERENCE,第二項,1254,1257
5,第五章　特許異議の申立て,11,第百二十条の五,ARTICLE_REFERENCE,第百二十六条,1275,1281
5,第五章　特許異議の申立て,11,第百二十条の五,ARTICLE_REFERENCE,第七項,1281,1284
5,第五章　特許異議の申立て,11,第百二十条の五,ARTICLE_REFERENCE,第一項,1286,1289
5,第五章　特許異議の申立て,11,第百二十条の五,ARTICLE_REFERENCE,第一号,1293,1296
5,第五章　特許異議の申立て,11,第百二十条の五,ARTICLE_REFERENCE,第二号,1298,1301
5,第五章　特許異議の申立て,11,第百二十条の五,ARTICLE_REFERENCE,第一項,1330,1333
5,第五章　特許異議の申立て,11,第百二十条の五,ARTICLE_REFERENCE,第一号,1337,1340
5,第五章　特許異議の申立て,11,第百二十条の五,ARTICLE_REFERENCE,第二号,1342,1345
5,第五章　特許異議の申立て,11,第百二十条の五,TIME_PERIOD,以上,290,292
5,第五章　特許異議の申立て,11,第百二十条の五,TIME_PERIOD,から,688,690
5,第五章　特許異議の申立て,11,第百二十条の五,TIME_PERIOD,から,833,835
5,第五章　特許異議の申立て,11,第百二十条の五,TIME_PERIOD,まで,838,840
5,第五章　特許異議の申立て,11,第百二十条の五,TIME_PERIOD,から,1161,1163
5,第五章　特許異議の申立て,11,第百二十条の五,TIME_PERIOD,まで,1166,1168
5,第五章　特許異議の申立て,11,第百二十条の五,PROCEDURE,審判,26,28
5,第五章　特許異議の申立て,11,第百二十条の五,PROCEDURE,特許権,46,49
5,第五章　特許異議の申立て,11,第百二十条の五,PROCEDURE,特許権,109,112
5,第五章　特許異議の申立て,11,第百二十条の五,PROCEDURE,明細書,142,145
5,第五章　特許異議の申立て,11,第百二十条の五,PROCEDURE,請求,148,150
5,第五章　特許異議の申立て,11,第百二十条の五,PROCEDURE,図面,155,157
5,第五章　特許異議の申立て,11,第百二十条の五,PROCEDURE,請求,161,163
5,第五章　特許異議の申立て,11,第百二十条の五,PROCEDURE,請求,206,208
5,第五章　特許異議の申立て,11,第百二十条の五,PROCEDURE,請求項,244,247
5,第五章　特許異議の申立て,11,第百二十条の五,PROCEDURE,請求項,255,258
5,第五章　特許異議の申立て,11,第百二十条の五,PROCEDURE,請求項,266,269
5,第五章　特許異議の申立て,11,第百二十条の五,PROCEDURE,請求項,293,296
5,第五章　特許異議の申立て,11,第百二十条の五,PROCEDURE,請求,308,310
5,第五章　特許異議の申立て,11,第百二十条の五,PROCEDURE,請求項,324,327
5,第五章　特許異議の申立て,11,第百二十条の五,PROCEDURE,請求,336,338
5,第五章　特許異議の申立て,11,第百二十条の五,PROCEDURE,請求項,361,364
5,第五章　特許異議の申立て,11,第百二十条の五,PROCEDURE,請求項,378,381
5,第五章　特許異議の申立て,11,第百二十条の五,PROCEDURE,請求,390,392
5,第五章　特許異議の申立て,11,第百二十条の五,PROCEDURE,請求項,418,421
5,第五章　特許異議の申立て,11,第百二十条の五,PROCEDURE,請求項,426,429
5,第五章　特許異議の申立て,11,第百二十条の五,PROCEDURE,請求項,435,438
5,第五章　特許異議の申立て,11,第百二十条の五,PROCEDURE,請求項,467,470
5,第五章　特許異議の申立て,11,第百二十条の五,PROCEDURE,請求項,477,480
5,第五章　特許異議の申立て,11,第百二十条の五,PROCEDURE,請求項,498,501
5,第五章　特許異議の申立て,11,第百二十条の五,PROCEDURE,請求,506,508
5,第五章　特許異議の申立て,11,第百二十条の五,PROCEDURE,審判,522,524
5,第五章　特許異議の申立て,11,第百二十条の五,PROCEDURE,請求,551,553
5,第五章　特許異議の申立て,11,第百二十条の五,PROCEDURE,請求,596,598
5,第五章　特許異議の申立て,11,第百二十条の五,PROCEDURE,明細書,613,616
5,第五章　特許異議の申立て,11,第百二十条の五,PROCEDURE,請求,619,621
5,第五章　特許異議の申立て,11,第百二十条の五,PROCEDURE,図面,626,628
5,第五章　特許異議の申立て,11,第百二十条の五,PROCEDURE,審判,770,772
5,第五章　特許異議の申立て,11,第百二十条の五,PROCEDURE,請求,782,784
5,第五章　特許異議の申立て,11,第百二十条の五,PROCEDURE,特許権,853,856
5,第五章　特許異議の申立て,11,第百二十条の五,PROCEDURE,請求,915,917
5,第五章　特許異議の申立て,11,第百二十条の五,PROCEDURE,請求,949,951
5,第五章　特許異議の申立て,11,第百二十条の五,PROCEDURE,請求,962,964
5,第五章　特許異議の申立て,11,第百二十条の五,PROCEDURE,請求,990,992
5,第五章　特許異議の申立て,11,第百二十条の五,PROCEDURE,請求,1000,1002
5,第五章　特許異議の申立て,11,第百二十条の五,PROCEDURE,明細書,1013,1016
5,第五章　特許異議の申立て,11,第百二十条の五,PROCEDURE,請求,1019,1021
5,第五章　特許異議の申立て,11,第百二十条の五,PROCEDURE,図面,1026,1028
5,第五章　特許異議の申立て,11,第百二十条の五,PROCEDURE,請求,1088,1090
5,第五章　特許異議の申立て,11,第百二十条の五,PROCEDURE,請求項,1105,1108
5,第五章　特許異議の申立て,11,第百二十条の五,PROCEDURE,請求項,1116,1119
5,第五章　特許異議の申立て,11,第百二十条の五,PROCEDURE,請求,1133,1135
5,第五章　特許異議の申立て,11,第百二十条の五,PROCEDURE,請求項,1324,1327
5,第五章　特許異議の申立て,11,第百二十条の五,LEGAL_STATUS,取消,31,33
5,第五章　特許異議の申立て,11,第百二十条の五,LEGAL_STATUS,取消,62,64
5,第五章　特許異議の申立て,11,第百二十条の五,LEGAL_STATUS,取消,577,579
5,第五章　特許異議の申立て,12,第百二十条の六,ARTICLE_REFERENCE,第百二十条の六,0,7
5,第五章　特許異議の申立て,12,第百二十条の六,ARTICLE_REFERENCE,第百二十条の六,16,23
5,第五章　特許異議の申立て,12,第百二十条の六,ORGANIZATION,特許庁長官,162,167
5,第五章　特許異議の申立て,12,第百二十条の六,PROCEDURE,特許権,87,90
5,第五章　特許異議の申立て,12,第百二十条の六,PROCEDURE,特許権,185,188
5,第五章　特許異議の申立て,12,第百二十条の六,PROCEDURE,申請,222,224
5,第五章　特許異議の申立て,12,第百二十条の六,PROCEDURE,申請,228,230
5,第五章　特許異議の申立て,12,第百二十条の六,LEGAL_STATUS,代理人,107,110
5,第五章　特許異議の申立て,13,第百二十条の七,ARTICLE_REFERENCE,第百二十条の七,0,7
5,第五章　特許異議の申立て,13,第百二十条の七,ARTICLE_REFERENCE,第百二十条の七,18,25
5,第五章　特許異議の申立て,13,第百二十条の七,ARTICLE_REFERENCE,各号,65,67
5,第五章　特許異議の申立て,13,第百二十条の七,ARTICLE_REFERENCE,各号,82,84
5,第五章　特許異議の申立て,13,第百二十条の七,ARTICLE_REFERENCE,第百二十条の五,136,143
5,第五章　特許異議の申立て,13,第百二十条の七,ARTICLE_REFERENCE,第二項,143,146
5,第五章　特許異議の申立て,13,第百二十条の七,ARTICLE_REFERENCE,前号,197,199
5,第五章　特許異議の申立て,13,第百二十条の七,PROCEDURE,請求項,102,105
5,第五章　特許異議の申立て,13,第百二十条の七,PROCEDURE,請求項,130,133
5,第五章　特許異議の申立て,13,第百二十条の七,PROCEDURE,請求,150,152
5,第五章　特許異議の申立て,13,第百二十条の七,PROCEDURE,請求項,164,167
5,第五章　特許異議の申立て,13,第百二十条の七,PROCEDURE,請求項,172,175
5,第五章　特許異議の申立て,13,第百二十条の七,PROCEDURE,請求項,213,216
5,第五章　特許異議の申立て,14,第百二十条の八,ARTICLE_REFERENCE,第百二十条の八,0,7
5,第五章　特許異議の申立て,14,第百二十条の八,ARTICLE_REFERENCE,第百二十条の八,20,27
5,第五章　特許異議の申立て,14,第百二十条の八,ARTICLE_REFERENCE,第百三十三条,28,34
5,第五章　特許異議の申立て,14,第百二十条の八,ARTICLE_REFERENCE,第百三十三条の二,35,43
5,第五章　特許異議の申立て,14,第百二十条の八,ARTICLE_REFERENCE,第百三十四条,44,50
5,第五章　特許異議の申立て,14,第百二十条の八,ARTICLE_REFERENCE,第四項,50,53
5,第五章　特許異議の申立て,14,第百二十条の八,ARTICLE_REFERENCE,第百三十五条,54,60
5,第五章　特許異議の申立て,14,第百二十条の八,ARTICLE_REFERENCE,第百五十二条,61,67
5,第五章　特許異議の申立て,14,第百二十条の八,ARTICLE_REFERENCE,第百六十八条,68,74
5,第五章　特許異議の申立て,14,第百二十条の八,ARTICLE_REFERENCE,第百六十九条,75,81
5,第五章　特許異議の申立て,14,第百二十条の八,ARTICLE_REFERENCE,第三項,81,84
5,第五章　特許異議の申立て,14,第百二十条の八,ARTICLE_REFERENCE,第六項,86,89
5,第五章　特許異議の申立て,14,第百二十条の八,ARTICLE_REFERENCE,第百七十条,93,98
5,第五章　特許異議の申立て,14,第百二十条の八,ARTICLE_REFERENCE,第百十四条,131,136
5,第五章　特許異議の申立て,14,第百二十条の八,ARTICLE_REFERENCE,第五項,136,139
5,第五章　特許異議の申立て,14,第百二十条の八,ARTICLE_REFERENCE,前項,144,146
5,第五章　特許異議の申立て,14,第百二十条の八,ARTICLE_REFERENCE,第百三十五条,154,160
5,第五章　特許異議の申立て,14,第百二十条の八,TIME_PERIOD,から,84,86
5,第五章　特許異議の申立て,14,第百二十条の八,TIME_PERIOD,まで,89,91
5,第五章　特許異議の申立て,14,第百二十条の八,PROCEDURE,審判,9,11
6,第六章　審判,0,第百二十一条,ARTICLE_REFERENCE,第百二十一条,0,6
6,第六章　審判,0,第百二十一条,ARTICLE_REFERENCE,第百二十一条,18,24
6,第六章　審判,0,第百二十一条,ARTICLE_REFERENCE,前項,136,138
6,第六章　審判,0,第百二十一条,ARTICLE_REFERENCE,同項,165,167
6,第六章　審判,0,第百二十一条,TIME_PERIOD,から,71,73
6,第六章　審判,0,第百二十一条,TIME_PERIOD,三月以内,73,77
6,第六章　審判,0,第百二十一条,TIME_PERIOD,から,188,190
6,第六章　審判,0,第百二十一条,TIME_PERIOD,十四日,190,193
6,第六章　審判,0,第百二十一条,TIME_PERIOD,二月,203,205
6,第六章　審判,0,第百二十一条,TIME_PERIOD,以内,206,208
6,第六章　審判,0,第百二十一条,TIME_PERIOD,六月以内,217,221
6,第六章　審判,0,第百二十一条,PROCEDURE,審判,14,16
6,第六章　審判,0,第百二十一条,PROCEDURE,審判,84,86
6,第六章　審判,0,第百二十一条,PROCEDURE,請求,87,89
6,第六章　審判,0,第百二十一条,PROCEDURE,審判,107,109
6,第六章　審判,0,第百二十一条,PROCEDURE,請求,110,112
6,第六章　審判,0,第百二十一条,PROCEDURE,請求,149,151
6,第六章　審判,0,第百二十一条,PROCEDURE,請求,224,226
6,第六章　審判,0,第百二十一条,LEGAL_STATUS,拒絶,8,10
6,第六章　審判,0,第百二十一条,LEGAL_STATUS,拒絶,25,27
6,第六章　審判,0,第百二十一条,LEGAL_STATUS,拒絶,78,80
6,第六章　審判,0,第百二十一条,LEGAL_STATUS,拒絶,101,103
6,第六章　審判,1,第百二十二条,ARTICLE_REFERENCE,第百二十二条,0,6
6,第六章　審判,1,第百二十二条,ARTICLE_REFERENCE,第百二十二条,7,13
6,第六章　審判,2,第百二十三条,ARTICLE_REFERENCE,第百二十三条,0,6
6,第六章　審判,2,第百二十三条,ARTICLE_REFERENCE,第百二十三条,16,22
6,第六章　審判,2,第百二十三条,ARTICLE_REFERENCE,各号,28,30
6,第六章　審判,2,第百二十三条,ARTICLE_REFERENCE,第十七条の二,130,136
6,第六章　審判,2,第百二十三条,ARTICLE_REFERENCE,第三項,136,139
6,第六章　審判,2,第百二十三条,ARTICLE_REFERENCE,第二十五条,194,199
6,第六章　審判,2,第百二十三条,ARTICLE_REFERENCE,第二十九条,200,205
6,第六章　審判,2,第百二十三条,ARTICLE_REFERENCE,第二十九条の二,206,213
6,第六章　審判,2,第百二十三条,ARTICLE_REFERENCE,第三十二条,214,219
6,第六章　審判,2,第百二十三条,ARTICLE_REFERENCE,第三十八条,220,225
6,第六章　審判,2,第百二十三条,ARTICLE_REFERENCE,第三十九条,227,232
6,第六章　審判,2,第百二十三条,ARTICLE_REFERENCE,第一項,232,235
6,第六章　審判,2,第百二十三条,ARTICLE_REFERENCE,第四項,237,240
6,第六章　審判,2,第百二十三条,ARTICLE_REFERENCE,第三十八条,261,266
6,第六章　審判,2,第百二十三条,ARTICLE_REFERENCE,第七十四条,285,290
6,第六章　審判,2,第百二十三条,ARTICLE_REFERENCE,第一項,290,293
6,第六章　審判,2,第百二十三条,ARTICLE_REFERENCE,第三十六条,363,368
6,第六章　審判,2,第百二十三条,ARTICLE_REFERENCE,第四項,368,371
6,第六章　審判,2,第百二十三条,ARTICLE_REFERENCE,第一号,371,374
6,第六章　審判,2,第百二十三条,ARTICLE_REFERENCE,第六項,376,379
6,第六章　審判,2,第百二十三条,ARTICLE_REFERENCE,第四号,380,383
6,第六章　審判,2,第百二十三条,ARTICLE_REFERENCE,第七十四条,530,535
6,第六章　審判,2,第百二十三条,ARTICLE_REFERENCE,第一項,535,538
6,第六章　審判,2,第百二十三条,ARTICLE_REFERENCE,第二十五条,601,606
6,第六章　審判,2,第百二十三条,ARTICLE_REFERENCE,第百二十六条,692,698
6,第六章　審判,2,第百二十三条,ARTICLE_REFERENCE,第一項,698,701
6,第六章　審判,2,第百二十三条,ARTICLE_REFERENCE,第五項,709,712
6,第六章　審判,2,第百二十三条,ARTICLE_REFERENCE,第七項,714,717
6,第六章　審判,2,第百二十三条,ARTICLE_REFERENCE,第百二十条の五,720,727
6,第六章　審判,2,第百二十三条,ARTICLE_REFERENCE,第九項,727,730
6,第六章　審判,2,第百二十三条,ARTICLE_REFERENCE,第百三十四条の二,732,740
6,第六章　審判,2,第百二十三条,ARTICLE_REFERENCE,第九項,740,743
6,第六章　審判,2,第百二十三条,ARTICLE_REFERENCE,第百二十条の五,759,766
6,第六章　審判,2,第百二十三条,ARTICLE_REFERENCE,第二項,766,769
6,第六章　審判,2,第百二十三条,ARTICLE_REFERENCE,第百三十四条の二,775,783
6,第六章　審判,2,第百二十三条,ARTICLE_REFERENCE,第一項,783,786
6,第六章　審判,2,第百二十三条,ARTICLE_REFERENCE,前項,821,823
6,第六章　審判,2,第百二十三条,ARTICLE_REFERENCE,第二号,823,826
6,第六章　審判,2,第百二十三条,ARTICLE_REFERENCE,第三十八条,830,835
6,第六章　審判,2,第百二十三条,ARTICLE_REFERENCE,同項,855,857
6,第六章　審判,2,第百二十三条,ARTICLE_REFERENCE,第六号,857,860
6,第六章　審判,2,第百二十三条,TIME_PERIOD,以上,88,90
6,第六章　審判,2,第百二十三条,TIME_PERIOD,から,235,237
6,第六章　審判,2,第百二十三条,TIME_PERIOD,まで,240,242
6,第六章　審判,2,第百二十三条,TIME_PERIOD,から,712,714
6,第六章　審判,2,第百二十三条,TIME_PERIOD,まで,717,719
6,第六章　審判,2,第百二十三条,PROCEDURE,無効審判,10,14
6,第六章　審判,2,第百二十三条,PROCEDURE,無効審判,62,66
6,第六章　審判,2,第百二十三条,PROCEDURE,請求,67,69
6,第六章　審判,2,第百二十三条,PROCEDURE,請求項,91,94
6,第六章　審判,2,第百二十三条,PROCEDURE,請求項,105,108
6,第六章　審判,2,第百二十三条,PROCEDURE,請求,111,113
6,第六章　審判,2,第百二十三条,PROCEDURE,出願,161,163
6,第六章　審判,2,第百二十三条,PROCEDURE,出願,169,171
6,第六章　審判,2,第百二十三条,PROCEDURE,請求,299,301
6,第六章　審判,2,第百二十三条,PROCEDURE,特許権,313,316
6,第六章　審判,2,第百二十三条,PROCEDURE,登録,320,322
6,第六章　審判,2,第百二十三条,PROCEDURE,出願,405,407
6,第六章　審判,2,第百二十三条,PROCEDURE,出願,425,427
6,第六章　審判,2,第百二十三条,PROCEDURE,明細書,440,443
6,第六章　審判,2,第百二十三条,PROCEDURE,請求,446,448
6,第六章　審判,2,第百二十三条,PROCEDURE,図面,453,455
6,第六章　審判,2,第百二十三条,PROCEDURE,発明,495,497
6,第六章　審判,2,第百二十三条,PROCEDURE,出願,518,520
6,第六章　審判,2,第百二十三条,PROCEDURE,請求,544,546
6,第六章　審判,2,第百二十三条,PROCEDURE,特許権,558,561
6,第六章　審判,2,第百二十三条,PROCEDURE,登録,565,567
6,第六章　審判,2,第百二十三条,PROCEDURE,特許権,596,599
6,第六章　審判,2,第百二十三条,PROCEDURE,特許権,612,615
6,第六章　審判,2,第百二十三条,PROCEDURE,明細書,673,676
6,第六章　審判,2,第百二十三条,PROCEDURE,請求,679,681
6,第六章　審判,2,第百二十三条,PROCEDURE,図面,686,688
6,第六章　審判,2,第百二十三条,PROCEDURE,無効審判,809,813
6,第六章　審判,2,第百二十三条,PROCEDURE,無効審判,875,879
6,第六章　審判,2,第百二十三条,PROCEDURE,請求,880,882
6,第六章　審判,2,第百二十三条,PROCEDURE,請求,909,911
6,第六章　審判,2,第百二十三条,PROCEDURE,無効審判,925,929
6,第六章　審判,2,第百二十三条,PROCEDURE,特許権,931,934
6,第六章　審判,2,第百二十三条,PROCEDURE,請求,944,946
6,第六章　審判,2,第百二十三条,PROCEDURE,審判,958,960
6,第六章　審判,2,第百二十三条,PROCEDURE,無効審判,965,969
6,第六章　審判,2,第百二十三条,PROCEDURE,請求,970,972
6,第六章　審判,2,第百二十三条,PROCEDURE,特許権,986,989
6,第六章　審判,2,第百二十三条,PROCEDURE,登録,1010,1012
6,第六章　審判,2,第百二十三条,LEGAL_STATUS,無効,10,12
6,第六章　審判,2,第百二十三条,LEGAL_STATUS,無効,49,51
6,第六章　審判,2,第百二十三条,LEGAL_STATUS,無効,62,64
6,第六章　審判,2,第百二十三条,LEGAL_STATUS,違反,246,248
6,第六章　審判,2,第百二十三条,LEGAL_STATUS,違反,270,272
6,第六章　審判,2,第百二十三条,LEGAL_STATUS,違反,345,347
6,第六章　審判,2,第百二十三条,LEGAL_STATUS,権利,507,509
6,第六章　審判,2,第百二十三条,LEGAL_STATUS,違反,645,647
6,第六章　審判,2,第百二十三条,LEGAL_STATUS,違反,794,796
6,第六章　審判,2,第百二十三条,LEGAL_STATUS,無効,809,811
6,第六章　審判,2,第百二十三条,LEGAL_STATUS,利害関係人,815,820
6,第六章　審判,2,第百二十三条,LEGAL_STATUS,違反,839,841
6,第六章　審判,2,第百二十三条,LEGAL_STATUS,無効,875,877
6,第六章　審判,2,第百二十三条,LEGAL_STATUS,権利,898,900
6,第六章　審判,2,第百二十三条,LEGAL_STATUS,無効,925,927
6,第六章　審判,2,第百二十三条,LEGAL_STATUS,無効,965,967
6,第六章　審判,2,第百二十三条,LEGAL_STATUS,権利,1014,1016
6,第六章　審判,3,第百二十四条,ARTICLE_REFERENCE,第百二十四条,0,6
6,第六章　審判,3,第百二十四条,ARTICLE_REFERENCE,第百二十四条,7,13
6,第六章　審判,4,第百二十五条,ARTICLE_REFERENCE,第百二十五条,0,6
6,第六章　審判,4,第百二十五条,ARTICLE_REFERENCE,第百二十五条,7,13
6,第六章　審判,4,第百二十五条,ARTICLE_REFERENCE,第百二十三条,66,72
6,第六章　審判,4,第百二十五条,ARTICLE_REFERENCE,第一項,72,75
6,第六章　審判,4,第百二十五条,ARTICLE_REFERENCE,第七号,75,78
6,第六章　審判,4,第百二十五条,ARTICLE_REFERENCE,同号,124,126
6,第六章　審判,4,第百二十五条,TIME_PERIOD,から,43,45
6,第六章　審判,4,第百二十五条,TIME_PERIOD,から,136,138
6,第六章　審判,4,第百二十五条,PROCEDURE,特許権,36,39
6,第六章　審判,4,第百二十五条,PROCEDURE,特許権,114,117
6,第六章　審判,4,第百二十五条,LEGAL_STATUS,無効,17,19
6,第六章　審判,4,第百二十五条,LEGAL_STATUS,無効,95,97
6,第六章　審判,5,第百二十五条の二,ARTICLE_REFERENCE,第百二十五条の二,0,8
6,第六章　審判,5,第百二十五条の二,ARTICLE_REFERENCE,第百二十五条の二,20,28
6,第六章　審判,5,第百二十五条の二,ARTICLE_REFERENCE,第六十七条の三,29,36
6,第六章　審判,5,第百二十五条の二,ARTICLE_REFERENCE,第三項,36,39
6,第六章　審判,5,第百二十五条の二,ARTICLE_REFERENCE,各号,47,49
6,第六章　審判,5,第百二十五条の二,ARTICLE_REFERENCE,第六十七条の二,229,236
6,第六章　審判,5,第百二十五条の二,ARTICLE_REFERENCE,第四項,236,239
6,第六章　審判,5,第百二十五条の二,ARTICLE_REFERENCE,前項,269,271
6,第六章　審判,5,第百二十五条の二,ARTICLE_REFERENCE,第百二十三条,304,310
6,第六章　審判,5,第百二十五条の二,ARTICLE_REFERENCE,第三項,310,313
6,第六章　審判,5,第百二十五条の二,ARTICLE_REFERENCE,第四項,315,318
6,第六章　審判,5,第百二十五条の二,ARTICLE_REFERENCE,第一項,323,326
6,第六章　審判,5,第百二十五条の二,ARTICLE_REFERENCE,第六十七条の三,355,362
6,第六章　審判,5,第百二十五条の二,ARTICLE_REFERENCE,第三項,362,365
6,第六章　審判,5,第百二十五条の二,ARTICLE_REFERENCE,第一項,438,441
6,第六章　審判,5,第百二十五条の二,ARTICLE_REFERENCE,第二号,441,444
6,第六章　審判,5,第百二十五条の二,ARTICLE_REFERENCE,前項,539,541
6,第六章　審判,5,第百二十五条の二,ARTICLE_REFERENCE,同項,597,599
6,第六章　審判,5,第百二十五条の二,ARTICLE_REFERENCE,第六十七条,633,638
6,第六章　審判,5,第百二十五条の二,ARTICLE_REFERENCE,第四項,638,641
6,第六章　審判,5,第百二十五条の二,ARTICLE_REFERENCE,第四項,687,690
6,第六章　審判,5,第百二十五条の二,ARTICLE_REFERENCE,同項,746,748
6,第六章　審判,5,第百二十五条の二,ARTICLE_REFERENCE,第六十七条,782,787
6,第六章　審判,5,第百二十五条の二,ARTICLE_REFERENCE,第四項,787,790
6,第六章　審判,5,第百二十五条の二,ARTICLE_REFERENCE,第六十七条の七,801,808
6,第六章　審判,5,第百二十五条の二,ARTICLE_REFERENCE,第三項,808,811
6,第六章　審判,5,第百二十五条の二,TIME_PERIOD,から,414,416
6,第六章　審判,5,第百二十五条の二,TIME_PERIOD,から,551,553
6,第六章　審判,5,第百二十五条の二,TIME_PERIOD,から,700,702
6,第六章　審判,5,第百二十五条の二,TIME_PERIOD,から,850,852
6,第六章　審判,5,第百二十五条の二,ORGANIZATION,特許庁,650,653
6,第六章　審判,5,第百二十五条の二,PROCEDURE,登録,12,14
6,第六章　審判,5,第百二十五条の二,PROCEDURE,無効審判,14,18
6,第六章　審判,5,第百二十五条の二,PROCEDURE,登録,42,44
6,第六章　審判,5,第百二十五条の二,PROCEDURE,登録,67,69
6,第六章　審判,5,第百二十五条の二,PROCEDURE,登録,83,85
6,第六章　審判,5,第百二十五条の二,PROCEDURE,無効審判,85,89
6,第六章　審判,5,第百二十五条の二,PROCEDURE,請求,90,92
6,第六章　審判,5,第百二十五条の二,PROCEDURE,登録,108,110
6,第六章　審判,5,第百二十五条の二,PROCEDURE,出願,126,128
6,第六章　審判,5,第百二十五条の二,PROCEDURE,登録,145,147
6,第六章　審判,5,第百二十五条の二,PROCEDURE,特許権,160,163
6,第六章　審判,5,第百二十五条の二,PROCEDURE,登録,193,195
6,第六章　審判,5,第百二十五条の二,PROCEDURE,特許権,198,201
6,第六章　審判,5,第百二十五条の二,PROCEDURE,出願,207,209
6,第六章　審判,5,第百二十五条の二,PROCEDURE,登録,226,228
6,第六章　審判,5,第百二十五条の二,PROCEDURE,出願,254,256
6,第六章　審判,5,第百二十五条の二,PROCEDURE,登録,274,276
6,第六章　審判,5,第百二十五条の二,PROCEDURE,無効審判,276,280
6,第六章　審判,5,第百二十五条の二,PROCEDURE,請求,290,292
6,第六章　審判,5,第百二十五条の二,PROCEDURE,登録,334,336
6,第六章　審判,5,第百二十五条の二,PROCEDURE,無効審判,336,340
6,第六章　審判,5,第百二十五条の二,PROCEDURE,請求,341,343
6,第六章　審判,5,第百二十五条の二,PROCEDURE,登録,368,370
6,第六章　審判,5,第百二十五条の二,PROCEDURE,登録,394,396
6,第六章　審判,5,第百二十五条の二,PROCEDURE,特許権,399,402
6,第六章　審判,5,第百二十五条の二,PROCEDURE,登録,435,437
6,第六章　審判,5,第百二十五条の二,PROCEDURE,特許権,458,461
6,第六章　審判,5,第百二十五条の二,PROCEDURE,登録,484,486
6,第六章　審判,5,第百二十五条の二,PROCEDURE,登録,569,571
6,第六章　審判,5,第百二十五条の二,PROCEDURE,特許権,574,577
6,第六章　審判,5,第百二十五条の二,PROCEDURE,登録,644,646
6,第六章　審判,5,第百二十五条の二,PROCEDURE,出願,647,649
6,第六章　審判,5,第百二十五条の二,PROCEDURE,出願,666,668
6,第六章　審判,5,第百二十五条の二,PROCEDURE,登録,718,720
6,第六章　審判,5,第百二十五条の二,PROCEDURE,特許権,723,726
6,第六章　審判,5,第百二十五条の二,PROCEDURE,登録,793,795
6,第六章　審判,5,第百二十五条の二,PROCEDURE,出願,796,798
6,第六章　審判,5,第百二十五条の二,PROCEDURE,登録,814,816
6,第六章　審判,5,第百二十五条の二,PROCEDURE,登録,830,832
6,第六章　審判,5,第百二十五条の二,PROCEDURE,特許権,835,838
6,第六章　審判,5,第百二十五条の二,LEGAL_STATUS,無効,14,16
6,第六章　審判,5,第百二十五条の二,LEGAL_STATUS,無効,70,72
6,第六章　審判,5,第百二十五条の二,LEGAL_STATUS,無効,85,87
6,第六章　審判,5,第百二十五条の二,LEGAL_STATUS,無効,276,278
6,第六章　審判,5,第百二十五条の二,LEGAL_STATUS,利害関係人,282,287
6,第六章　審判,5,第百二十五条の二,LEGAL_STATUS,無効,336,338
6,第六章　審判,5,第百二十五条の二,LEGAL_STATUS,無効,371,373
6,第六章　審判,5,第百二十五条の二,LEGAL_STATUS,無効,487,489
6,第六章　審判,6,第百二十五条の三,LAW_REFERENCE,政令,119,121
6,第六章　審判,6,第百二十五条の三,LAW_REFERENCE,政令,221,223
6,第六章　審判,6,第百二十五条の三,ARTICLE_REFERENCE,第百二十五条の三,0,8
6,第六章　審判,6,第百二十五条の三,ARTICLE_REFERENCE,第百二十五条の三,9,17
6,第六章　審判,6,第百二十五条の三,ARTICLE_REFERENCE,第六十七条の七,18,25
6,第六章　審判,6,第百二十五条の三,ARTICLE_REFERENCE,第三項,25,28
6,第六章　審判,6,第百二十五条の三,ARTICLE_REFERENCE,各号,36,38
6,第六章　審判,6,第百二十五条の三,ARTICLE_REFERENCE,第六十七条,110,115
6,第六章　審判,6,第百二十五条の三,ARTICLE_REFERENCE,第四項,115,118
6,第六章　審判,6,第百二十五条の三,ARTICLE_REFERENCE,第六十七条,212,217
6,第六章　審判,6,第百二十五条の三,ARTICLE_REFERENCE,第四項,217,220
6,第六章　審判,6,第百二十五条の三,ARTICLE_REFERENCE,第六十七条の五,346,353
6,第六章　審判,6,第百二十五条の三,ARTICLE_REFERENCE,第四項,353,356
6,第六章　審判,6,第百二十五条の三,ARTICLE_REFERENCE,第六十七条の二,364,371
6,第六章　審判,6,第百二十五条の三,ARTICLE_REFERENCE,第四項,371,374
6,第六章　審判,6,第百二十五条の三,ARTICLE_REFERENCE,前条,404,406
6,第六章　審判,6,第百二十五条の三,ARTICLE_REFERENCE,第二項,406,409
6,第六章　審判,6,第百二十五条の三,ARTICLE_REFERENCE,第三項,411,414
6,第六章　審判,6,第百二十五条の三,ARTICLE_REFERENCE,前項,419,421
6,第六章　審判,6,第百二十五条の三,ARTICLE_REFERENCE,第六十七条の七,450,457
6,第六章　審判,6,第百二十五条の三,ARTICLE_REFERENCE,第三項,457,460
6,第六章　審判,6,第百二十五条の三,ARTICLE_REFERENCE,第一項,533,536
6,第六章　審判,6,第百二十五条の三,ARTICLE_REFERENCE,第三号,536,539
6,第六章　審判,6,第百二十五条の三,TIME_PERIOD,から,509,511
6,第六章　審判,6,第百二十五条の三,PROCEDURE,登録,31,33
6,第六章　審判,6,第百二十五条の三,PROCEDURE,登録,56,58
6,第六章　審判,6,第百二十五条の三,PROCEDURE,登録,72,74
6,第六章　審判,6,第百二十五条の三,PROCEDURE,無効審判,74,78
6,第六章　審判,6,第百二十五条の三,PROCEDURE,請求,79,81
6,第六章　審判,6,第百二十五条の三,PROCEDURE,登録,97,99
6,第六章　審判,6,第百二十五条の三,PROCEDURE,発明,104,106
6,第六章　審判,6,第百二十五条の三,PROCEDURE,出願,151,153
6,第六章　審判,6,第百二十五条の三,PROCEDURE,登録,170,172
6,第六章　審判,6,第百二十五条の三,PROCEDURE,特許権,176,179
6,第六章　審判,6,第百二十五条の三,PROCEDURE,特許権,184,187
6,第六章　審判,6,第百二十五条の三,PROCEDURE,出願,239,241
6,第六章　審判,6,第百二十五条の三,PROCEDURE,登録,258,260
6,第六章　審判,6,第百二十五条の三,PROCEDURE,発明,275,277
6,第六章　審判,6,第百二十五条の三,PROCEDURE,登録,310,312
6,第六章　審判,6,第百二十五条の三,PROCEDURE,特許権,315,318
6,第六章　審判,6,第百二十五条の三,PROCEDURE,出願,324,326
6,第六章　審判,6,第百二十五条の三,PROCEDURE,登録,343,345
6,第六章　審判,6,第百二十五条の三,PROCEDURE,出願,389,391
6,第六章　審判,6,第百二十五条の三,PROCEDURE,登録,429,431
6,第六章　審判,6,第百二十五条の三,PROCEDURE,無効審判,431,435
6,第六章　審判,6,第百二十五条の三,PROCEDURE,請求,436,438
6,第六章　審判,6,第百二十五条の三,PROCEDURE,登録,463,465
6,第六章　審判,6,第百二十五条の三,PROCEDURE,登録,489,491
6,第六章　審判,6,第百二十五条の三,PROCEDURE,特許権,494,497
6,第六章　審判,6,第百二十五条の三,PROCEDURE,登録,530,532
6,第六章　審判,6,第百二十五条の三,PROCEDURE,発明,555,557
6,第六章　審判,6,第百二十五条の三,PROCEDURE,登録,583,585
6,第六章　審判,6,第百二十五条の三,LEGAL_STATUS,無効,59,61
6,第六章　審判,6,第百二十五条の三,LEGAL_STATUS,無効,74,76
6,第六章　審判,6,第百二十五条の三,LEGAL_STATUS,無効,431,433
6,第六章　審判,6,第百二十五条の三,LEGAL_STATUS,無効,466,468
6,第六章　審判,6,第百二十五条の三,LEGAL_STATUS,無効,586,588
6,第六章　審判,7,第百二十六条,ARTICLE_REFERENCE,第百二十六条,0,6
6,第六章　審判,7,第百二十六条,ARTICLE_REFERENCE,第百二十六条,14,20
6,第六章　審判,7,第百二十六条,ARTICLE_REFERENCE,第一項,341,344
6,第六章　審判,7,第百二十六条,ARTICLE_REFERENCE,第一項,454,457
6,第六章　審判,7,第百二十六条,ARTICLE_REFERENCE,前項,498,500
6,第六章　審判,7,第百二十六条,ARTICLE_REFERENCE,第一項,517,520
6,第六章　審判,7,第百二十六条,ARTICLE_REFERENCE,第一項,588,591
6,第六章　審判,7,第百二十六条,ARTICLE_REFERENCE,同項,635,637
6,第六章　審判,7,第百二十六条,ARTICLE_REFERENCE,第二号,641,644
6,第六章　審判,7,第百二十六条,ARTICLE_REFERENCE,第一項,746,749
6,第六章　審判,7,第百二十六条,ARTICLE_REFERENCE,第一項,806,809
6,第六章　審判,7,第百二十六条,ARTICLE_REFERENCE,第一号,813,816
6,第六章　審判,7,第百二十六条,ARTICLE_REFERENCE,第二号,818,821
6,第六章　審判,7,第百二十六条,TIME_PERIOD,から,226,228
6,第六章　審判,7,第百二十六条,TIME_PERIOD,まで,279,281
6,第六章　審判,7,第百二十六条,TIME_PERIOD,以上,301,303
6,第六章　審判,7,第百二十六条,ORGANIZATION,特許庁,217,220
6,第六章　審判,7,第百二十六条,PROCEDURE,審判,10,12
6,第六章　審判,7,第百二十六条,PROCEDURE,特許権,21,24
6,第六章　審判,7,第百二十六条,PROCEDURE,明細書,34,37
6,第六章　審判,7,第百二十六条,PROCEDURE,請求,40,42
6,第六章　審判,7,第百二十六条,PROCEDURE,図面,47,49
6,第六章　審判,7,第百二十六条,PROCEDURE,審判,63,65
6,第六章　審判,7,第百二十六条,PROCEDURE,請求,66,68
6,第六章　審判,7,第百二十六条,PROCEDURE,請求,111,113
6,第六章　審判,7,第百二十六条,PROCEDURE,請求項,149,152
6,第六章　審判,7,第百二十六条,PROCEDURE,請求項,160,163
6,第六章　審判,7,第百二十六条,PROCEDURE,請求項,171,174
6,第六章　審判,7,第百二十六条,PROCEDURE,審判,196,198
6,第六章　審判,7,第百二十六条,PROCEDURE,無効審判,212,216
6,第六章　審判,7,第百二十六条,PROCEDURE,請求項,237,240
6,第六章　審判,7,第百二十六条,PROCEDURE,請求,248,250
6,第六章　審判,7,第百二十六条,PROCEDURE,請求,285,287
6,第六章　審判,7,第百二十六条,PROCEDURE,請求項,304,307
6,第六章　審判,7,第百二十六条,PROCEDURE,請求,319,321
6,第六章　審判,7,第百二十六条,PROCEDURE,請求項,335,338
6,第六章　審判,7,第百二十六条,PROCEDURE,請求,350,352
6,第六章　審判,7,第百二十六条,PROCEDURE,請求項,373,376
6,第六章　審判,7,第百二十六条,PROCEDURE,請求項,382,385
6,第六章　審判,7,第百二十六条,PROCEDURE,請求項,397,400
6,第六章　審判,7,第百二十六条,PROCEDURE,請求,405,407
6,第六章　審判,7,第百二十六条,PROCEDURE,明細書,428,431
6,第六章　審判,7,第百二十六条,PROCEDURE,図面,433,435
6,第六章　審判,7,第百二十六条,PROCEDURE,請求項,448,451
6,第六章　審判,7,第百二十六条,PROCEDURE,請求,463,465
6,第六章　審判,7,第百二十六条,PROCEDURE,明細書,478,481
6,第六章　審判,7,第百二十六条,PROCEDURE,図面,483,485
6,第六章　審判,7,第百二十六条,PROCEDURE,請求項,491,494
6,第六章　審判,7,第百二十六条,PROCEDURE,請求項,511,514
6,第六章　審判,7,第百二十六条,PROCEDURE,請求,526,528
6,第六章　審判,7,第百二十六条,PROCEDURE,明細書,541,544
6,第六章　審判,7,第百二十六条,PROCEDURE,図面,546,548
6,第六章　審判,7,第百二十六条,PROCEDURE,請求項,554,557
6,第六章　審判,7,第百二十六条,PROCEDURE,請求項,563,566
6,第六章　審判,7,第百二十六条,PROCEDURE,明細書,592,595
6,第六章　審判,7,第百二十六条,PROCEDURE,請求,598,600
6,第六章　審判,7,第百二十六条,PROCEDURE,図面,605,607
6,第六章　審判,7,第百二十六条,PROCEDURE,明細書,619,622
6,第六章　審判,7,第百二十六条,PROCEDURE,請求,625,627
6,第六章　審判,7,第百二十六条,PROCEDURE,図面,632,634
6,第六章　審判,7,第百二十六条,PROCEDURE,明細書,677,680
6,第六章　審判,7,第百二十六条,PROCEDURE,請求,683,685
6,第六章　審判,7,第百二十六条,PROCEDURE,図面,690,692
6,第六章　審判,7,第百二十六条,PROCEDURE,出願,698,700
6,第六章　審判,7,第百二十六条,PROCEDURE,明細書,750,753
6,第六章　審判,7,第百二十六条,PROCEDURE,請求,756,758
6,第六章　審判,7,第百二十六条,PROCEDURE,図面,763,765
6,第六章　審判,7,第百二十六条,PROCEDURE,請求,775,777
6,第六章　審判,7,第百二十六条,PROCEDURE,請求,846,848
6,第六章　審判,7,第百二十六条,PROCEDURE,発明,869,871
6,第六章　審判,7,第百二十六条,PROCEDURE,出願,874,876
6,第六章　審判,7,第百二十六条,PROCEDURE,審判,911,913
6,第六章　審判,7,第百二十六条,PROCEDURE,特許権,915,918
6,第六章　審判,7,第百二十六条,PROCEDURE,請求,928,930
6,第六章　審判,7,第百二十六条,PROCEDURE,無効審判,963,967
6,第六章　審判,7,第百二十六条,LEGAL_STATUS,無効,212,214
6,第六章　審判,7,第百二十六条,LEGAL_STATUS,取消,946,948
6,第六章　審判,7,第百二十六条,LEGAL_STATUS,無効,963,965
6,第六章　審判,7,第百二十六条,LEGAL_STATUS,無効,970,972
6,第六章　審判,8,第百二十七条,ARTICLE_REFERENCE,第百二十七条,0,6
6,第六章　審判,8,第百二十七条,ARTICLE_REFERENCE,第百二十七条,7,13
6,第六章　審判,8,第百二十七条,PROCEDURE,特許権,14,17
6,第六章　審判,8,第百二十七条,PROCEDURE,審判,57,59
6,第六章　審判,8,第百二十七条,PROCEDURE,請求,60,62
6,第六章　審判,9,第百二十八条,ARTICLE_REFERENCE,第百二十八条,0,6
6,第六章　審判,9,第百二十八条,ARTICLE_REFERENCE,第百二十八条,7,13
6,第六章　審判,9,第百二十八条,PROCEDURE,明細書,21,24
6,第六章　審判,9,第百二十八条,PROCEDURE,請求,27,29
6,第六章　審判,9,第百二十八条,PROCEDURE,図面,34,36
6,第六章　審判,9,第百二十八条,PROCEDURE,明細書,65,68
6,第六章　審判,9,第百二十八条,PROCEDURE,請求,71,73
6,第六章　審判,9,第百二十八条,PROCEDURE,図面,78,80
6,第六章　審判,9,第百二十八条,PROCEDURE,出願,85,87
6,第六章　審判,9,第百二十八条,PROCEDURE,出願,88,90
6,第六章　審判,9,第百二十八条,PROCEDURE,特許権,109,112
6,第六章　審判,9,第百二十八条,PROCEDURE,登録,116,118
6,第六章　審判,10,第百二十九条及び第百三十条,ARTICLE_REFERENCE,第百二十九条,0,6
6,第六章　審判,10,第百二十九条及び第百三十条,ARTICLE_REFERENCE,第百三十条,8,13
6,第六章　審判,10,第百二十九条及び第百三十条,ARTICLE_REFERENCE,第百二十九条,14,20
6,第六章　審判,10,第百二十九条及び第百三十条,ARTICLE_REFERENCE,第百三十条,22,27
6,第六章　審判,11,第百三十一条,LAW_REFERENCE,省令,260,262
6,第六章　審判,11,第百三十一条,ARTICLE_REFERENCE,第百三十一条,0,6
6,第六章　審判,11,第百三十一条,ARTICLE_REFERENCE,第百三十一条,17,23
6,第六章　審判,11,第百三十一条,ARTICLE_REFERENCE,前項,138,140
6,第六章　審判,11,第百三十一条,ARTICLE_REFERENCE,第三号,140,143
6,第六章　審判,11,第百三十一条,ARTICLE_REFERENCE,第一項,233,236
6,第六章　審判,11,第百三十一条,ARTICLE_REFERENCE,第三号,236,239
6,第六章　審判,11,第百三十一条,ORGANIZATION,特許庁長官,50,55
6,第六章　審判,11,第百三十一条,PROCEDURE,審判,8,10
6,第六章　審判,11,第百三十一条,PROCEDURE,請求,10,12
6,第六章　審判,11,第百三十一条,PROCEDURE,審判,24,26
6,第六章　審判,11,第百三十一条,PROCEDURE,請求,27,29
6,第六章　審判,11,第百三十一条,PROCEDURE,請求,46,48
6,第六章　審判,11,第百三十一条,PROCEDURE,審判,97,99
6,第六章　審判,11,第百三十一条,PROCEDURE,請求,107,109
6,第六章　審判,11,第百三十一条,PROCEDURE,無効審判,123,127
6,第六章　審判,11,第百三十一条,PROCEDURE,請求,128,130
6,第六章　審判,11,第百三十一条,PROCEDURE,請求,147,149
6,第六章　審判,11,第百三十一条,PROCEDURE,審判,220,222
6,第六章　審判,11,第百三十一条,PROCEDURE,請求,223,225
6,第六章　審判,11,第百三十一条,PROCEDURE,請求,243,245
6,第六章　審判,11,第百三十一条,PROCEDURE,審判,293,295
6,第六章　審判,11,第百三十一条,PROCEDURE,請求,296,298
6,第六章　審判,11,第百三十一条,PROCEDURE,請求,304,306
6,第六章　審判,11,第百三十一条,PROCEDURE,明細書,312,315
6,第六章　審判,11,第百三十一条,PROCEDURE,請求,318,320
6,第六章　審判,11,第百三十一条,PROCEDURE,図面,325,327
6,第六章　審判,11,第百三十一条,LEGAL_STATUS,代理人,76,79
6,第六章　審判,11,第百三十一条,LEGAL_STATUS,無効,123,125
6,第六章　審判,11,第百三十一条,LEGAL_STATUS,無効,157,159
6,第六章　審判,12,第百三十一条の二,ARTICLE_REFERENCE,第百三十一条の二,0,8
6,第六章　審判,12,第百三十一条の二,ARTICLE_REFERENCE,第百三十一条の二,20,28
6,第六章　審判,12,第百三十一条の二,ARTICLE_REFERENCE,前条,29,31
6,第六章　審判,12,第百三十一条の二,ARTICLE_REFERENCE,第一項,31,34
6,第六章　審判,12,第百三十一条の二,ARTICLE_REFERENCE,各号,84,86
6,第六章　審判,12,第百三十一条の二,ARTICLE_REFERENCE,前条,133,135
6,第六章　審判,12,第百三十一条の二,ARTICLE_REFERENCE,第一項,135,138
6,第六章　審判,12,第百三十一条の二,ARTICLE_REFERENCE,第三号,138,141
6,第六章　審判,12,第百三十一条の二,ARTICLE_REFERENCE,次項,163,165
6,第六章　審判,12,第百三十一条の二,ARTICLE_REFERENCE,第百三十三条,192,198
6,第六章　審判,12,第百三十一条の二,ARTICLE_REFERENCE,第一項,198,201
6,第六章　審判,12,第百三十一条の二,ARTICLE_REFERENCE,第百二十条の五,202,209
6,第六章　審判,12,第百三十一条の二,ARTICLE_REFERENCE,第九項,209,212
6,第六章　審判,12,第百三十一条の二,ARTICLE_REFERENCE,第百三十四条の二,214,222
6,第六章　審判,12,第百三十一条の二,ARTICLE_REFERENCE,第九項,222,225
6,第六章　審判,12,第百三十一条の二,ARTICLE_REFERENCE,前条,321,323
6,第六章　審判,12,第百三十一条の二,ARTICLE_REFERENCE,第一項,323,326
6,第六章　審判,12,第百三十一条の二,ARTICLE_REFERENCE,第三号,326,329
6,第六章　審判,12,第百三十一条の二,ARTICLE_REFERENCE,各号,403,405
6,第六章　審判,12,第百三十一条の二,ARTICLE_REFERENCE,第百三十四条の二,466,474
6,第六章　審判,12,第百三十一条の二,ARTICLE_REFERENCE,第一項,474,477
6,第六章　審判,12,第百三十一条の二,ARTICLE_REFERENCE,前号,519,521
6,第六章　審判,12,第百三十一条の二,ARTICLE_REFERENCE,前項,595,597
6,第六章　審判,12,第百三十一条の二,ARTICLE_REFERENCE,第百三十四条,618,624
6,第六章　審判,12,第百三十一条の二,ARTICLE_REFERENCE,第一項,624,627
6,第六章　審判,12,第百三十一条の二,ARTICLE_REFERENCE,第二項,670,673
6,第六章　審判,12,第百三十一条の二,PROCEDURE,審判,10,12
6,第六章　審判,12,第百三十一条の二,PROCEDURE,請求,12,14
6,第六章　審判,12,第百三十一条の二,PROCEDURE,請求,44,46
6,第六章　審判,12,第百三十一条の二,PROCEDURE,無効審判,113,117
6,第六章　審判,12,第百三十一条の二,PROCEDURE,審判,120,122
6,第六章　審判,12,第百三十一条の二,PROCEDURE,請求,123,125
6,第六章　審判,12,第百三十一条の二,PROCEDURE,請求,145,147
6,第六章　審判,12,第百三十一条の二,PROCEDURE,審判,171,173
6,第六章　審判,12,第百三十一条の二,PROCEDURE,請求,249,251
6,第六章　審判,12,第百三十一条の二,PROCEDURE,審判,299,301
6,第六章　審判,12,第百三十一条の二,PROCEDURE,無効審判,306,310
6,第六章　審判,12,第百三十一条の二,PROCEDURE,請求,311,313
6,第六章　審判,12,第百三十一条の二,PROCEDURE,請求,333,335
6,第六章　審判,12,第百三十一条の二,PROCEDURE,無効審判,458,462
6,第六章　審判,12,第百三十一条の二,PROCEDURE,請求,481,483
6,第六章　審判,12,第百三十一条の二,PROCEDURE,請求,492,494
6,第六章　審判,12,第百三十一条の二,PROCEDURE,請求,497,499
6,第六章　審判,12,第百三十一条の二,PROCEDURE,請求,537,539
6,第六章　審判,12,第百三十一条の二,PROCEDURE,審判,543,545
6,第六章　審判,12,第百三十一条の二,PROCEDURE,請求,545,547
6,第六章　審判,12,第百三十一条の二,PROCEDURE,請求,549,551
6,第六章　審判,12,第百三十一条の二,PROCEDURE,請求,576,578
6,第六章　審判,12,第百三十一条の二,PROCEDURE,請求,633,635
6,第六章　審判,12,第百三十一条の二,LEGAL_STATUS,無効,113,115
6,第六章　審判,12,第百三十一条の二,LEGAL_STATUS,無効,306,308
6,第六章　審判,12,第百三十一条の二,LEGAL_STATUS,無効,458,460
6,第六章　審判,13,第百三十二条,ARTICLE_REFERENCE,第百三十二条,0,6
6,第六章　審判,13,第百三十二条,ARTICLE_REFERENCE,第百三十二条,14,20
6,第六章　審判,13,第百三十二条,ARTICLE_REFERENCE,第一項,219,222
6,第六章　審判,13,第百三十二条,ARTICLE_REFERENCE,前項,226,228
6,第六章　審判,13,第百三十二条,ARTICLE_REFERENCE,第二項,244,247
6,第六章　審判,13,第百三十二条,TIME_PERIOD,以上,56,58
6,第六章　審判,13,第百三十二条,PROCEDURE,審判,10,12
6,第六章　審判,13,第百三十二条,PROCEDURE,特許権,24,27
6,第六章　審判,13,第百三十二条,PROCEDURE,無効審判,33,37
6,第六章　審判,13,第百三十二条,PROCEDURE,登録,41,43
6,第六章　審判,13,第百三十二条,PROCEDURE,無効審判,43,47
6,第六章　審判,13,第百三十二条,PROCEDURE,請求,48,50
6,第六章　審判,13,第百三十二条,PROCEDURE,審判,75,77
6,第六章　審判,13,第百三十二条,PROCEDURE,請求,78,80
6,第六章　審判,13,第百三十二条,PROCEDURE,特許権,97,100
6,第六章　審判,13,第百三十二条,PROCEDURE,特許権,104,107
6,第六章　審判,13,第百三十二条,PROCEDURE,審判,111,113
6,第六章　審判,13,第百三十二条,PROCEDURE,請求,114,116
6,第六章　審判,13,第百三十二条,PROCEDURE,請求,130,132
6,第六章　審判,13,第百三十二条,PROCEDURE,請求,136,138
6,第六章　審判,13,第百三十二条,PROCEDURE,特許権,151,154
6,第六章　審判,13,第百三十二条,PROCEDURE,審判,182,184
6,第六章　審判,13,第百三十二条,PROCEDURE,請求,185,187
6,第六章　審判,13,第百三十二条,PROCEDURE,請求,204,206
6,第六章　審判,13,第百三十二条,PROCEDURE,審判,234,236
6,第六章　審判,13,第百三十二条,PROCEDURE,請求,237,239
6,第六章　審判,13,第百三十二条,PROCEDURE,審判,253,255
6,第六章　審判,13,第百三十二条,PROCEDURE,請求,256,258
6,第六章　審判,13,第百三十二条,PROCEDURE,審判,270,272
6,第六章　審判,13,第百三十二条,LEGAL_STATUS,無効,33,35
6,第六章　審判,13,第百三十二条,LEGAL_STATUS,無効,43,45
6,第六章　審判,13,第百三十二条,LEGAL_STATUS,権利,162,164
6,第六章　審判,13,第百三十二条,LEGAL_STATUS,権利,176,178
6,第六章　審判,13,第百三十二条,LEGAL_STATUS,効力,309,311
6,第六章　審判,14,第百三十三条,LAW_REFERENCE,の規定に違反しているとき。 二 手続がこの法律又はこの法,214,242
6,第六章　審判,14,第百三十三条,ARTICLE_REFERENCE,第百三十三条,0,6
6,第六章　審判,14,第百三十三条,ARTICLE_REFERENCE,第百三十三条,27,33
6,第六章　審判,14,第百三十三条,ARTICLE_REFERENCE,第百三十一条,43,49
6,第六章　審判,14,第百三十三条,ARTICLE_REFERENCE,前項,116,118
6,第六章　審判,14,第百三十三条,ARTICLE_REFERENCE,各号,145,147
6,第六章　審判,14,第百三十三条,ARTICLE_REFERENCE,第七条,196,199
6,第六章　審判,14,第百三十三条,ARTICLE_REFERENCE,第一項,199,202
6,第六章　審判,14,第百三十三条,ARTICLE_REFERENCE,第三項,204,207
6,第六章　審判,14,第百三十三条,ARTICLE_REFERENCE,第九条,211,214
6,第六章　審判,14,第百三十三条,ARTICLE_REFERENCE,第百九十五条,274,280
6,第六章　審判,14,第百三十三条,ARTICLE_REFERENCE,第一項,280,283
6,第六章　審判,14,第百三十三条,ARTICLE_REFERENCE,第二項,285,288
6,第六章　審判,14,第百三十三条,ARTICLE_REFERENCE,第百三十一条の二,394,402
6,第六章　審判,14,第百三十三条,ARTICLE_REFERENCE,第一項,402,405
6,第六章　審判,14,第百三十三条,ARTICLE_REFERENCE,前項,442,444
6,第六章　審判,14,第百三十三条,TIME_PERIOD,から,202,204
6,第六章　審判,14,第百三十三条,TIME_PERIOD,まで,207,209
6,第六章　審判,14,第百三十三条,MONEY_AMOUNT,手数料,299,302
6,第六章　審判,14,第百三十三条,PROCEDURE,審判,34,36
6,第六章　審判,14,第百三十三条,PROCEDURE,請求,39,41
6,第六章　審判,14,第百三十三条,PROCEDURE,請求,63,65
6,第六章　審判,14,第百三十三条,PROCEDURE,請求,81,83
6,第六章　審判,14,第百三十三条,PROCEDURE,審判,111,113
6,第六章　審判,14,第百三十三条,PROCEDURE,審判,129,131
6,第六章　審判,14,第百三十三条,PROCEDURE,審判,314,316
6,第六章　審判,14,第百三十三条,PROCEDURE,審判,329,331
6,第六章　審判,14,第百三十三条,LEGAL_STATUS,違反,11,13
6,第六章　審判,14,第百三十三条,LEGAL_STATUS,却下,23,25
6,第六章　審判,14,第百三十三条,LEGAL_STATUS,違反,53,55
6,第六章　審判,14,第百三十三条,LEGAL_STATUS,違反,218,220
6,第六章　審判,14,第百三十三条,LEGAL_STATUS,違反,256,258
6,第六章　審判,14,第百三十三条,LEGAL_STATUS,違反,409,411
6,第六章　審判,14,第百三十三条,LEGAL_STATUS,却下,428,430
6,第六章　審判,15,第百三十三条の二,LAW_REFERENCE,"の二
（不適法",6,13
6,第六章　審判,15,第百三十三条の二,LAW_REFERENCE,の二 審判長は、審判事件に係る手続（審判の請求を除く。）において、不適法,27,63
6,第六章　審判,15,第百三十三条の二,ARTICLE_REFERENCE,第百三十三条の二,0,8
6,第六章　審判,15,第百三十三条の二,ARTICLE_REFERENCE,第百三十三条の二,21,29
6,第六章　審判,15,第百三十三条の二,ARTICLE_REFERENCE,前項,117,119
6,第六章　審判,15,第百三十三条の二,ARTICLE_REFERENCE,第一項,192,195
6,第六章　審判,15,第百三十三条の二,PROCEDURE,審判,30,32
6,第六章　審判,15,第百三十三条の二,PROCEDURE,審判,35,37
6,第六章　審判,15,第百三十三条の二,PROCEDURE,審判,45,47
6,第六章　審判,15,第百三十三条の二,PROCEDURE,請求,48,50
6,第六章　審判,15,第百三十三条の二,LEGAL_STATUS,却下,17,19
6,第六章　審判,15,第百三十三条の二,LEGAL_STATUS,却下,103,105
6,第六章　審判,15,第百三十三条の二,LEGAL_STATUS,却下,125,127
6,第六章　審判,16,第百三十四条,ARTICLE_REFERENCE,第百三十四条,0,6
6,第六章　審判,16,第百三十四条,ARTICLE_REFERENCE,第百三十四条,17,23
6,第六章　審判,16,第百三十四条,ARTICLE_REFERENCE,第百三十一条の二,99,107
6,第六章　審判,16,第百三十四条,ARTICLE_REFERENCE,第二項,107,110
6,第六章　審判,16,第百三十四条,ARTICLE_REFERENCE,第一項,251,254
6,第六章　審判,16,第百三十四条,ARTICLE_REFERENCE,前項,256,258
6,第六章　審判,16,第百三十四条,PROCEDURE,審判,24,26
6,第六章　審判,16,第百三十四条,PROCEDURE,審判,29,31
6,第六章　審判,16,第百三十四条,PROCEDURE,請求,32,34
6,第六章　審判,16,第百三十四条,PROCEDURE,請求,42,44
6,第六章　審判,16,第百三十四条,PROCEDURE,請求,50,52
6,第六章　審判,16,第百三十四条,PROCEDURE,審判,94,96
6,第六章　審判,16,第百三十四条,PROCEDURE,請求,116,118
6,第六章　審判,16,第百三十四条,PROCEDURE,請求,148,150
6,第六章　審判,16,第百三十四条,PROCEDURE,請求,194,196
6,第六章　審判,16,第百三十四条,PROCEDURE,審判,246,248
6,第六章　審判,16,第百三十四条,PROCEDURE,請求,278,280
6,第六章　審判,16,第百三十四条,PROCEDURE,審判,297,299
6,第六章　審判,16,第百三十四条,PROCEDURE,審判,302,304
6,第六章　審判,17,第百三十四条の二,ARTICLE_REFERENCE,第百三十四条の二,0,8
6,第六章　審判,17,第百三十四条の二,ARTICLE_REFERENCE,第百三十四条の二,27,35
6,第六章　審判,17,第百三十四条の二,ARTICLE_REFERENCE,前条,49,51
6,第六章　審判,17,第百三十四条の二,ARTICLE_REFERENCE,第一項,51,54
6,第六章　審判,17,第百三十四条の二,ARTICLE_REFERENCE,第二項,58,61
6,第六章　審判,17,第百三十四条の二,ARTICLE_REFERENCE,次条,62,64
6,第六章　審判,17,第百三十四条の二,ARTICLE_REFERENCE,第百五十三条,65,71
6,第六章　審判,17,第百三十四条の二,ARTICLE_REFERENCE,第二項,71,74
6,第六章　審判,17,第百三十四条の二,ARTICLE_REFERENCE,第百六十四条の二,76,84
6,第六章　審判,17,第百三十四条の二,ARTICLE_REFERENCE,第二項,84,87
6,第六章　審判,17,第百三十四条の二,ARTICLE_REFERENCE,前項,300,302
6,第六章　審判,17,第百三十四条の二,ARTICLE_REFERENCE,同項,354,356
6,第六章　審判,17,第百三十四条の二,ARTICLE_REFERENCE,前項,376,378
6,第六章　審判,17,第百三十四条の二,ARTICLE_REFERENCE,第一項,441,444
6,第六章　審判,17,第百三十四条の二,ARTICLE_REFERENCE,第一項,520,523
6,第六章　審判,17,第百三十四条の二,ARTICLE_REFERENCE,同項,530,532
6,第六章　審判,17,第百三十四条の二,ARTICLE_REFERENCE,各号,536,538
6,第六章　審判,17,第百三十四条の二,ARTICLE_REFERENCE,第九項,553,556
6,第六章　審判,17,第百三十四条の二,ARTICLE_REFERENCE,第百二十六条,569,575
6,第六章　審判,17,第百三十四条の二,ARTICLE_REFERENCE,第五項,575,578
6,第六章　審判,17,第百三十四条の二,ARTICLE_REFERENCE,第七項,580,583
6,第六章　審判,17,第百三十四条の二,ARTICLE_REFERENCE,第一項,725,728
6,第六章　審判,17,第百三十四条の二,ARTICLE_REFERENCE,第一項,796,799
6,第六章　審判,17,第百三十四条の二,ARTICLE_REFERENCE,同項,807,809
6,第六章　審判,17,第百三十四条の二,ARTICLE_REFERENCE,第十七条の五,845,851
6,第六章　審判,17,第百三十四条の二,ARTICLE_REFERENCE,第二項,851,854
6,第六章　審判,17,第百三十四条の二,ARTICLE_REFERENCE,第一項,894,897
6,第六章　審判,17,第百三十四条の二,ARTICLE_REFERENCE,第二項,904,907
6,第六章　審判,17,第百三十四条の二,ARTICLE_REFERENCE,第三項,909,912
6,第六章　審判,17,第百三十四条の二,ARTICLE_REFERENCE,第百五十五条,965,971
6,第六章　審判,17,第百三十四条の二,ARTICLE_REFERENCE,第三項,971,974
6,第六章　審判,17,第百三十四条の二,ARTICLE_REFERENCE,第一項,1007,1010
6,第六章　審判,17,第百三十四条の二,ARTICLE_REFERENCE,同項,1080,1082
6,第六章　審判,17,第百三十四条の二,ARTICLE_REFERENCE,第百二十六条,1109,1115
6,第六章　審判,17,第百三十四条の二,ARTICLE_REFERENCE,第四項,1115,1118
6,第六章　審判,17,第百三十四条の二,ARTICLE_REFERENCE,第八項,1120,1123
6,第六章　審判,17,第百三十四条の二,ARTICLE_REFERENCE,第百二十七条,1126,1132
6,第六章　審判,17,第百三十四条の二,ARTICLE_REFERENCE,第百二十八条,1133,1139
6,第六章　審判,17,第百三十四条の二,ARTICLE_REFERENCE,第百三十一条,1140,1146
6,第六章　審判,17,第百三十四条の二,ARTICLE_REFERENCE,第一項,1146,1149
6,第六章　審判,17,第百三十四条の二,ARTICLE_REFERENCE,第三項,1150,1153
6,第六章　審判,17,第百三十四条の二,ARTICLE_REFERENCE,第四項,1155,1158
6,第六章　審判,17,第百三十四条の二,ARTICLE_REFERENCE,第百三十一条の二,1159,1167
6,第六章　審判,17,第百三十四条の二,ARTICLE_REFERENCE,第一項,1167,1170
6,第六章　審判,17,第百三十四条の二,ARTICLE_REFERENCE,第百三十二条,1171,1177
6,第六章　審判,17,第百三十四条の二,ARTICLE_REFERENCE,第三項,1177,1180
6,第六章　審判,17,第百三十四条の二,ARTICLE_REFERENCE,第四項,1182,1185
6,第六章　審判,17,第百三十四条の二,ARTICLE_REFERENCE,第百三十三条,1188,1194
6,第六章　審判,17,第百三十四条の二,ARTICLE_REFERENCE,第一項,1194,1197
6,第六章　審判,17,第百三十四条の二,ARTICLE_REFERENCE,第三項,1198,1201
6,第六章　審判,17,第百三十四条の二,ARTICLE_REFERENCE,第四項,1203,1206
6,第六章　審判,17,第百三十四条の二,ARTICLE_REFERENCE,第一項,1211,1214
6,第六章　審判,17,第百三十四条の二,ARTICLE_REFERENCE,第百二十六条,1232,1238
6,第六章　審判,17,第百三十四条の二,ARTICLE_REFERENCE,第七項,1238,1241
6,第六章　審判,17,第百三十四条の二,ARTICLE_REFERENCE,第一項,1243,1246
6,第六章　審判,17,第百三十四条の二,ARTICLE_REFERENCE,第一号,1250,1253
6,第六章　審判,17,第百三十四条の二,ARTICLE_REFERENCE,第二号,1255,1258
6,第六章　審判,17,第百三十四条の二,ARTICLE_REFERENCE,第一項,1288,1291
6,第六章　審判,17,第百三十四条の二,ARTICLE_REFERENCE,第一号,1295,1298
6,第六章　審判,17,第百三十四条の二,ARTICLE_REFERENCE,第二号,1300,1303
6,第六章　審判,17,第百三十四条の二,TIME_PERIOD,以上,260,262
6,第六章　審判,17,第百三十四条の二,TIME_PERIOD,から,578,580
6,第六章　審判,17,第百三十四条の二,TIME_PERIOD,まで,583,585
6,第六章　審判,17,第百三十四条の二,TIME_PERIOD,から,1118,1120
6,第六章　審判,17,第百三十四条の二,TIME_PERIOD,まで,1123,1125
6,第六章　審判,17,第百三十四条の二,ORGANIZATION,審判官,515,518
6,第六章　審判,17,第百三十四条の二,PROCEDURE,無効審判,12,16
6,第六章　審判,17,第百三十四条の二,PROCEDURE,請求,23,25
6,第六章　審判,17,第百三十四条の二,PROCEDURE,無効審判,38,42
6,第六章　審判,17,第百三十四条の二,PROCEDURE,請求,44,46
6,第六章　審判,17,第百三十四条の二,PROCEDURE,明細書,112,115
6,第六章　審判,17,第百三十四条の二,PROCEDURE,請求,118,120
6,第六章　審判,17,第百三十四条の二,PROCEDURE,図面,125,127
6,第六章　審判,17,第百三十四条の二,PROCEDURE,請求,131,133
6,第六章　審判,17,第百三十四条の二,PROCEDURE,請求,176,178
6,第六章　審判,17,第百三十四条の二,PROCEDURE,請求項,214,217
6,第六章　審判,17,第百三十四条の二,PROCEDURE,請求項,225,228
6,第六章　審判,17,第百三十四条の二,PROCEDURE,請求項,236,239
6,第六章　審判,17,第百三十四条の二,PROCEDURE,請求項,263,266
6,第六章　審判,17,第百三十四条の二,PROCEDURE,請求,278,280
6,第六章　審判,17,第百三十四条の二,PROCEDURE,請求項,294,297
6,第六章　審判,17,第百三十四条の二,PROCEDURE,請求,306,308
6,第六章　審判,17,第百三十四条の二,PROCEDURE,無効審判,324,328
6,第六章　審判,17,第百三十四条の二,PROCEDURE,請求項,329,332
6,第六章　審判,17,第百三十四条の二,PROCEDURE,請求,335,337
6,第六章　審判,17,第百三十四条の二,PROCEDURE,請求項,348,351
6,第六章　審判,17,第百三十四条の二,PROCEDURE,請求,360,362
6,第六章　審判,17,第百三十四条の二,PROCEDURE,請求項,388,391
6,第六章　審判,17,第百三十四条の二,PROCEDURE,請求項,397,400
6,第六章　審判,17,第百三十四条の二,PROCEDURE,請求項,412,415
6,第六章　審判,17,第百三十四条の二,PROCEDURE,請求,420,422
6,第六章　審判,17,第百三十四条の二,PROCEDURE,審判,436,438
6,第六章　審判,17,第百三十四条の二,PROCEDURE,請求,448,450
6,第六章　審判,17,第百三十四条の二,PROCEDURE,明細書,465,468
6,第六章　審判,17,第百三十四条の二,PROCEDURE,請求,471,473
6,第六章　審判,17,第百三十四条の二,PROCEDURE,図面,478,480
6,第六章　審判,17,第百三十四条の二,PROCEDURE,請求,496,498
6,第六章　審判,17,第百三十四条の二,PROCEDURE,審判,515,517
6,第六章　審判,17,第百三十四条の二,PROCEDURE,請求,527,529
6,第六章　審判,17,第百三十四条の二,PROCEDURE,請求,654,656
6,第六章　審判,17,第百三十四条の二,PROCEDURE,審判,665,667
6,第六章　審判,17,第百三十四条の二,PROCEDURE,請求,732,734
6,第六章　審判,17,第百三十四条の二,PROCEDURE,審判,747,749
6,第六章　審判,17,第百三十四条の二,PROCEDURE,請求,762,764
6,第六章　審判,17,第百三十四条の二,PROCEDURE,請求,775,777
6,第六章　審判,17,第百三十四条の二,PROCEDURE,請求,803,805
6,第六章　審判,17,第百三十四条の二,PROCEDURE,請求,813,815
6,第六章　審判,17,第百三十四条の二,PROCEDURE,明細書,826,829
6,第六章　審判,17,第百三十四条の二,PROCEDURE,請求,832,834
6,第六章　審判,17,第百三十四条の二,PROCEDURE,図面,839,841
6,第六章　審判,17,第百三十四条の二,PROCEDURE,請求,901,903
6,第六章　審判,17,第百三十四条の二,PROCEDURE,請求項,918,921
6,第六章　審判,17,第百三十四条の二,PROCEDURE,請求項,929,932
6,第六章　審判,17,第百三十四条の二,PROCEDURE,請求,946,948
6,第六章　審判,17,第百三十四条の二,PROCEDURE,無効審判,982,986
6,第六章　審判,17,第百三十四条の二,PROCEDURE,請求,987,989
6,第六章　審判,17,第百三十四条の二,PROCEDURE,請求項,990,993
6,第六章　審判,17,第百三十四条の二,PROCEDURE,請求,1014,1016
6,第六章　審判,17,第百三十四条の二,PROCEDURE,請求項,1020,1023
6,第六章　審判,17,第百三十四条の二,PROCEDURE,無効審判,1042,1046
6,第六章　審判,17,第百三十四条の二,PROCEDURE,審判,1047,1049
6,第六章　審判,17,第百三十四条の二,PROCEDURE,請求,1057,1059
6,第六章　審判,17,第百三十四条の二,PROCEDURE,審判,1073,1075
6,第六章　審判,17,第百三十四条の二,PROCEDURE,請求,1086,1088
6,第六章　審判,17,第百三十四条の二,PROCEDURE,無効審判,1268,1272
6,第六章　審判,17,第百三十四条の二,PROCEDURE,請求,1273,1275
6,第六章　審判,17,第百三十四条の二,PROCEDURE,請求項,1282,1285
6,第六章　審判,17,第百三十四条の二,LEGAL_STATUS,無効,12,14
6,第六章　審判,17,第百三十四条の二,LEGAL_STATUS,無効,38,40
6,第六章　審判,17,第百三十四条の二,LEGAL_STATUS,無効,324,326
6,第六章　審判,17,第百三十四条の二,LEGAL_STATUS,無効,982,984
6,第六章　審判,17,第百三十四条の二,LEGAL_STATUS,無効,1042,1044
6,第六章　審判,17,第百三十四条の二,LEGAL_STATUS,無効,1268,1270
6,第六章　審判,18,第百三十四条の三,ARTICLE_REFERENCE,第百三十四条の三,0,8
6,第六章　審判,18,第百三十四条の三,ARTICLE_REFERENCE,第百三十四条の三,33,41
6,第六章　審判,18,第百三十四条の三,ARTICLE_REFERENCE,第百八十一条,82,88
6,第六章　審判,18,第百三十四条の三,ARTICLE_REFERENCE,第一項,88,91
6,第六章　審判,18,第百三十四条の三,ARTICLE_REFERENCE,同条,108,110
6,第六章　審判,18,第百三十四条の三,ARTICLE_REFERENCE,第二項,110,113
6,第六章　審判,18,第百三十四条の三,TIME_PERIOD,から,139,141
6,第六章　審判,18,第百三十四条の三,TIME_PERIOD,一週間,141,144
6,第六章　審判,18,第百三十四条の三,TIME_PERIOD,以内,144,146
6,第六章　審判,18,第百三十四条の三,TIME_PERIOD,から,151,153
6,第六章　審判,18,第百三十四条の三,PROCEDURE,請求,29,31
6,第六章　審判,18,第百三十四条の三,PROCEDURE,審判,42,44
6,第六章　審判,18,第百三十四条の三,PROCEDURE,無効審判,49,53
6,第六章　審判,18,第百三十四条の三,PROCEDURE,審判,57,59
6,第六章　審判,18,第百三十四条の三,PROCEDURE,請求,60,62
6,第六章　審判,18,第百三十四条の三,PROCEDURE,請求,148,150
6,第六章　審判,18,第百三十四条の三,PROCEDURE,請求,167,169
6,第六章　審判,18,第百三十四条の三,PROCEDURE,明細書,181,184
6,第六章　審判,18,第百三十四条の三,PROCEDURE,請求,187,189
6,第六章　審判,18,第百三十四条の三,PROCEDURE,図面,194,196
6,第六章　審判,18,第百三十四条の三,PROCEDURE,請求,200,202
6,第六章　審判,18,第百三十四条の三,LEGAL_STATUS,取消,10,12
6,第六章　審判,18,第百三十四条の三,LEGAL_STATUS,無効,49,51
6,第六章　審判,18,第百三十四条の三,LEGAL_STATUS,取消,97,99
6,第六章　審判,19,第百三十五条,LAW_REFERENCE,"
（不適法",6,11
6,第六章　審判,19,第百三十五条,LAW_REFERENCE, 不適法,32,36
6,第六章　審判,19,第百三十五条,ARTICLE_REFERENCE,第百三十五条,0,6
6,第六章　審判,19,第百三十五条,ARTICLE_REFERENCE,第百三十五条,26,32
6,第六章　審判,19,第百三十五条,PROCEDURE,審判,12,14
6,第六章　審判,19,第百三十五条,PROCEDURE,請求,14,16
6,第六章　審判,19,第百三十五条,PROCEDURE,審判,37,39
6,第六章　審判,19,第百三十五条,PROCEDURE,請求,40,42
6,第六章　審判,19,第百三十五条,PROCEDURE,請求,70,72
6,第六章　審判,19,第百三十五条,LEGAL_STATUS,却下,22,24
6,第六章　審判,19,第百三十五条,LEGAL_STATUS,却下,100,102
6,第六章　審判,20,第百三十六条,LAW_REFERENCE,政令,80,82
6,第六章　審判,20,第百三十六条,ARTICLE_REFERENCE,第百三十六条,0,6
6,第六章　審判,20,第百三十六条,ARTICLE_REFERENCE,第百三十六条,16,22
6,第六章　審判,20,第百三十六条,ARTICLE_REFERENCE,前項,48,50
6,第六章　審判,20,第百三十六条,ORGANIZATION,審判官,34,37
6,第六章　審判,20,第百三十六条,ORGANIZATION,審判官,72,75
6,第六章　審判,20,第百三十六条,PROCEDURE,審判,8,10
6,第六章　審判,20,第百三十六条,PROCEDURE,審判,23,25
6,第六章　審判,20,第百三十六条,PROCEDURE,審判,34,36
6,第六章　審判,20,第百三十六条,PROCEDURE,審判,72,74
6,第六章　審判,21,第百三十七条,ARTICLE_REFERENCE,第百三十七条,0,6
6,第六章　審判,21,第百三十七条,ARTICLE_REFERENCE,第百三十七条,16,22
6,第六章　審判,21,第百三十七条,ARTICLE_REFERENCE,第百六十二条,36,42
6,第六章　審判,21,第百三十七条,ARTICLE_REFERENCE,第百六十四条,71,77
6,第六章　審判,21,第百三十七条,ARTICLE_REFERENCE,第三項,77,80
6,第六章　審判,21,第百三十七条,ARTICLE_REFERENCE,前条,103,105
6,第六章　審判,21,第百三十七条,ARTICLE_REFERENCE,第一項,105,108
6,第六章　審判,21,第百三十七条,ARTICLE_REFERENCE,前項,144,146
6,第六章　審判,21,第百三十七条,ORGANIZATION,審判官,8,11
6,第六章　審判,21,第百三十七条,ORGANIZATION,特許庁長官,23,28
6,第六章　審判,21,第百三十七条,ORGANIZATION,審査官,48,51
6,第六章　審判,21,第百三十七条,ORGANIZATION,審判官,118,121
6,第六章　審判,21,第百三十七条,ORGANIZATION,特許庁長官,137,142
6,第六章　審判,21,第百三十七条,ORGANIZATION,審判官,156,159
6,第六章　審判,21,第百三十七条,ORGANIZATION,審判官,195,198
6,第六章　審判,21,第百三十七条,PROCEDURE,審判,8,10
6,第六章　審判,21,第百三十七条,PROCEDURE,審判,31,33
6,第六章　審判,21,第百三十七条,PROCEDURE,審査,48,50
6,第六章　審判,21,第百三十七条,PROCEDURE,請求,54,56
6,第六章　審判,21,第百三十七条,PROCEDURE,審査,57,59
6,第六章　審判,21,第百三十七条,PROCEDURE,審判,61,63
6,第六章　審判,21,第百三十七条,PROCEDURE,審判,118,120
6,第六章　審判,21,第百三十七条,PROCEDURE,審判,156,158
6,第六章　審判,21,第百三十七条,PROCEDURE,審判,162,164
6,第六章　審判,21,第百三十七条,PROCEDURE,審判,195,197
6,第六章　審判,22,第百三十八条,ARTICLE_REFERENCE,第百三十八条,0,6
6,第六章　審判,22,第百三十八条,ARTICLE_REFERENCE,第百三十八条,13,19
6,第六章　審判,22,第百三十八条,ARTICLE_REFERENCE,前条,27,29
6,第六章　審判,22,第百三十八条,ARTICLE_REFERENCE,第一項,29,32
6,第六章　審判,22,第百三十八条,ORGANIZATION,特許庁長官,20,25
6,第六章　審判,22,第百三十八条,ORGANIZATION,審判官,42,45
6,第六章　審判,22,第百三十八条,PROCEDURE,審判,8,10
6,第六章　審判,22,第百三十八条,PROCEDURE,審判,42,44
6,第六章　審判,22,第百三十八条,PROCEDURE,審判,51,53
6,第六章　審判,22,第百三十八条,PROCEDURE,審判,72,74
6,第六章　審判,22,第百三十八条,PROCEDURE,審判,79,81
6,第六章　審判,23,第百三十九条,ARTICLE_REFERENCE,第百三十九条,0,6
6,第六章　審判,23,第百三十九条,ARTICLE_REFERENCE,第百三十九条,16,22
6,第六章　審判,23,第百三十九条,ARTICLE_REFERENCE,各号,30,32
6,第六章　審判,23,第百三十九条,ARTICLE_REFERENCE,第六十七条,374,379
6,第六章　審判,23,第百三十九条,ARTICLE_REFERENCE,第二項,379,382
6,第六章　審判,23,第百三十九条,TIME_PERIOD,から,53,55
6,第六章　審判,23,第百三十九条,ORGANIZATION,審判官,8,11
6,第六章　審判,23,第百三十九条,ORGANIZATION,審判官,23,26
6,第六章　審判,23,第百三十九条,ORGANIZATION,審判官,64,67
6,第六章　審判,23,第百三十九条,ORGANIZATION,審判官,125,128
6,第六章　審判,23,第百三十九条,ORGANIZATION,審判官,192,195
6,第六章　審判,23,第百三十九条,ORGANIZATION,審判官,255,258
6,第六章　審判,23,第百三十九条,ORGANIZATION,審判官,282,285
6,第六章　審判,23,第百三十九条,ORGANIZATION,審判官,331,334
6,第六章　審判,23,第百三十九条,ORGANIZATION,審査官,354,357
6,第六章　審判,23,第百三十九条,ORGANIZATION,審判官,370,373
6,第六章　審判,23,第百三十九条,ORGANIZATION,審査官,423,426
6,第六章　審判,23,第百三十九条,ORGANIZATION,審判官,439,442
6,第六章　審判,23,第百三十九条,PROCEDURE,審判,8,10
6,第六章　審判,23,第百三十九条,PROCEDURE,審判,23,25
6,第六章　審判,23,第百三十九条,PROCEDURE,審判,64,66
6,第六章　審判,23,第百三十九条,PROCEDURE,審判,125,127
6,第六章　審判,23,第百三十九条,PROCEDURE,審判,192,194
6,第六章　審判,23,第百三十九条,PROCEDURE,審判,255,257
6,第六章　審判,23,第百三十九条,PROCEDURE,審判,282,284
6,第六章　審判,23,第百三十九条,PROCEDURE,審判,331,333
6,第六章　審判,23,第百三十九条,PROCEDURE,審査,354,356
6,第六章　審判,23,第百三十九条,PROCEDURE,審判,370,372
6,第六章　審判,23,第百三十九条,PROCEDURE,登録,385,387
6,第六章　審判,23,第百三十九条,PROCEDURE,出願,388,390
6,第六章　審判,23,第百三十九条,PROCEDURE,特許権,401,404
6,第六章　審判,23,第百三十九条,PROCEDURE,出願,409,411
6,第六章　審判,23,第百三十九条,PROCEDURE,審査,412,414
6,第六章　審判,23,第百三十九条,PROCEDURE,審査,423,425
6,第六章　審判,23,第百三十九条,PROCEDURE,審判,439,441
6,第六章　審判,23,第百三十九条,LEGAL_STATUS,代理人,311,314
6,第六章　審判,24,第百四十条,ARTICLE_REFERENCE,第百四十条,0,5
6,第六章　審判,24,第百四十条,ARTICLE_REFERENCE,第百四十条,6,11
6,第六章　審判,24,第百四十条,ARTICLE_REFERENCE,前条,12,14
6,第六章　審判,25,第百四十一条,ARTICLE_REFERENCE,第百四十一条,0,6
6,第六章　審判,25,第百四十一条,ARTICLE_REFERENCE,第百四十一条,16,22
6,第六章　審判,25,第百四十一条,ORGANIZATION,審判官,8,11
6,第六章　審判,25,第百四十一条,ORGANIZATION,審判官,23,26
6,第六章　審判,25,第百四十一条,ORGANIZATION,審判官,93,96
6,第六章　審判,25,第百四十一条,ORGANIZATION,審判官,117,120
6,第六章　審判,25,第百四十一条,PROCEDURE,審判,8,10
6,第六章　審判,25,第百四十一条,PROCEDURE,審判,23,25
6,第六章　審判,25,第百四十一条,PROCEDURE,審判,30,32
6,第六章　審判,25,第百四十一条,PROCEDURE,審判,93,95
6,第六章　審判,25,第百四十一条,PROCEDURE,審判,117,119
6,第六章　審判,26,第百四十二条,ARTICLE_REFERENCE,第百四十二条,0,6
6,第六章　審判,26,第百四十二条,ARTICLE_REFERENCE,第百四十二条,22,28
6,第六章　審判,26,第百四十二条,ARTICLE_REFERENCE,前項,117,119
6,第六章　審判,26,第百四十二条,ARTICLE_REFERENCE,前条,145,147
6,第六章　審判,26,第百四十二条,ARTICLE_REFERENCE,第二項,147,150
6,第六章　審判,26,第百四十二条,TIME_PERIOD,から,126,128
6,第六章　審判,26,第百四十二条,TIME_PERIOD,三日以内,128,132
6,第六章　審判,26,第百四十二条,ORGANIZATION,特許庁長官,56,61
6,第六章　審判,27,第百四十三条,ARTICLE_REFERENCE,第百四十三条,0,6
6,第六章　審判,27,第百四十三条,ARTICLE_REFERENCE,第百四十三条,26,32
6,第六章　審判,27,第百四十三条,ARTICLE_REFERENCE,前項,110,112
6,第六章　審判,27,第百四十三条,ARTICLE_REFERENCE,第一項,146,149
6,第六章　審判,27,第百四十三条,ORGANIZATION,審判官,57,60
6,第六章　審判,27,第百四十三条,ORGANIZATION,審判官,63,66
6,第六章　審判,27,第百四十三条,ORGANIZATION,審判官,89,92
6,第六章　審判,27,第百四十三条,PROCEDURE,審判,57,59
6,第六章　審判,27,第百四十三条,PROCEDURE,審判,63,65
6,第六章　審判,27,第百四十三条,PROCEDURE,審判,67,69
6,第六章　審判,27,第百四十三条,PROCEDURE,審判,89,91
6,第六章　審判,28,第百四十四条,ARTICLE_REFERENCE,第百四十四条,0,6
6,第六章　審判,28,第百四十四条,ARTICLE_REFERENCE,第百四十四条,7,13
6,第六章　審判,28,第百四十四条,TIME_PERIOD,まで,45,47
6,第六章　審判,28,第百四十四条,PROCEDURE,審判,47,49
6,第六章　審判,29,第百四十四条の二,LAW_REFERENCE,政令,137,139
6,第六章　審判,29,第百四十四条の二,ARTICLE_REFERENCE,第百四十四条の二,0,8
6,第六章　審判,29,第百四十四条の二,ARTICLE_REFERENCE,第百四十四条の二,17,25
6,第六章　審判,29,第百四十四条の二,ARTICLE_REFERENCE,第百六十二条,39,45
6,第六章　審判,29,第百四十四条の二,ARTICLE_REFERENCE,第百六十四条,74,80
6,第六章　審判,29,第百四十四条の二,ARTICLE_REFERENCE,第三項,80,83
6,第六章　審判,29,第百四十四条の二,ARTICLE_REFERENCE,第一項,154,157
6,第六章　審判,29,第百四十四条の二,ARTICLE_REFERENCE,第百三十九条,282,288
6,第六章　審判,29,第百四十四条の二,ARTICLE_REFERENCE,第六号,289,292
6,第六章　審判,29,第百四十四条の二,ARTICLE_REFERENCE,第七号,294,297
6,第六章　審判,29,第百四十四条の二,ARTICLE_REFERENCE,第百四十条,304,309
6,第六章　審判,29,第百四十四条の二,ARTICLE_REFERENCE,前条,311,313
6,第六章　審判,29,第百四十四条の二,TIME_PERIOD,から,309,311
6,第六章　審判,29,第百四十四条の二,TIME_PERIOD,まで,313,315
6,第六章　審判,29,第百四十四条の二,ORGANIZATION,特許庁長官,26,31
6,第六章　審判,29,第百四十四条の二,ORGANIZATION,審査官,51,54
6,第六章　審判,29,第百四十四条の二,ORGANIZATION,特許庁長官,147,152
6,第六章　審判,29,第百四十四条の二,PROCEDURE,審判,10,12
6,第六章　審判,29,第百四十四条の二,PROCEDURE,審判,34,36
6,第六章　審判,29,第百四十四条の二,PROCEDURE,審査,51,53
6,第六章　審判,29,第百四十四条の二,PROCEDURE,請求,57,59
6,第六章　審判,29,第百四十四条の二,PROCEDURE,審査,60,62
6,第六章　審判,29,第百四十四条の二,PROCEDURE,審判,64,66
6,第六章　審判,29,第百四十四条の二,PROCEDURE,審判,106,108
6,第六章　審判,29,第百四十四条の二,PROCEDURE,審判,127,129
6,第六章　審判,29,第百四十四条の二,PROCEDURE,審判,167,169
6,第六章　審判,29,第百四十四条の二,PROCEDURE,審判,173,175
6,第六章　審判,29,第百四十四条の二,PROCEDURE,審判,202,204
6,第六章　審判,29,第百四十四条の二,PROCEDURE,審判,223,225
6,第六章　審判,29,第百四十四条の二,PROCEDURE,審判,230,232
6,第六章　審判,29,第百四十四条の二,PROCEDURE,審判,259,261
6,第六章　審判,29,第百四十四条の二,PROCEDURE,審判,320,322
6,第六章　審判,29,第百四十四条の二,PROCEDURE,審判,356,358
6,第六章　審判,29,第百四十四条の二,PROCEDURE,審判,374,376
6,第六章　審判,30,第百四十五条,LAW_REFERENCE, 特許無効審判及び延長登録無効審判は、口頭審理による。ただし、審判長は、当事者若しくは参加人の申立てにより又は職権で、書面審理によるものとすることができる。 ２ 前項に規定する審判以外の審判は、書面審理による。ただし、審判長は、当事者の申立により又は職権で、口頭審理によるものとすることができる。 ３ 審判長は、第一項又は前項ただし書の規定により口頭審理による審判をするときは、その期日及び場所を定め、当事者及び参加人に対し、期日の呼出しを行わなければならない。 ４ 民事訴訟法第九十四条,27,271
6,第六章　審判,30,第百四十五条,LAW_REFERENCE,（期日の呼出し）の規定は、前項の期日の呼出しに準用する。 ５ 第一項又は第二項ただし書の規定による口頭審理は、公開して行う。ただし、公の秩序又は善良の風俗を害するおそれがあるときは、この限りでない。 ６ 審判長は、当事者若しくは参加人の申立てにより又は職権で、経済産業省令で定めるところにより、審判官及び審判書記官並びに当事者及び参加人が映像と音声の送受信により相手の状態を相互に認識しながら通話をすることができる方法,271,480
6,第六章　審判,30,第百四十五条,ARTICLE_REFERENCE,第百四十五条,0,6
6,第六章　審判,30,第百四十五条,ARTICLE_REFERENCE,第百四十五条,21,27
6,第六章　審判,30,第百四十五条,ARTICLE_REFERENCE,前項,108,110
6,第六章　審判,30,第百四十五条,ARTICLE_REFERENCE,第一項,183,186
6,第六章　審判,30,第百四十五条,ARTICLE_REFERENCE,前項,188,190
6,第六章　審判,30,第百四十五条,ARTICLE_REFERENCE,第九十四条,266,271
6,第六章　審判,30,第百四十五条,ARTICLE_REFERENCE,前項,284,286
6,第六章　審判,30,第百四十五条,ARTICLE_REFERENCE,第一項,302,305
6,第六章　審判,30,第百四十五条,ARTICLE_REFERENCE,第二項,307,310
6,第六章　審判,30,第百四十五条,ARTICLE_REFERENCE,第三項,485,488
6,第六章　審判,30,第百四十五条,ARTICLE_REFERENCE,第三項,510,513
6,第六章　審判,30,第百四十五条,ARTICLE_REFERENCE,前項,523,525
6,第六章　審判,30,第百四十五条,ORGANIZATION,審判官,418,421
6,第六章　審判,30,第百四十五条,PROCEDURE,審判,8,10
6,第六章　審判,30,第百四十五条,PROCEDURE,無効審判,30,34
6,第六章　審判,30,第百四十五条,PROCEDURE,登録,38,40
6,第六章　審判,30,第百四十五条,PROCEDURE,無効審判,40,44
6,第六章　審判,30,第百四十五条,PROCEDURE,審判,58,60
6,第六章　審判,30,第百四十五条,PROCEDURE,審判,115,117
6,第六章　審判,30,第百四十五条,PROCEDURE,審判,120,122
6,第六章　審判,30,第百四十五条,PROCEDURE,審判,136,138
6,第六章　審判,30,第百四十五条,PROCEDURE,審判,178,180
6,第六章　審判,30,第百四十五条,PROCEDURE,審判,207,209
6,第六章　審判,30,第百四十五条,PROCEDURE,審判,373,375
6,第六章　審判,30,第百四十五条,PROCEDURE,審判,418,420
6,第六章　審判,30,第百四十五条,PROCEDURE,審判,423,425
6,第六章　審判,30,第百四十五条,LEGAL_STATUS,無効,30,32
6,第六章　審判,30,第百四十五条,LEGAL_STATUS,無効,40,42
6,第六章　審判,31,第百四十六条,LAW_REFERENCE, 民事訴訟法第百五十四条,13,25
6,第六章　審判,31,第百四十六条,ARTICLE_REFERENCE,第百四十六条,0,6
6,第六章　審判,31,第百四十六条,ARTICLE_REFERENCE,第百四十六条,7,13
6,第六章　審判,31,第百四十六条,ARTICLE_REFERENCE,第百五十四条,19,25
6,第六章　審判,31,第百四十六条,PROCEDURE,審判,40,42
6,第六章　審判,32,第百四十七条,LAW_REFERENCE,第一項又は第二項ただし書の規定による口頭審理による審判については、審判書記官は、期日ごとに審理の要旨その他必要な事項を記載した調書を作成しなければならない。 ２ 審判書記官は、前項の調書の作成又は変更に関して審判長の命令を受けた場合において、その作成又は変更を正当でないと認めるときは、自己の意見を書き添えることができる。 ３ 民事訴訟法第百六十条,25,199
6,第六章　審判,32,第百四十七条,ARTICLE_REFERENCE,第百四十七条,0,6
6,第六章　審判,32,第百四十七条,ARTICLE_REFERENCE,第百四十七条,12,18
6,第六章　審判,32,第百四十七条,ARTICLE_REFERENCE,第百四十五条,19,25
6,第六章　審判,32,第百四十七条,ARTICLE_REFERENCE,第一項,25,28
6,第六章　審判,32,第百四十七条,ARTICLE_REFERENCE,第二項,30,33
6,第六章　審判,32,第百四十七条,ARTICLE_REFERENCE,前項,113,115
6,第六章　審判,32,第百四十七条,ARTICLE_REFERENCE,第百六十条,194,199
6,第六章　審判,32,第百四十七条,ARTICLE_REFERENCE,第二項,199,202
6,第六章　審判,32,第百四十七条,ARTICLE_REFERENCE,第三項,204,207
6,第六章　審判,32,第百四十七条,ARTICLE_REFERENCE,第一項,220,223
6,第六章　審判,32,第百四十七条,PROCEDURE,審判,50,52
6,第六章　審判,32,第百四十七条,PROCEDURE,審判,58,60
6,第六章　審判,32,第百四十七条,PROCEDURE,審判,106,108
6,第六章　審判,32,第百四十七条,PROCEDURE,審判,129,131
6,第六章　審判,33,第百四十八条,ARTICLE_REFERENCE,第百四十八条,0,6
6,第六章　審判,33,第百四十八条,ARTICLE_REFERENCE,第百四十八条,12,18
6,第六章　審判,33,第百四十八条,ARTICLE_REFERENCE,第百三十二条,19,25
6,第六章　審判,33,第百四十八条,ARTICLE_REFERENCE,第一項,25,28
6,第六章　審判,33,第百四十八条,ARTICLE_REFERENCE,前項,87,89
6,第六章　審判,33,第百四十八条,ARTICLE_REFERENCE,前項,208,210
6,第六章　審判,33,第百四十八条,ARTICLE_REFERENCE,第一項,241,244
6,第六章　審判,33,第百四十八条,ARTICLE_REFERENCE,第三項,246,249
6,第六章　審判,33,第百四十八条,TIME_PERIOD,まで,58,60
6,第六章　審判,33,第百四十八条,TIME_PERIOD,まで,172,174
6,第六章　審判,33,第百四十八条,PROCEDURE,審判,34,36
6,第六章　審判,33,第百四十八条,PROCEDURE,請求,37,39
6,第六章　審判,33,第百四十八条,PROCEDURE,請求,62,64
6,第六章　審判,33,第百四十八条,PROCEDURE,審判,70,72
6,第六章　審判,33,第百四十八条,PROCEDURE,審判,107,109
6,第六章　審判,33,第百四十八条,PROCEDURE,請求,110,112
6,第六章　審判,33,第百四十八条,PROCEDURE,審判,125,127
6,第六章　審判,33,第百四十八条,PROCEDURE,審判,144,146
6,第六章　審判,33,第百四十八条,PROCEDURE,審判,191,193
6,第六章　審判,33,第百四十八条,PROCEDURE,審判,224,226
6,第六章　審判,33,第百四十八条,PROCEDURE,審判,262,264
6,第六章　審判,33,第百四十八条,LEGAL_STATUS,効力,305,307
6,第六章　審判,34,第百四十九条,ARTICLE_REFERENCE,第百四十九条,0,6
6,第六章　審判,34,第百四十九条,ARTICLE_REFERENCE,第百四十九条,7,13
6,第六章　審判,34,第百四十九条,ARTICLE_REFERENCE,前項,174,176
6,第六章　審判,34,第百四十九条,ARTICLE_REFERENCE,第三項,210,213
6,第六章　審判,34,第百四十九条,ORGANIZATION,審判官,156,159
6,第六章　審判,34,第百四十九条,PROCEDURE,申請,17,19
6,第六章　審判,34,第百四十九条,PROCEDURE,申請,26,28
6,第六章　審判,34,第百四十九条,PROCEDURE,審判,30,32
6,第六章　審判,34,第百四十九条,PROCEDURE,審判,49,51
6,第六章　審判,34,第百四十九条,PROCEDURE,申請,57,59
6,第六章　審判,34,第百四十九条,PROCEDURE,申請,69,71
6,第六章　審判,34,第百四十九条,PROCEDURE,申請,126,128
6,第六章　審判,34,第百四十九条,PROCEDURE,申請,138,140
6,第六章　審判,34,第百四十九条,PROCEDURE,審判,153,155
6,第六章　審判,34,第百四十九条,PROCEDURE,審判,156,158
6,第六章　審判,34,第百四十九条,PROCEDURE,審判,160,162
6,第六章　審判,35,第百五十条,ARTICLE_REFERENCE,第百五十条,0,5
6,第六章　審判,35,第百五十条,ARTICLE_REFERENCE,第百五十条,18,23
6,第六章　審判,35,第百五十条,ARTICLE_REFERENCE,前項,142,144
6,第六章　審判,35,第百五十条,ARTICLE_REFERENCE,第二項,189,192
6,第六章　審判,35,第百五十条,ARTICLE_REFERENCE,第一項,249,252
6,第六章　審判,35,第百五十条,ARTICLE_REFERENCE,第二項,254,257
6,第六章　審判,35,第百五十条,ARTICLE_REFERENCE,第一項,336,339
6,第六章　審判,35,第百五十条,ARTICLE_REFERENCE,第二項,341,344
6,第六章　審判,35,第百五十条,ORGANIZATION,特許庁長官,160,165
6,第六章　審判,35,第百五十条,ORGANIZATION,特許庁長官,182,187
6,第六章　審判,35,第百五十条,ORGANIZATION,審判官,225,228
6,第六章　審判,35,第百五十条,ORGANIZATION,地方裁判所,369,374
6,第六章　審判,35,第百五十条,PROCEDURE,審判,24,26
6,第六章　審判,35,第百五十条,PROCEDURE,審判,70,72
6,第六章　審判,35,第百五十条,PROCEDURE,審判,78,80
6,第六章　審判,35,第百五十条,PROCEDURE,請求,80,82
6,第六章　審判,35,第百五十条,PROCEDURE,審判,96,98
6,第六章　審判,35,第百五十条,PROCEDURE,審判,150,152
6,第六章　審判,35,第百五十条,PROCEDURE,請求,152,154
6,第六章　審判,35,第百五十条,PROCEDURE,審判,198,200
6,第六章　審判,35,第百五十条,PROCEDURE,請求,200,202
6,第六章　審判,35,第百五十条,PROCEDURE,審判,225,227
6,第六章　審判,35,第百五十条,PROCEDURE,審判,230,232
6,第六章　審判,35,第百五十条,PROCEDURE,審判,244,246
6,第六章　審判,35,第百五十条,LEGAL_STATUS,利害関係人,84,89
6,第六章　審判,36,第百五十一条,LAW_REFERENCE,並びに民事訴訟法第九十三条,37,50
6,第六章　審判,36,第百五十一条,LAW_REFERENCE,の規定による証拠調べ又は証拠保全に準用する。この場合において、同法第百七十九条,394,433
6,第六章　審判,36,第百五十一条,LAW_REFERENCE,中「裁判所において当事者が自白した事実及び顕著な事実」とあるのは「顕著な事実」と、同法第二百四条,433,481
6,第六章　審判,36,第百五十一条,LAW_REFERENCE,規則,498,500
6,第六章　審判,36,第百五十一条,LAW_REFERENCE,省令,511,513
6,第六章　審判,36,第百五十一条,ARTICLE_REFERENCE,第百五十一条,0,6
6,第六章　審判,36,第百五十一条,ARTICLE_REFERENCE,第百五十一条,7,13
6,第六章　審判,36,第百五十一条,ARTICLE_REFERENCE,第百四十五条,14,20
6,第六章　審判,36,第百五十一条,ARTICLE_REFERENCE,第六項,20,23
6,第六章　審判,36,第百五十一条,ARTICLE_REFERENCE,第七項,25,28
6,第六章　審判,36,第百五十一条,ARTICLE_REFERENCE,第百四十七条,31,37
6,第六章　審判,36,第百五十一条,ARTICLE_REFERENCE,第九十三条,45,50
6,第六章　審判,36,第百五十一条,ARTICLE_REFERENCE,第一項,50,53
6,第六章　審判,36,第百五十一条,ARTICLE_REFERENCE,第九十四条,61,66
6,第六章　審判,36,第百五十一条,ARTICLE_REFERENCE,第百七十九条,75,81
6,第六章　審判,36,第百五十一条,ARTICLE_REFERENCE,第百八十一条,83,89
6,第六章　審判,36,第百五十一条,ARTICLE_REFERENCE,第百八十三条,92,98
6,第六章　審判,36,第百五十一条,ARTICLE_REFERENCE,第百八十六条,100,106
6,第六章　審判,36,第百五十一条,ARTICLE_REFERENCE,第百八十八条,109,115
6,第六章　審判,36,第百五十一条,ARTICLE_REFERENCE,第百九十条,116,121
6,第六章　審判,36,第百五十一条,ARTICLE_REFERENCE,第百九十一条,122,128
6,第六章　審判,36,第百五十一条,ARTICLE_REFERENCE,第百九十五条,129,135
6,第六章　審判,36,第百五十一条,ARTICLE_REFERENCE,第百九十八条,137,143
6,第六章　審判,36,第百五十一条,ARTICLE_REFERENCE,第百九十九条,146,152
6,第六章　審判,36,第百五十一条,ARTICLE_REFERENCE,第一項,152,155
6,第六章　審判,36,第百五十一条,ARTICLE_REFERENCE,第二百一条,156,161
6,第六章　審判,36,第百五十一条,ARTICLE_REFERENCE,第二百四条,163,168
6,第六章　審判,36,第百五十一条,ARTICLE_REFERENCE,第二百六条,171,176
6,第六章　審判,36,第百五十一条,ARTICLE_REFERENCE,第二百七条,177,182
6,第六章　審判,36,第百五十一条,ARTICLE_REFERENCE,第二百十条,183,188
6,第六章　審判,36,第百五十一条,ARTICLE_REFERENCE,第二百十三条,190,196
6,第六章　審判,36,第百五十一条,ARTICLE_REFERENCE,第二百十四条,199,205
6,第六章　審判,36,第百五十一条,ARTICLE_REFERENCE,第一項,205,208
6,第六章　審判,36,第百五十一条,ARTICLE_REFERENCE,第三項,210,213
6,第六章　審判,36,第百五十一条,ARTICLE_REFERENCE,第二百十五条,216,222
6,第六章　審判,36,第百五十一条,ARTICLE_REFERENCE,第二百二十二条,224,231
6,第六章　審判,36,第百五十一条,ARTICLE_REFERENCE,第二百二十三条,234,241
6,第六章　審判,36,第百五十一条,ARTICLE_REFERENCE,第一項,241,244
6,第六章　審判,36,第百五十一条,ARTICLE_REFERENCE,第六項,246,249
6,第六章　審判,36,第百五十一条,ARTICLE_REFERENCE,第二百二十六条,252,259
6,第六章　審判,36,第百五十一条,ARTICLE_REFERENCE,第二百二十八条,261,268
6,第六章　審判,36,第百五十一条,ARTICLE_REFERENCE,第二百二十九条,271,278
6,第六章　審判,36,第百五十一条,ARTICLE_REFERENCE,第一項,278,281
6,第六章　審判,36,第百五十一条,ARTICLE_REFERENCE,第三項,283,286
6,第六章　審判,36,第百五十一条,ARTICLE_REFERENCE,第二百三十一条,289,296
6,第六章　審判,36,第百五十一条,ARTICLE_REFERENCE,第二百三十二条,297,304
6,第六章　審判,36,第百五十一条,ARTICLE_REFERENCE,第一項,304,307
6,第六章　審判,36,第百五十一条,ARTICLE_REFERENCE,第二百三十三条,308,315
6,第六章　審判,36,第百五十一条,ARTICLE_REFERENCE,第二百三十四条,316,323
6,第六章　審判,36,第百五十一条,ARTICLE_REFERENCE,第二百三十六条,324,331
6,第六章　審判,36,第百五十一条,ARTICLE_REFERENCE,第二百三十八条,333,340
6,第六章　審判,36,第百五十一条,ARTICLE_REFERENCE,第二百四十条,343,349
6,第六章　審判,36,第百五十一条,ARTICLE_REFERENCE,第二百四十二条,351,358
6,第六章　審判,36,第百五十一条,ARTICLE_REFERENCE,第二百七十八条,366,373
6,第六章　審判,36,第百五十一条,ARTICLE_REFERENCE,前条,392,394
6,第六章　審判,36,第百五十一条,ARTICLE_REFERENCE,第百七十九条,427,433
6,第六章　審判,36,第百五十一条,ARTICLE_REFERENCE,第二百四条,476,481
6,第六章　審判,36,第百五十一条,ARTICLE_REFERENCE,第二百十五条の三,483,491
6,第六章　審判,36,第百五十一条,TIME_PERIOD,から,81,83
6,第六章　審判,36,第百五十一条,TIME_PERIOD,まで,89,91
6,第六章　審判,36,第百五十一条,TIME_PERIOD,から,98,100
6,第六章　審判,36,第百五十一条,TIME_PERIOD,まで,106,108
6,第六章　審判,36,第百五十一条,TIME_PERIOD,から,135,137
6,第六章　審判,36,第百五十一条,TIME_PERIOD,まで,143,145
6,第六章　審判,36,第百五十一条,TIME_PERIOD,から,161,163
6,第六章　審判,36,第百五十一条,TIME_PERIOD,まで,168,170
6,第六章　審判,36,第百五十一条,TIME_PERIOD,から,188,190
6,第六章　審判,36,第百五十一条,TIME_PERIOD,まで,196,198
6,第六章　審判,36,第百五十一条,TIME_PERIOD,から,208,210
6,第六章　審判,36,第百五十一条,TIME_PERIOD,まで,213,215
6,第六章　審判,36,第百五十一条,TIME_PERIOD,から,222,224
6,第六章　審判,36,第百五十一条,TIME_PERIOD,まで,231,233
6,第六章　審判,36,第百五十一条,TIME_PERIOD,から,244,246
6,第六章　審判,36,第百五十一条,TIME_PERIOD,まで,249,251
6,第六章　審判,36,第百五十一条,TIME_PERIOD,から,259,261
6,第六章　審判,36,第百五十一条,TIME_PERIOD,まで,268,270
6,第六章　審判,36,第百五十一条,TIME_PERIOD,から,281,283
6,第六章　審判,36,第百五十一条,TIME_PERIOD,まで,286,288
6,第六章　審判,36,第百五十一条,TIME_PERIOD,から,331,333
6,第六章　審判,36,第百五十一条,TIME_PERIOD,まで,340,342
6,第六章　審判,36,第百五十一条,TIME_PERIOD,から,349,351
6,第六章　審判,36,第百五十一条,TIME_PERIOD,まで,358,360
6,第六章　審判,36,第百五十一条,ORGANIZATION,最高裁判所,493,498
6,第六章　審判,37,第百五十二条,LAW_REFERENCE, 審判長は、当事者又は参加人が法,23,39
6,第六章　審判,37,第百五十二条,ARTICLE_REFERENCE,第百五十二条,0,6
6,第六章　審判,37,第百五十二条,ARTICLE_REFERENCE,第百五十二条,17,23
6,第六章　審判,37,第百五十二条,ARTICLE_REFERENCE,第百四十五条,59,65
6,第六章　審判,37,第百五十二条,ARTICLE_REFERENCE,第三項,65,68
6,第六章　審判,37,第百五十二条,PROCEDURE,審判,24,26
6,第六章　審判,37,第百五十二条,PROCEDURE,審判,97,99
6,第六章　審判,38,第百五十三条,ARTICLE_REFERENCE,第百五十三条,0,6
6,第六章　審判,38,第百五十三条,ARTICLE_REFERENCE,第百五十三条,7,13
6,第六章　審判,38,第百五十三条,ARTICLE_REFERENCE,前項,64,66
6,第六章　審判,38,第百五十三条,PROCEDURE,審判,14,16
6,第六章　審判,38,第百五十三条,PROCEDURE,審判,59,61
6,第六章　審判,38,第百五十三条,PROCEDURE,審判,158,160
6,第六章　審判,38,第百五十三条,PROCEDURE,請求,166,168
6,第六章　審判,38,第百五十三条,PROCEDURE,請求,176,178
6,第六章　審判,39,第百五十四条,ARTICLE_REFERENCE,第百五十四条,0,6
6,第六章　審判,39,第百五十四条,ARTICLE_REFERENCE,第百五十四条,19,25
6,第六章　審判,39,第百五十四条,ARTICLE_REFERENCE,前項,74,76
6,第六章　審判,39,第百五十四条,TIME_PERIOD,以上,43,45
6,第六章　審判,39,第百五十四条,PROCEDURE,審判,46,48
6,第六章　審判,40,第百五十五条,ARTICLE_REFERENCE,第百五十五条,0,6
6,第六章　審判,40,第百五十五条,ARTICLE_REFERENCE,第百五十五条,19,25
6,第六章　審判,40,第百五十五条,ARTICLE_REFERENCE,第百三十四条,66,72
6,第六章　審判,40,第百五十五条,ARTICLE_REFERENCE,第一項,72,75
6,第六章　審判,40,第百五十五条,TIME_PERIOD,まで,40,42
6,第六章　審判,40,第百五十五条,TIME_PERIOD,以上,119,121
6,第六章　審判,40,第百五十五条,TIME_PERIOD,以上,132,134
6,第六章　審判,40,第百五十五条,PROCEDURE,審判,8,10
6,第六章　審判,40,第百五十五条,PROCEDURE,請求,11,13
6,第六章　審判,40,第百五十五条,PROCEDURE,審判,26,28
6,第六章　審判,40,第百五十五条,PROCEDURE,請求,29,31
6,第六章　審判,40,第百五十五条,PROCEDURE,審判,59,61
6,第六章　審判,40,第百五十五条,PROCEDURE,請求,62,64
6,第六章　審判,40,第百五十五条,PROCEDURE,請求項,122,125
6,第六章　審判,40,第百五十五条,PROCEDURE,請求項,135,138
6,第六章　審判,40,第百五十五条,PROCEDURE,無効審判,144,148
6,第六章　審判,40,第百五十五条,PROCEDURE,請求,149,151
6,第六章　審判,40,第百五十五条,PROCEDURE,請求,159,161
6,第六章　審判,40,第百五十五条,PROCEDURE,請求項,163,166
6,第六章　審判,40,第百五十五条,PROCEDURE,請求項,184,187
6,第六章　審判,40,第百五十五条,PROCEDURE,請求項,195,198
6,第六章　審判,40,第百五十五条,PROCEDURE,審判,203,205
6,第六章　審判,40,第百五十五条,PROCEDURE,請求,206,208
6,第六章　審判,40,第百五十五条,PROCEDURE,請求,216,218
6,第六章　審判,40,第百五十五条,PROCEDURE,請求,229,231
6,第六章　審判,40,第百五十五条,LEGAL_STATUS,無効,144,146
6,第六章　審判,41,第百五十六条,ARTICLE_REFERENCE,第百五十六条,0,6
6,第六章　審判,41,第百五十六条,ARTICLE_REFERENCE,第百五十六条,18,24
6,第六章　審判,41,第百五十六条,ARTICLE_REFERENCE,第百六十四条の二,130,138
6,第六章　審判,41,第百五十六条,ARTICLE_REFERENCE,第一項,138,141
6,第六章　審判,41,第百五十六条,ARTICLE_REFERENCE,同項,156,158
6,第六章　審判,41,第百五十六条,ARTICLE_REFERENCE,同条,173,175
6,第六章　審判,41,第百五十六条,ARTICLE_REFERENCE,第二項,175,178
6,第六章　審判,41,第百五十六条,ARTICLE_REFERENCE,第百三十四条の二,197,205
6,第六章　審判,41,第百五十六条,ARTICLE_REFERENCE,第一項,205,208
6,第六章　審判,41,第百五十六条,ARTICLE_REFERENCE,第十七条の五,218,224
6,第六章　審判,41,第百五十六条,ARTICLE_REFERENCE,第二項,224,227
6,第六章　審判,41,第百五十六条,ARTICLE_REFERENCE,第一項,348,351
6,第六章　審判,41,第百五十六条,ARTICLE_REFERENCE,第二項,353,356
6,第六章　審判,41,第百五十六条,TIME_PERIOD,から,369,371
6,第六章　審判,41,第百五十六条,TIME_PERIOD,二十日以内,371,376
6,第六章　審判,41,第百五十六条,PROCEDURE,審判,25,27
6,第六章　審判,41,第百五十六条,PROCEDURE,無効審判,32,36
6,第六章　審判,41,第百五十六条,PROCEDURE,審判,39,41
6,第六章　審判,41,第百五十六条,PROCEDURE,審判,94,96
6,第六章　審判,41,第百五十六条,PROCEDURE,無効審判,101,105
6,第六章　審判,41,第百五十六条,PROCEDURE,請求,193,195
6,第六章　審判,41,第百五十六条,PROCEDURE,請求,212,214
6,第六章　審判,41,第百五十六条,PROCEDURE,審判,268,270
6,第六章　審判,41,第百五十六条,LEGAL_STATUS,無効,32,34
6,第六章　審判,41,第百五十六条,LEGAL_STATUS,無効,101,103
6,第六章　審判,42,第百五十七条,ARTICLE_REFERENCE,第百五十七条,0,6
6,第六章　審判,42,第百五十七条,ARTICLE_REFERENCE,第百五十七条,12,18
6,第六章　審判,42,第百五十七条,ORGANIZATION,特許庁長官,148,153
6,第六章　審判,42,第百五十七条,PROCEDURE,審判,29,31
6,第六章　審判,42,第百五十七条,PROCEDURE,審判,77,79
6,第六章　審判,42,第百五十七条,PROCEDURE,審判,117,119
6,第六章　審判,42,第百五十七条,PROCEDURE,審判,180,182
6,第六章　審判,42,第百五十七条,PROCEDURE,申請,186,188
6,第六章　審判,42,第百五十七条,PROCEDURE,申請,192,194
6,第六章　審判,42,第百五十七条,LEGAL_STATUS,代理人,96,99
6,第六章　審判,43,第百五十八条,ARTICLE_REFERENCE,第百五十八条,0,6
6,第六章　審判,43,第百五十八条,ARTICLE_REFERENCE,第百五十八条,24,30
6,第六章　審判,43,第百五十八条,PROCEDURE,審判,14,16
6,第六章　審判,43,第百五十八条,PROCEDURE,審査,31,33
6,第六章　審判,43,第百五十八条,PROCEDURE,審判,49,51
6,第六章　審判,43,第百五十八条,LEGAL_STATUS,拒絶,8,10
6,第六章　審判,43,第百五十八条,LEGAL_STATUS,拒絶,43,45
6,第六章　審判,43,第百五十八条,LEGAL_STATUS,効力,59,61
6,第六章　審判,44,第百五十九条,ARTICLE_REFERENCE,第百五十九条,0,6
6,第六章　審判,44,第百五十九条,ARTICLE_REFERENCE,第百五十九条,7,13
6,第六章　審判,44,第百五十九条,ARTICLE_REFERENCE,第五十三条,14,19
6,第六章　審判,44,第百五十九条,ARTICLE_REFERENCE,第五十三条,47,52
6,第六章　審判,44,第百五十九条,ARTICLE_REFERENCE,第一項,52,55
6,第六章　審判,44,第百五十九条,ARTICLE_REFERENCE,第十七条の二,57,63
6,第六章　審判,44,第百五十九条,ARTICLE_REFERENCE,第一項,63,66
6,第六章　審判,44,第百五十九条,ARTICLE_REFERENCE,第一号,66,69
6,第六章　審判,44,第百五十九条,ARTICLE_REFERENCE,第三号,71,74
6,第六章　審判,44,第百五十九条,ARTICLE_REFERENCE,第十七条の二,81,87
6,第六章　審判,44,第百五十九条,ARTICLE_REFERENCE,第一項,87,90
6,第六章　審判,44,第百五十九条,ARTICLE_REFERENCE,第一号,90,93
6,第六章　審判,44,第百五十九条,ARTICLE_REFERENCE,第三号,94,97
6,第六章　審判,44,第百五十九条,ARTICLE_REFERENCE,第四号,99,102
6,第六章　審判,44,第百五十九条,ARTICLE_REFERENCE,同項,119,121
6,第六章　審判,44,第百五十九条,ARTICLE_REFERENCE,第一号,121,124
6,第六章　審判,44,第百五十九条,ARTICLE_REFERENCE,第三号,126,129
6,第六章　審判,44,第百五十九条,ARTICLE_REFERENCE,第五十条,180,184
6,第六章　審判,44,第百五十九条,ARTICLE_REFERENCE,第五十条の二,186,192
6,第六章　審判,44,第百五十九条,ARTICLE_REFERENCE,第五十条,245,249
6,第六章　審判,44,第百五十九条,ARTICLE_REFERENCE,第十七条の二,255,261
6,第六章　審判,44,第百五十九条,ARTICLE_REFERENCE,第一項,261,264
6,第六章　審判,44,第百五十九条,ARTICLE_REFERENCE,第一号,264,267
6,第六章　審判,44,第百五十九条,ARTICLE_REFERENCE,第三号,269,272
6,第六章　審判,44,第百五十九条,ARTICLE_REFERENCE,同項,279,281
6,第六章　審判,44,第百五十九条,ARTICLE_REFERENCE,第一号,281,284
6,第六章　審判,44,第百五十九条,ARTICLE_REFERENCE,次条,308,310
6,第六章　審判,44,第百五十九条,ARTICLE_REFERENCE,第十七条の二,336,342
6,第六章　審判,44,第百五十九条,ARTICLE_REFERENCE,第一項,342,345
6,第六章　審判,44,第百五十九条,ARTICLE_REFERENCE,第一号,345,348
6,第六章　審判,44,第百五十九条,ARTICLE_REFERENCE,次条,361,363
6,第六章　審判,44,第百五十九条,ARTICLE_REFERENCE,第三号,410,413
6,第六章　審判,44,第百五十九条,ARTICLE_REFERENCE,第四号,441,444
6,第六章　審判,44,第百五十九条,ARTICLE_REFERENCE,第五十一条,466,471
6,第六章　審判,44,第百五十九条,ARTICLE_REFERENCE,第六十七条の三,472,479
6,第六章　審判,44,第百五十九条,ARTICLE_REFERENCE,第二項,479,482
6,第六章　審判,44,第百五十九条,ARTICLE_REFERENCE,第四項,484,487
6,第六章　審判,44,第百五十九条,ARTICLE_REFERENCE,第六十七条の七,491,498
6,第六章　審判,44,第百五十九条,ARTICLE_REFERENCE,第二項,498,501
6,第六章　審判,44,第百五十九条,ARTICLE_REFERENCE,第四項,503,506
6,第六章　審判,44,第百五十九条,TIME_PERIOD,から,482,484
6,第六章　審判,44,第百五十九条,TIME_PERIOD,まで,487,489
6,第六章　審判,44,第百五十九条,TIME_PERIOD,から,501,503
6,第六章　審判,44,第百五十九条,TIME_PERIOD,まで,506,508
6,第六章　審判,44,第百五十九条,PROCEDURE,審判,30,32
6,第六章　審判,44,第百五十九条,PROCEDURE,審判,147,149
6,第六章　審判,44,第百五十九条,PROCEDURE,請求,150,152
6,第六章　審判,44,第百五十九条,PROCEDURE,審判,203,205
6,第六章　審判,44,第百五十九条,PROCEDURE,審判,390,392
6,第六章　審判,44,第百五十九条,PROCEDURE,請求,393,395
6,第六章　審判,44,第百五十九条,PROCEDURE,審判,420,422
6,第六章　審判,44,第百五十九条,PROCEDURE,請求,423,425
6,第六章　審判,44,第百五十九条,PROCEDURE,審判,519,521
6,第六章　審判,44,第百五十九条,PROCEDURE,請求,522,524
6,第六章　審判,44,第百五十九条,PROCEDURE,審判,541,543
6,第六章　審判,44,第百五十九条,LEGAL_STATUS,拒絶,24,26
6,第六章　審判,44,第百五十九条,LEGAL_STATUS,拒絶,141,143
6,第六章　審判,44,第百五十九条,LEGAL_STATUS,拒絶,197,199
6,第六章　審判,44,第百五十九条,LEGAL_STATUS,拒絶,218,220
6,第六章　審判,44,第百五十九条,LEGAL_STATUS,拒絶,296,298
6,第六章　審判,44,第百五十九条,LEGAL_STATUS,拒絶,349,351
6,第六章　審判,44,第百五十九条,LEGAL_STATUS,拒絶,384,386
6,第六章　審判,44,第百五十九条,LEGAL_STATUS,拒絶,414,416
6,第六章　審判,44,第百五十九条,LEGAL_STATUS,拒絶,513,515
6,第六章　審判,45,第百六十条,ARTICLE_REFERENCE,第百六十条,0,5
6,第六章　審判,45,第百六十条,ARTICLE_REFERENCE,第百六十条,6,11
6,第六章　審判,45,第百六十条,ARTICLE_REFERENCE,前項,62,64
6,第六章　審判,45,第百六十条,ARTICLE_REFERENCE,第一項,101,104
6,第六章　審判,45,第百六十条,ARTICLE_REFERENCE,前条,114,116
6,第六章　審判,45,第百六十条,ARTICLE_REFERENCE,第三項,116,119
6,第六章　審判,45,第百六十条,ORGANIZATION,審査官,89,92
6,第六章　審判,45,第百六十条,PROCEDURE,審判,18,20
6,第六章　審判,45,第百六十条,PROCEDURE,審査,38,40
6,第六章　審判,45,第百六十条,PROCEDURE,審査,89,91
6,第六章　審判,45,第百六十条,LEGAL_STATUS,拒絶,12,14
6,第六章　審判,46,第百六十一条,ARTICLE_REFERENCE,第百六十一条,0,6
6,第六章　審判,46,第百六十一条,ARTICLE_REFERENCE,第百六十一条,7,13
6,第六章　審判,46,第百六十一条,ARTICLE_REFERENCE,第百三十四条,14,20
6,第六章　審判,46,第百六十一条,ARTICLE_REFERENCE,第一項,20,23
6,第六章　審判,46,第百六十一条,ARTICLE_REFERENCE,第三項,25,28
6,第六章　審判,46,第百六十一条,ARTICLE_REFERENCE,第百三十四条の二,31,39
6,第六章　審判,46,第百六十一条,ARTICLE_REFERENCE,第百三十四条の三,40,48
6,第六章　審判,46,第百六十一条,ARTICLE_REFERENCE,第百四十八条,49,55
6,第六章　審判,46,第百六十一条,ARTICLE_REFERENCE,第百四十九条,57,63
6,第六章　審判,46,第百六十一条,TIME_PERIOD,から,23,25
6,第六章　審判,46,第百六十一条,TIME_PERIOD,まで,28,30
6,第六章　審判,46,第百六十一条,PROCEDURE,審判,74,76
6,第六章　審判,46,第百六十一条,LEGAL_STATUS,拒絶,68,70
6,第六章　審判,47,第百六十二条,ARTICLE_REFERENCE,第百六十二条,0,6
6,第六章　審判,47,第百六十二条,ARTICLE_REFERENCE,第百六十二条,7,13
6,第六章　審判,47,第百六十二条,ORGANIZATION,特許庁長官,14,19
6,第六章　審判,47,第百六十二条,ORGANIZATION,審査官,99,102
6,第六章　審判,47,第百六十二条,PROCEDURE,審判,27,29
6,第六章　審判,47,第百六十二条,PROCEDURE,請求,30,32
6,第六章　審判,47,第百六十二条,PROCEDURE,請求,45,47
6,第六章　審判,47,第百六十二条,PROCEDURE,請求,53,55
6,第六章　審判,47,第百六十二条,PROCEDURE,出願,60,62
6,第六章　審判,47,第百六十二条,PROCEDURE,明細書,70,73
6,第六章　審判,47,第百六十二条,PROCEDURE,請求,76,78
6,第六章　審判,47,第百六十二条,PROCEDURE,図面,83,85
6,第六章　審判,47,第百六十二条,PROCEDURE,審査,99,101
6,第六章　審判,47,第百六十二条,PROCEDURE,請求,105,107
6,第六章　審判,47,第百六十二条,PROCEDURE,審査,108,110
6,第六章　審判,47,第百六十二条,LEGAL_STATUS,拒絶,21,23
6,第六章　審判,48,第百六十三条,ARTICLE_REFERENCE,第百六十三条,0,6
6,第六章　審判,48,第百六十三条,ARTICLE_REFERENCE,第百六十三条,7,13
6,第六章　審判,48,第百六十三条,ARTICLE_REFERENCE,第四十八条,14,19
6,第六章　審判,48,第百六十三条,ARTICLE_REFERENCE,第五十三条,20,25
6,第六章　審判,48,第百六十三条,ARTICLE_REFERENCE,第五十四条,27,32
6,第六章　審判,48,第百六十三条,ARTICLE_REFERENCE,前条,37,39
6,第六章　審判,48,第百六十三条,ARTICLE_REFERENCE,第五十三条,62,67
6,第六章　審判,48,第百六十三条,ARTICLE_REFERENCE,第一項,67,70
6,第六章　審判,48,第百六十三条,ARTICLE_REFERENCE,第十七条の二,72,78
6,第六章　審判,48,第百六十三条,ARTICLE_REFERENCE,第一項,78,81
6,第六章　審判,48,第百六十三条,ARTICLE_REFERENCE,第一号,81,84
6,第六章　審判,48,第百六十三条,ARTICLE_REFERENCE,第三号,86,89
6,第六章　審判,48,第百六十三条,ARTICLE_REFERENCE,第十七条の二,96,102
6,第六章　審判,48,第百六十三条,ARTICLE_REFERENCE,第一項,102,105
6,第六章　審判,48,第百六十三条,ARTICLE_REFERENCE,第一号,105,108
6,第六章　審判,48,第百六十三条,ARTICLE_REFERENCE,第三号,109,112
6,第六章　審判,48,第百六十三条,ARTICLE_REFERENCE,第四号,114,117
6,第六章　審判,48,第百六十三条,ARTICLE_REFERENCE,同項,134,136
6,第六章　審判,48,第百六十三条,ARTICLE_REFERENCE,第一号,136,139
6,第六章　審判,48,第百六十三条,ARTICLE_REFERENCE,第三号,141,144
6,第六章　審判,48,第百六十三条,ARTICLE_REFERENCE,第五十条,195,199
6,第六章　審判,48,第百六十三条,ARTICLE_REFERENCE,第五十条の二,201,207
6,第六章　審判,48,第百六十三条,ARTICLE_REFERENCE,前条,212,214
6,第六章　審判,48,第百六十三条,ARTICLE_REFERENCE,第五十条,270,274
6,第六章　審判,48,第百六十三条,ARTICLE_REFERENCE,第十七条の二,280,286
6,第六章　審判,48,第百六十三条,ARTICLE_REFERENCE,第一項,286,289
6,第六章　審判,48,第百六十三条,ARTICLE_REFERENCE,第一号,289,292
6,第六章　審判,48,第百六十三条,ARTICLE_REFERENCE,第三号,294,297
6,第六章　審判,48,第百六十三条,ARTICLE_REFERENCE,同項,304,306
6,第六章　審判,48,第百六十三条,ARTICLE_REFERENCE,第一号,306,309
6,第六章　審判,48,第百六十三条,ARTICLE_REFERENCE,次条,333,335
6,第六章　審判,48,第百六十三条,ARTICLE_REFERENCE,第十七条の二,361,367
6,第六章　審判,48,第百六十三条,ARTICLE_REFERENCE,第一項,367,370
6,第六章　審判,48,第百六十三条,ARTICLE_REFERENCE,第一号,370,373
6,第六章　審判,48,第百六十三条,ARTICLE_REFERENCE,次条,386,388
6,第六章　審判,48,第百六十三条,ARTICLE_REFERENCE,第三号,435,438
6,第六章　審判,48,第百六十三条,ARTICLE_REFERENCE,第四号,466,469
6,第六章　審判,48,第百六十三条,ARTICLE_REFERENCE,第五十一条,491,496
6,第六章　審判,48,第百六十三条,ARTICLE_REFERENCE,第五十二条,498,503
6,第六章　審判,48,第百六十三条,ARTICLE_REFERENCE,前条,508,510
6,第六章　審判,48,第百六十三条,PROCEDURE,審査,45,47
6,第六章　審判,48,第百六十三条,PROCEDURE,審判,162,164
6,第六章　審判,48,第百六十三条,PROCEDURE,請求,165,167
6,第六章　審判,48,第百六十三条,PROCEDURE,審査,220,222
6,第六章　審判,48,第百六十三条,PROCEDURE,審判,226,228
6,第六章　審判,48,第百六十三条,PROCEDURE,請求,229,231
6,第六章　審判,48,第百六十三条,PROCEDURE,審判,415,417
6,第六章　審判,48,第百六十三条,PROCEDURE,請求,418,420
6,第六章　審判,48,第百六十三条,PROCEDURE,審判,445,447
6,第六章　審判,48,第百六十三条,PROCEDURE,請求,448,450
6,第六章　審判,48,第百六十三条,PROCEDURE,審査,516,518
6,第六章　審判,48,第百六十三条,PROCEDURE,審判,522,524
6,第六章　審判,48,第百六十三条,PROCEDURE,請求,525,527
6,第六章　審判,48,第百六十三条,LEGAL_STATUS,拒絶,156,158
6,第六章　審判,48,第百六十三条,LEGAL_STATUS,拒絶,243,245
6,第六章　審判,48,第百六十三条,LEGAL_STATUS,拒絶,321,323
6,第六章　審判,48,第百六十三条,LEGAL_STATUS,拒絶,374,376
6,第六章　審判,48,第百六十三条,LEGAL_STATUS,拒絶,409,411
6,第六章　審判,48,第百六十三条,LEGAL_STATUS,拒絶,439,441
6,第六章　審判,49,第百六十四条,ARTICLE_REFERENCE,第百六十四条,0,6
6,第六章　審判,49,第百六十四条,ARTICLE_REFERENCE,第百六十四条,7,13
6,第六章　審判,49,第百六十四条,ARTICLE_REFERENCE,第百六十二条,19,25
6,第六章　審判,49,第百六十四条,ARTICLE_REFERENCE,前項,94,96
6,第六章　審判,49,第百六十四条,ARTICLE_REFERENCE,前条,107,109
6,第六章　審判,49,第百六十四条,ARTICLE_REFERENCE,第一項,109,112
6,第六章　審判,49,第百六十四条,ARTICLE_REFERENCE,第五十三条,120,125
6,第六章　審判,49,第百六十四条,ARTICLE_REFERENCE,第一項,125,128
6,第六章　審判,49,第百六十四条,ARTICLE_REFERENCE,第一項,156,159
6,第六章　審判,49,第百六十四条,ORGANIZATION,審査官,14,17
6,第六章　審判,49,第百六十四条,ORGANIZATION,審査官,89,92
6,第六章　審判,49,第百六十四条,ORGANIZATION,審査官,151,154
6,第六章　審判,49,第百六十四条,ORGANIZATION,特許庁長官,198,203
6,第六章　審判,49,第百六十四条,PROCEDURE,審査,14,16
6,第六章　審判,49,第百六十四条,PROCEDURE,審査,31,33
6,第六章　審判,49,第百六十四条,PROCEDURE,審判,54,56
6,第六章　審判,49,第百六十四条,PROCEDURE,請求,57,59
6,第六章　審判,49,第百六十四条,PROCEDURE,審査,89,91
6,第六章　審判,49,第百六十四条,PROCEDURE,審査,151,153
6,第六章　審判,49,第百六十四条,PROCEDURE,審判,172,174
6,第六章　審判,49,第百六十四条,PROCEDURE,請求,175,177
6,第六章　審判,49,第百六十四条,PROCEDURE,審査,192,194
6,第六章　審判,49,第百六十四条,LEGAL_STATUS,拒絶,62,64
6,第六章　審判,49,第百六十四条,LEGAL_STATUS,却下,134,136
6,第六章　審判,50,第百六十四条の二,LAW_REFERENCE,省令,90,92
6,第六章　審判,50,第百六十四条の二,ARTICLE_REFERENCE,第百六十四条の二,0,8
6,第六章　審判,50,第百六十四条の二,ARTICLE_REFERENCE,第百六十四条の二,24,32
6,第六章　審判,50,第百六十四条の二,ARTICLE_REFERENCE,前項,133,135
6,第六章　審判,50,第百六十四条の二,ARTICLE_REFERENCE,第百五十七条,210,216
6,第六章　審判,50,第百六十四条の二,ARTICLE_REFERENCE,第二項,216,219
6,第六章　審判,50,第百六十四条の二,ARTICLE_REFERENCE,第一項,224,227
6,第六章　審判,50,第百六十四条の二,PROCEDURE,無効審判,12,16
6,第六章　審判,50,第百六十四条の二,PROCEDURE,審判,33,35
6,第六章　審判,50,第百六十四条の二,PROCEDURE,無効審判,40,44
6,第六章　審判,50,第百六十四条の二,PROCEDURE,審判,65,67
6,第六章　審判,50,第百六十四条の二,PROCEDURE,請求,68,70
6,第六章　審判,50,第百六十四条の二,PROCEDURE,審判,128,130
6,第六章　審判,50,第百六十四条の二,PROCEDURE,請求,149,151
6,第六章　審判,50,第百六十四条の二,PROCEDURE,明細書,163,166
6,第六章　審判,50,第百六十四条の二,PROCEDURE,請求,169,171
6,第六章　審判,50,第百六十四条の二,PROCEDURE,図面,176,178
6,第六章　審判,50,第百六十四条の二,PROCEDURE,請求,182,184
6,第六章　審判,50,第百六十四条の二,LEGAL_STATUS,無効,12,14
6,第六章　審判,50,第百六十四条の二,LEGAL_STATUS,無効,40,42
6,第六章　審判,51,第百六十五条,ARTICLE_REFERENCE,第百六十五条,0,6
6,第六章　審判,51,第百六十五条,ARTICLE_REFERENCE,第百六十五条,20,26
6,第六章　審判,51,第百六十五条,ARTICLE_REFERENCE,第百二十六条,40,46
6,第六章　審判,51,第百六十五条,ARTICLE_REFERENCE,第一項,46,49
6,第六章　審判,51,第百六十五条,ARTICLE_REFERENCE,各号,53,55
6,第六章　審判,51,第百六十五条,ARTICLE_REFERENCE,同条,70,72
6,第六章　審判,51,第百六十五条,ARTICLE_REFERENCE,第五項,72,75
6,第六章　審判,51,第百六十五条,ARTICLE_REFERENCE,第七項,77,80
6,第六章　審判,51,第百六十五条,TIME_PERIOD,から,75,77
6,第六章　審判,51,第百六十五条,TIME_PERIOD,まで,80,82
6,第六章　審判,51,第百六十五条,PROCEDURE,審判,10,12
6,第六章　審判,51,第百六十五条,PROCEDURE,審判,27,29
6,第六章　審判,51,第百六十五条,PROCEDURE,審判,34,36
6,第六章　審判,51,第百六十五条,PROCEDURE,請求,37,39
6,第六章　審判,51,第百六十五条,PROCEDURE,請求,95,97
6,第六章　審判,52,第百六十六条,ARTICLE_REFERENCE,第百六十六条,0,6
6,第六章　審判,52,第百六十六条,ARTICLE_REFERENCE,第百六十六条,7,13
6,第六章　審判,52,第百六十六条,ARTICLE_REFERENCE,第百三十四条,14,20
6,第六章　審判,52,第百六十六条,ARTICLE_REFERENCE,第一項,20,23
6,第六章　審判,52,第百六十六条,ARTICLE_REFERENCE,第三項,25,28
6,第六章　審判,52,第百六十六条,ARTICLE_REFERENCE,第百三十四条の二,31,39
6,第六章　審判,52,第百六十六条,ARTICLE_REFERENCE,第百三十四条の三,40,48
6,第六章　審判,52,第百六十六条,ARTICLE_REFERENCE,第百四十八条,49,55
6,第六章　審判,52,第百六十六条,ARTICLE_REFERENCE,第百四十九条,57,63
6,第六章　審判,52,第百六十六条,TIME_PERIOD,から,23,25
6,第六章　審判,52,第百六十六条,TIME_PERIOD,まで,28,30
6,第六章　審判,52,第百六十六条,PROCEDURE,審判,70,72
6,第六章　審判,53,第百六十七条,ARTICLE_REFERENCE,第百六十七条,0,6
6,第六章　審判,53,第百六十七条,ARTICLE_REFERENCE,第百六十七条,15,21
6,第六章　審判,53,第百六十七条,PROCEDURE,無効審判,24,28
6,第六章　審判,53,第百六十七条,PROCEDURE,登録,32,34
6,第六章　審判,53,第百六十七条,PROCEDURE,無効審判,34,38
6,第六章　審判,53,第百六十七条,PROCEDURE,審判,79,81
6,第六章　審判,53,第百六十七条,PROCEDURE,請求,82,84
6,第六章　審判,53,第百六十七条,LEGAL_STATUS,効力,11,13
6,第六章　審判,53,第百六十七条,LEGAL_STATUS,無効,24,26
6,第六章　審判,53,第百六十七条,LEGAL_STATUS,無効,34,36
6,第六章　審判,54,第百六十七条の二,ARTICLE_REFERENCE,第百六十七条の二,0,8
6,第六章　審判,54,第百六十七条の二,ARTICLE_REFERENCE,第百六十七条の二,19,27
6,第六章　審判,54,第百六十七条の二,ARTICLE_REFERENCE,各号,50,52
6,第六章　審判,54,第百六十七条の二,ARTICLE_REFERENCE,各号,67,69
6,第六章　審判,54,第百六十七条の二,ARTICLE_REFERENCE,第百三十四条の二,122,130
6,第六章　審判,54,第百六十七条の二,ARTICLE_REFERENCE,第一項,130,133
6,第六章　審判,54,第百六十七条の二,ARTICLE_REFERENCE,第一号,217,220
6,第六章　審判,54,第百六十七条の二,PROCEDURE,審判,32,34
6,第六章　審判,54,第百六十七条の二,PROCEDURE,請求項,87,90
6,第六章　審判,54,第百六十七条の二,PROCEDURE,無効審判,95,99
6,第六章　審判,54,第百六十七条の二,PROCEDURE,請求,100,102
6,第六章　審判,54,第百六十七条の二,PROCEDURE,請求項,116,119
6,第六章　審判,54,第百六十七条の二,PROCEDURE,請求,137,139
6,第六章　審判,54,第百六十七条の二,PROCEDURE,請求項,151,154
6,第六章　審判,54,第百六十七条の二,PROCEDURE,請求項,162,165
6,第六章　審判,54,第百六十七条の二,PROCEDURE,審判,170,172
6,第六章　審判,54,第百六十七条の二,PROCEDURE,請求,173,175
6,第六章　審判,54,第百六十七条の二,PROCEDURE,請求項,187,190
6,第六章　審判,54,第百六十七条の二,PROCEDURE,請求項,195,198
6,第六章　審判,54,第百六十七条の二,PROCEDURE,審判,201,203
6,第六章　審判,54,第百六十七条の二,PROCEDURE,請求,204,206
6,第六章　審判,54,第百六十七条の二,PROCEDURE,請求項,234,237
6,第六章　審判,54,第百六十七条の二,LEGAL_STATUS,無効,95,97
6,第六章　審判,55,第百六十八条,LAW_REFERENCE,の三第一項の規定による攻撃又は防御の方法,430,450
6,第六章　審判,55,第百六十八条,ARTICLE_REFERENCE,第百六十八条,0,6
6,第六章　審判,55,第百六十八条,ARTICLE_REFERENCE,第百六十八条,16,22
6,第六章　審判,55,第百六十八条,ARTICLE_REFERENCE,前項,277,279
6,第六章　審判,55,第百六十八条,ARTICLE_REFERENCE,前項,376,378
6,第六章　審判,55,第百六十八条,ARTICLE_REFERENCE,第百四条の三,426,432
6,第六章　審判,55,第百六十八条,ARTICLE_REFERENCE,第一項,432,435
6,第六章　審判,55,第百六十八条,ARTICLE_REFERENCE,前項,521,523
6,第六章　審判,55,第百六十八条,TIME_PERIOD,まで,84,86
6,第六章　審判,55,第百六十八条,TIME_PERIOD,まで,166,168
6,第六章　審判,55,第百六十八条,ORGANIZATION,特許庁長官,228,233
6,第六章　審判,55,第百六十八条,ORGANIZATION,特許庁長官,270,275
6,第六章　審判,55,第百六十八条,ORGANIZATION,特許庁長官,495,500
6,第六章　審判,55,第百六十八条,ORGANIZATION,特許庁長官,514,519
6,第六章　審判,55,第百六十八条,ORGANIZATION,審判官,565,568
6,第六章　審判,55,第百六十八条,PROCEDURE,審判,23,25
6,第六章　審判,55,第百六十八条,PROCEDURE,審判,63,65
6,第六章　審判,55,第百六十八条,PROCEDURE,特許権,194,197
6,第六章　審判,55,第百六十八条,PROCEDURE,特許権,296,299
6,第六章　審判,55,第百六十八条,PROCEDURE,審判,304,306
6,第六章　審判,55,第百六十八条,PROCEDURE,請求,307,309
6,第六章　審判,55,第百六十八条,PROCEDURE,審判,329,331
6,第六章　審判,55,第百六十八条,PROCEDURE,請求,332,334
6,第六章　審判,55,第百六十八条,PROCEDURE,請求,346,348
6,第六章　審判,55,第百六十八条,PROCEDURE,特許権,386,389
6,第六章　審判,55,第百六十八条,PROCEDURE,審判,394,396
6,第六章　審判,55,第百六十八条,PROCEDURE,請求,397,399
6,第六章　審判,55,第百六十八条,PROCEDURE,審判,559,561
6,第六章　審判,55,第百六十八条,PROCEDURE,審判,565,567
6,第六章　審判,55,第百六十八条,LEGAL_STATUS,侵害,205,207
6,第六章　審判,55,第百六十八条,LEGAL_STATUS,却下,336,338
6,第六章　審判,56,第百六十九条,LAW_REFERENCE, 特許無効審判及び延長登録無効審判に関する費用の負担は、審判が審決により終了するときはその審決をもつて、審判が審決によらないで終了するときは審判による決定をもつて、職権で、定めなければならない。 ２ 民事訴訟法第六十一条,27,137
6,第六章　審判,56,第百六十九条,LAW_REFERENCE,第二項（訴訟費用の負担）の規定は、前項に規定する審判に関する費用に準用する。この場合において、同法第七十一条,173,227
6,第六章　審判,56,第百六十九条,LAW_REFERENCE,第二項中「最高裁判所規則」とあるのは、「経済産業省令」と読み替えるものとする。 ３ 拒絶査定不服審判及び訂正審判に関する費用は、請求人の負担とする。 ４ 民事訴訟法第六十五条,227,314
6,第六章　審判,56,第百六十九条,LAW_REFERENCE,（共同訴訟の場合の負担）の規定は、前項の規定により請求人が負担する費用に準用する。 ５ 審判に関する費用の額は、請求により、審決又は決定が確定した後に特許庁長官が決定をする。 ６ 審判に関する費用の範囲、額及び納付並びに審判における手続上の行為をするために必要な給付については、その性質に反しない限り、民事訴訟費用等に関する法,314,477
6,第六章　審判,56,第百六十九条,ARTICLE_REFERENCE,第百六十九条,0,6
6,第六章　審判,56,第百六十九条,ARTICLE_REFERENCE,第百六十九条,21,27
6,第六章　審判,56,第百六十九条,ARTICLE_REFERENCE,第六十一条,132,137
6,第六章　審判,56,第百六十九条,ARTICLE_REFERENCE,第六十六条,139,144
6,第六章　審判,56,第百六十九条,ARTICLE_REFERENCE,第六十九条,147,152
6,第六章　審判,56,第百六十九条,ARTICLE_REFERENCE,第一項,152,155
6,第六章　審判,56,第百六十九条,ARTICLE_REFERENCE,第二項,157,160
6,第六章　審判,56,第百六十九条,ARTICLE_REFERENCE,第七十条,161,165
6,第六章　審判,56,第百六十九条,ARTICLE_REFERENCE,第七十一条,168,173
6,第六章　審判,56,第百六十九条,ARTICLE_REFERENCE,第二項,173,176
6,第六章　審判,56,第百六十九条,ARTICLE_REFERENCE,前項,190,192
6,第六章　審判,56,第百六十九条,ARTICLE_REFERENCE,第七十一条,222,227
6,第六章　審判,56,第百六十九条,ARTICLE_REFERENCE,第二項,227,230
6,第六章　審判,56,第百六十九条,ARTICLE_REFERENCE,第六十五条,309,314
6,第六章　審判,56,第百六十九条,ARTICLE_REFERENCE,前項,331,333
6,第六章　審判,56,第百六十九条,ARTICLE_REFERENCE,第二章,489,492
6,第六章　審判,56,第百六十九条,ARTICLE_REFERENCE,第一節,492,495
6,第六章　審判,56,第百六十九条,ARTICLE_REFERENCE,第三節,497,500
6,第六章　審判,56,第百六十九条,TIME_PERIOD,から,137,139
6,第六章　審判,56,第百六十九条,TIME_PERIOD,まで,144,146
6,第六章　審判,56,第百六十九条,ORGANIZATION,最高裁判所,232,237
6,第六章　審判,56,第百六十九条,ORGANIZATION,特許庁長官,389,394
6,第六章　審判,56,第百六十九条,PROCEDURE,審判,8,10
6,第六章　審判,56,第百六十九条,PROCEDURE,無効審判,30,34
6,第六章　審判,56,第百六十九条,PROCEDURE,登録,38,40
6,第六章　審判,56,第百六十九条,PROCEDURE,無効審判,40,44
6,第六章　審判,56,第百六十九条,PROCEDURE,審判,55,57
6,第六章　審判,56,第百六十九条,PROCEDURE,審判,79,81
6,第六章　審判,56,第百六十九条,PROCEDURE,審判,97,99
6,第六章　審判,56,第百六十九条,PROCEDURE,審判,197,199
6,第六章　審判,56,第百六十九条,PROCEDURE,審判,275,277
6,第六章　審判,56,第百六十九条,PROCEDURE,審判,281,283
6,第六章　審判,56,第百六十九条,PROCEDURE,請求,291,293
6,第六章　審判,56,第百六十九条,PROCEDURE,請求,339,341
6,第六章　審判,56,第百六十九条,PROCEDURE,審判,358,360
6,第六章　審判,56,第百六十九条,PROCEDURE,請求,370,372
6,第六章　審判,56,第百六十九条,PROCEDURE,審判,404,406
6,第六章　審判,56,第百六十九条,PROCEDURE,審判,424,426
6,第六章　審判,56,第百六十九条,LEGAL_STATUS,無効,30,32
6,第六章　審判,56,第百六十九条,LEGAL_STATUS,無効,40,42
6,第六章　審判,56,第百六十九条,LEGAL_STATUS,拒絶,269,271
6,第六章　審判,57,第百七十条,ARTICLE_REFERENCE,第百七十条,0,5
6,第六章　審判,57,第百七十条,ARTICLE_REFERENCE,第百七十条,20,25
6,第六章　審判,57,第百七十条,PROCEDURE,審判,26,28
6,第六章　審判,57,第百七十条,LEGAL_STATUS,効力,63,65
7,第七章　再審,0,第百七十一条,LAW_REFERENCE, 確定した取消決定及び確定審決に対しては、当事者又は参加人は、再審を請求することができる。 ２ 民事訴訟法第三百三十八条,21,81
7,第七章　再審,0,第百七十一条,ARTICLE_REFERENCE,第百七十一条,0,6
7,第七章　再審,0,第百七十一条,ARTICLE_REFERENCE,第百七十一条,15,21
7,第七章　再審,0,第百七十一条,ARTICLE_REFERENCE,第三百三十八条,74,81
7,第七章　再審,0,第百七十一条,ARTICLE_REFERENCE,第一項,81,84
7,第七章　再審,0,第百七十一条,ARTICLE_REFERENCE,第二項,86,89
7,第七章　再審,0,第百七十一条,ARTICLE_REFERENCE,第三百三十九条,92,99
7,第七章　再審,0,第百七十一条,ARTICLE_REFERENCE,前項,111,113
7,第七章　再審,0,第百七十一条,PROCEDURE,再審,8,10
7,第七章　再審,0,第百七十一条,PROCEDURE,請求,11,13
7,第七章　再審,0,第百七十一条,PROCEDURE,再審,52,54
7,第七章　再審,0,第百七十一条,PROCEDURE,請求,55,57
7,第七章　再審,0,第百七十一条,PROCEDURE,再審,100,102
7,第七章　再審,0,第百七十一条,PROCEDURE,再審,114,116
7,第七章　再審,0,第百七十一条,PROCEDURE,請求,117,119
7,第七章　再審,0,第百七十一条,LEGAL_STATUS,取消,26,28
7,第七章　再審,1,第百七十二条,ARTICLE_REFERENCE,第百七十二条,0,6
7,第七章　再審,1,第百七十二条,ARTICLE_REFERENCE,第百七十二条,7,13
7,第七章　再審,1,第百七十二条,ARTICLE_REFERENCE,前項,94,96
7,第七章　再審,1,第百七十二条,PROCEDURE,審判,14,16
7,第七章　再審,1,第百七十二条,PROCEDURE,請求,17,19
7,第七章　再審,1,第百七十二条,PROCEDURE,請求,23,25
7,第七章　再審,1,第百七十二条,PROCEDURE,再審,77,79
7,第七章　再審,1,第百七十二条,PROCEDURE,請求,80,82
7,第七章　再審,1,第百七十二条,PROCEDURE,再審,97,99
7,第七章　再審,1,第百七十二条,PROCEDURE,請求,103,105
7,第七章　再審,1,第百七十二条,PROCEDURE,請求,109,111
7,第七章　再審,1,第百七十二条,PROCEDURE,請求,116,118
7,第七章　再審,1,第百七十二条,PROCEDURE,請求,122,124
7,第七章　再審,1,第百七十二条,LEGAL_STATUS,権利,35,37
7,第七章　再審,2,第百七十三条,LAW_REFERENCE, 再審は、請求人が取消決定又は審決が確定した後再審の理由を知つた日から三十日以内に請求しなければならない。 ２ 再審を請求する者がその責めに帰することができない理由により前項に規定する期間内にその請求をすることができないときは、同項の規定にかかわらず、その理由がなくなつた日から十四日（在外者にあつては、二月）以内でその期間の経過後六月以内にその請求をすることができる。 ３ 請求人が法律の規定に従つて代理されなかつたことを理由として再審を請求するときは、第一項に規定する期間は、請求人又はその法,23,271
7,第七章　再審,2,第百七十三条,ARTICLE_REFERENCE,第百七十三条,0,6
7,第七章　再審,2,第百七十三条,ARTICLE_REFERENCE,第百七十三条,17,23
7,第七章　再審,2,第百七十三条,ARTICLE_REFERENCE,前項,108,110
7,第七章　再審,2,第百七十三条,ARTICLE_REFERENCE,同項,137,139
7,第七章　再審,2,第百七十三条,ARTICLE_REFERENCE,第一項,251,254
7,第七章　再審,2,第百七十三条,ARTICLE_REFERENCE,前項,385,387
7,第七章　再審,2,第百七十三条,ARTICLE_REFERENCE,第一項,419,422
7,第七章　再審,2,第百七十三条,ARTICLE_REFERENCE,第四項,424,427
7,第七章　再審,2,第百七十三条,TIME_PERIOD,から,56,58
7,第七章　再審,2,第百七十三条,TIME_PERIOD,三十日以内,58,63
7,第七章　再審,2,第百七十三条,TIME_PERIOD,から,160,162
7,第七章　再審,2,第百七十三条,TIME_PERIOD,十四日,162,165
7,第七章　再審,2,第百七十三条,TIME_PERIOD,二月,175,177
7,第七章　再審,2,第百七十三条,TIME_PERIOD,以内,178,180
7,第七章　再審,2,第百七十三条,TIME_PERIOD,六月以内,189,193
7,第七章　再審,2,第百七十三条,TIME_PERIOD,から,303,305
7,第七章　再審,2,第百七十三条,TIME_PERIOD,から,327,329
7,第七章　再審,2,第百七十三条,TIME_PERIOD,三年,329,331
7,第七章　再審,2,第百七十三条,TIME_PERIOD,を経過,331,334
7,第七章　再審,2,第百七十三条,TIME_PERIOD,から,409,411
7,第七章　再審,2,第百七十三条,PROCEDURE,再審,8,10
7,第七章　再審,2,第百七十三条,PROCEDURE,請求,11,13
7,第七章　再審,2,第百七十三条,PROCEDURE,再審,24,26
7,第七章　再審,2,第百七十三条,PROCEDURE,請求,28,30
7,第七章　再審,2,第百七十三条,PROCEDURE,再審,46,48
7,第七章　再審,2,第百七十三条,PROCEDURE,請求,64,66
7,第七章　再審,2,第百七十三条,PROCEDURE,再審,79,81
7,第七章　再審,2,第百七十三条,PROCEDURE,請求,82,84
7,第七章　再審,2,第百七十三条,PROCEDURE,請求,121,123
7,第七章　再審,2,第百七十三条,PROCEDURE,請求,196,198
7,第七章　再審,2,第百七十三条,PROCEDURE,請求,211,213
7,第七章　再審,2,第百七十三条,PROCEDURE,再審,240,242
7,第七章　再審,2,第百七十三条,PROCEDURE,請求,243,245
7,第七章　再審,2,第百七十三条,PROCEDURE,請求,263,265
7,第七章　再審,2,第百七十三条,PROCEDURE,再審,339,341
7,第七章　再審,2,第百七十三条,PROCEDURE,請求,342,344
7,第七章　再審,2,第百七十三条,PROCEDURE,再審,357,359
7,第七章　再審,2,第百七十三条,PROCEDURE,再審,459,461
7,第七章　再審,2,第百七十三条,PROCEDURE,請求,462,464
7,第七章　再審,2,第百七十三条,LEGAL_STATUS,取消,32,34
7,第七章　再審,2,第百七十三条,LEGAL_STATUS,代理人,272,275
7,第七章　再審,2,第百七十三条,LEGAL_STATUS,取消,281,283
7,第七章　再審,2,第百七十三条,LEGAL_STATUS,取消,313,315
7,第七章　再審,2,第百七十三条,LEGAL_STATUS,取消,363,365
7,第七章　再審,3,第百七十四条,LAW_REFERENCE,の規定は、訂正審判の確定審決に対する再審に準用する。 ５ 民事訴訟法第三百四十八条,814,855
7,第七章　再審,3,第百七十四条,ARTICLE_REFERENCE,第百七十四条,0,6
7,第七章　再審,3,第百七十四条,ARTICLE_REFERENCE,第百七十四条,19,25
7,第七章　再審,3,第百七十四条,ARTICLE_REFERENCE,第百十四条,26,31
7,第七章　再審,3,第百七十四条,ARTICLE_REFERENCE,第百十六条,32,37
7,第七章　再審,3,第百七十四条,ARTICLE_REFERENCE,第百二十条の二,39,46
7,第七章　再審,3,第百七十四条,ARTICLE_REFERENCE,第百二十条の五,49,56
7,第七章　再審,3,第百七十四条,ARTICLE_REFERENCE,第百二十条の八,58,65
7,第七章　再審,3,第百七十四条,ARTICLE_REFERENCE,第百三十一条,68,74
7,第七章　再審,3,第百七十四条,ARTICLE_REFERENCE,第一項,74,77
7,第七章　再審,3,第百七十四条,ARTICLE_REFERENCE,第百三十一条の二,78,86
7,第七章　再審,3,第百七十四条,ARTICLE_REFERENCE,第一項,86,89
7,第七章　再審,3,第百七十四条,ARTICLE_REFERENCE,第百三十二条,92,98
7,第七章　再審,3,第百七十四条,ARTICLE_REFERENCE,第三項,98,101
7,第七章　再審,3,第百七十四条,ARTICLE_REFERENCE,第百五十四条,102,108
7,第七章　再審,3,第百七十四条,ARTICLE_REFERENCE,第百五十五条,109,115
7,第七章　再審,3,第百七十四条,ARTICLE_REFERENCE,第一項,115,118
7,第七章　再審,3,第百七十四条,ARTICLE_REFERENCE,第三項,120,123
7,第七章　再審,3,第百七十四条,ARTICLE_REFERENCE,第百五十六条,126,132
7,第七章　再審,3,第百七十四条,ARTICLE_REFERENCE,第一項,132,135
7,第七章　再審,3,第百七十四条,ARTICLE_REFERENCE,第三項,136,139
7,第七章　再審,3,第百七十四条,ARTICLE_REFERENCE,第四項,141,144
7,第七章　再審,3,第百七十四条,ARTICLE_REFERENCE,第百三十一条,172,178
7,第七章　再審,3,第百七十四条,ARTICLE_REFERENCE,第一項,178,181
7,第七章　再審,3,第百七十四条,ARTICLE_REFERENCE,第百三十一条の二,182,190
7,第七章　再審,3,第百七十四条,ARTICLE_REFERENCE,第一項,190,193
7,第七章　再審,3,第百七十四条,ARTICLE_REFERENCE,第百三十二条,196,202
7,第七章　再審,3,第百七十四条,ARTICLE_REFERENCE,第三項,202,205
7,第七章　再審,3,第百七十四条,ARTICLE_REFERENCE,第四項,207,210
7,第七章　再審,3,第百七十四条,ARTICLE_REFERENCE,第百三十三条,211,217
7,第七章　再審,3,第百七十四条,ARTICLE_REFERENCE,第百三十三条の二,218,226
7,第七章　再審,3,第百七十四条,ARTICLE_REFERENCE,第百三十四条,227,233
7,第七章　再審,3,第百七十四条,ARTICLE_REFERENCE,第四項,233,236
7,第七章　再審,3,第百七十四条,ARTICLE_REFERENCE,第百三十五条,237,243
7,第七章　再審,3,第百七十四条,ARTICLE_REFERENCE,第百四十七条,245,251
7,第七章　再審,3,第百七十四条,ARTICLE_REFERENCE,第百五十条,254,259
7,第七章　再審,3,第百七十四条,ARTICLE_REFERENCE,第百五十二条,261,267
7,第七章　再審,3,第百七十四条,ARTICLE_REFERENCE,第百五十五条,270,276
7,第七章　再審,3,第百七十四条,ARTICLE_REFERENCE,第一項,276,279
7,第七章　再審,3,第百七十四条,ARTICLE_REFERENCE,第百五十六条,280,286
7,第七章　再審,3,第百七十四条,ARTICLE_REFERENCE,第一項,286,289
7,第七章　再審,3,第百七十四条,ARTICLE_REFERENCE,第三項,290,293
7,第七章　再審,3,第百七十四条,ARTICLE_REFERENCE,第四項,295,298
7,第七章　再審,3,第百七十四条,ARTICLE_REFERENCE,第百五十七条,299,305
7,第七章　再審,3,第百七十四条,ARTICLE_REFERENCE,第百六十条,307,312
7,第七章　再審,3,第百七十四条,ARTICLE_REFERENCE,第百六十七条の二,315,323
7,第七章　再審,3,第百七十四条,ARTICLE_REFERENCE,第百六十八条,326,332
7,第七章　再審,3,第百七十四条,ARTICLE_REFERENCE,第百六十九条,333,339
7,第七章　再審,3,第百七十四条,ARTICLE_REFERENCE,第三項,339,342
7,第七章　再審,3,第百七十四条,ARTICLE_REFERENCE,第六項,344,347
7,第七章　再審,3,第百七十四条,ARTICLE_REFERENCE,第百七十条,352,357
7,第七章　再審,3,第百七十四条,ARTICLE_REFERENCE,第百三十一条,390,396
7,第七章　再審,3,第百七十四条,ARTICLE_REFERENCE,第一項,396,399
7,第七章　再審,3,第百七十四条,ARTICLE_REFERENCE,第百三十一条の二,400,408
7,第七章　再審,3,第百七十四条,ARTICLE_REFERENCE,第一項,408,411
7,第七章　再審,3,第百七十四条,ARTICLE_REFERENCE,第百三十二条,414,420
7,第七章　再審,3,第百七十四条,ARTICLE_REFERENCE,第一項,420,423
7,第七章　再審,3,第百七十四条,ARTICLE_REFERENCE,第二項,424,427
7,第七章　再審,3,第百七十四条,ARTICLE_REFERENCE,第四項,429,432
7,第七章　再審,3,第百七十四条,ARTICLE_REFERENCE,第百三十三条,433,439
7,第七章　再審,3,第百七十四条,ARTICLE_REFERENCE,第百三十三条の二,440,448
7,第七章　再審,3,第百七十四条,ARTICLE_REFERENCE,第百三十四条,449,455
7,第七章　再審,3,第百七十四条,ARTICLE_REFERENCE,第一項,455,458
7,第七章　再審,3,第百七十四条,ARTICLE_REFERENCE,第三項,459,462
7,第七章　再審,3,第百七十四条,ARTICLE_REFERENCE,第四項,464,467
7,第七章　再審,3,第百七十四条,ARTICLE_REFERENCE,第百三十五条,468,474
7,第七章　再審,3,第百七十四条,ARTICLE_REFERENCE,第百五十二条,476,482
7,第七章　再審,3,第百七十四条,ARTICLE_REFERENCE,第百五十四条,485,491
7,第七章　再審,3,第百七十四条,ARTICLE_REFERENCE,第百五十五条,492,498
7,第七章　再審,3,第百七十四条,ARTICLE_REFERENCE,第一項,498,501
7,第七章　再審,3,第百七十四条,ARTICLE_REFERENCE,第三項,503,506
7,第七章　再審,3,第百七十四条,ARTICLE_REFERENCE,第百五十六条,509,515
7,第七章　再審,3,第百七十四条,ARTICLE_REFERENCE,第一項,515,518
7,第七章　再審,3,第百七十四条,ARTICLE_REFERENCE,第三項,519,522
7,第七章　再審,3,第百七十四条,ARTICLE_REFERENCE,第四項,524,527
7,第七章　再審,3,第百七十四条,ARTICLE_REFERENCE,第百五十七条,528,534
7,第七章　再審,3,第百七十四条,ARTICLE_REFERENCE,第百六十七条,535,541
7,第七章　再審,3,第百七十四条,ARTICLE_REFERENCE,第百六十八条,543,549
7,第七章　再審,3,第百七十四条,ARTICLE_REFERENCE,第百六十九条,552,558
7,第七章　再審,3,第百七十四条,ARTICLE_REFERENCE,第一項,558,561
7,第七章　再審,3,第百七十四条,ARTICLE_REFERENCE,第二項,562,565
7,第七章　再審,3,第百七十四条,ARTICLE_REFERENCE,第五項,566,569
7,第七章　再審,3,第百七十四条,ARTICLE_REFERENCE,第六項,571,574
7,第七章　再審,3,第百七十四条,ARTICLE_REFERENCE,第百七十条,577,582
7,第七章　再審,3,第百七十四条,ARTICLE_REFERENCE,第百三十一条,623,629
7,第七章　再審,3,第百七十四条,ARTICLE_REFERENCE,第一項,629,632
7,第七章　再審,3,第百七十四条,ARTICLE_REFERENCE,第四項,634,637
7,第七章　再審,3,第百七十四条,ARTICLE_REFERENCE,第百三十一条の二,638,646
7,第七章　再審,3,第百七十四条,ARTICLE_REFERENCE,第一項,646,649
7,第七章　再審,3,第百七十四条,ARTICLE_REFERENCE,第百三十二条,652,658
7,第七章　再審,3,第百七十四条,ARTICLE_REFERENCE,第三項,658,661
7,第七章　再審,3,第百七十四条,ARTICLE_REFERENCE,第四項,663,666
7,第七章　再審,3,第百七十四条,ARTICLE_REFERENCE,第百三十三条,667,673
7,第七章　再審,3,第百七十四条,ARTICLE_REFERENCE,第百三十三条の二,674,682
7,第七章　再審,3,第百七十四条,ARTICLE_REFERENCE,第百三十四条,683,689
7,第七章　再審,3,第百七十四条,ARTICLE_REFERENCE,第四項,689,692
7,第七章　再審,3,第百七十四条,ARTICLE_REFERENCE,第百三十五条,693,699
7,第七章　再審,3,第百七十四条,ARTICLE_REFERENCE,第百四十七条,701,707
7,第七章　再審,3,第百七十四条,ARTICLE_REFERENCE,第百五十条,710,715
7,第七章　再審,3,第百七十四条,ARTICLE_REFERENCE,第百五十二条,717,723
7,第七章　再審,3,第百七十四条,ARTICLE_REFERENCE,第百五十五条,726,732
7,第七章　再審,3,第百七十四条,ARTICLE_REFERENCE,第一項,732,735
7,第七章　再審,3,第百七十四条,ARTICLE_REFERENCE,第四項,737,740
7,第七章　再審,3,第百七十四条,ARTICLE_REFERENCE,第百五十六条,741,747
7,第七章　再審,3,第百七十四条,ARTICLE_REFERENCE,第一項,747,750
7,第七章　再審,3,第百七十四条,ARTICLE_REFERENCE,第三項,751,754
7,第七章　再審,3,第百七十四条,ARTICLE_REFERENCE,第四項,756,759
7,第七章　再審,3,第百七十四条,ARTICLE_REFERENCE,第百五十七条,760,766
7,第七章　再審,3,第百七十四条,ARTICLE_REFERENCE,第百六十五条,767,773
7,第七章　再審,3,第百七十四条,ARTICLE_REFERENCE,第百六十七条の二,774,782
7,第七章　再審,3,第百七十四条,ARTICLE_REFERENCE,第百六十八条,783,789
7,第七章　再審,3,第百七十四条,ARTICLE_REFERENCE,第百六十九条,790,796
7,第七章　再審,3,第百七十四条,ARTICLE_REFERENCE,第三項,796,799
7,第七章　再審,3,第百七十四条,ARTICLE_REFERENCE,第六項,801,804
7,第七章　再審,3,第百七十四条,ARTICLE_REFERENCE,第百七十条,809,814
7,第七章　再審,3,第百七十四条,ARTICLE_REFERENCE,第三百四十八条,848,855
7,第七章　再審,3,第百七十四条,ARTICLE_REFERENCE,第一項,855,858
7,第七章　再審,3,第百七十四条,TIME_PERIOD,から,37,39
7,第七章　再審,3,第百七十四条,TIME_PERIOD,まで,46,48
7,第七章　再審,3,第百七十四条,TIME_PERIOD,から,56,58
7,第七章　再審,3,第百七十四条,TIME_PERIOD,まで,65,67
7,第七章　再審,3,第百七十四条,TIME_PERIOD,から,243,245
7,第七章　再審,3,第百七十四条,TIME_PERIOD,まで,251,253
7,第七章　再審,3,第百七十四条,TIME_PERIOD,から,259,261
7,第七章　再審,3,第百七十四条,TIME_PERIOD,まで,267,269
7,第七章　再審,3,第百七十四条,TIME_PERIOD,から,305,307
7,第七章　再審,3,第百七十四条,TIME_PERIOD,まで,312,314
7,第七章　再審,3,第百七十四条,TIME_PERIOD,から,342,344
7,第七章　再審,3,第百七十四条,TIME_PERIOD,まで,347,349
7,第七章　再審,3,第百七十四条,TIME_PERIOD,から,474,476
7,第七章　再審,3,第百七十四条,TIME_PERIOD,まで,482,484
7,第七章　再審,3,第百七十四条,TIME_PERIOD,から,501,503
7,第七章　再審,3,第百七十四条,TIME_PERIOD,まで,506,508
7,第七章　再審,3,第百七十四条,TIME_PERIOD,から,541,543
7,第七章　再審,3,第百七十四条,TIME_PERIOD,まで,549,551
7,第七章　再審,3,第百七十四条,TIME_PERIOD,から,699,701
7,第七章　再審,3,第百七十四条,TIME_PERIOD,まで,707,709
7,第七章　再審,3,第百七十四条,TIME_PERIOD,から,715,717
7,第七章　再審,3,第百七十四条,TIME_PERIOD,まで,723,725
7,第七章　再審,3,第百七十四条,TIME_PERIOD,から,799,801
7,第七章　再審,3,第百七十四条,TIME_PERIOD,まで,804,806
7,第七章　再審,3,第百七十四条,PROCEDURE,審判,8,10
7,第七章　再審,3,第百七十四条,PROCEDURE,再審,161,163
7,第七章　再審,3,第百七十四条,PROCEDURE,審判,368,370
7,第七章　再審,3,第百七十四条,PROCEDURE,再審,379,381
7,第七章　再審,3,第百七十四条,PROCEDURE,無効審判,589,593
7,第七章　再審,3,第百七十四条,PROCEDURE,登録,597,599
7,第七章　再審,3,第百七十四条,PROCEDURE,無効審判,599,603
7,第七章　再審,3,第百七十四条,PROCEDURE,再審,612,614
7,第七章　再審,3,第百七十四条,PROCEDURE,審判,821,823
7,第七章　再審,3,第百七十四条,PROCEDURE,再審,832,834
7,第七章　再審,3,第百七十四条,PROCEDURE,再審,870,872
7,第七章　再審,3,第百七十四条,LEGAL_STATUS,取消,153,155
7,第七章　再審,3,第百七十四条,LEGAL_STATUS,拒絶,362,364
7,第七章　再審,3,第百七十四条,LEGAL_STATUS,無効,589,591
7,第七章　再審,3,第百七十四条,LEGAL_STATUS,無効,599,601
7,第七章　再審,4,第百七十五条,LAW_REFERENCE, 取り消し、若しくは無効にした特許に係る特許権若しくは無効にした存続期間の延長登録に係る特許権が再審により回復した場合又は拒絶をすべき旨の審決があつた特許出願若しくは特許権の存続期間の延長登録の出願について再審により特許権の設定の登録若しくは特許権の存続期間を延長した旨の登録があつた場合において、その特許が物の発明についてされているときは、特許権の効力は、当該取消決定又は審決が確定した後再審の請求の登録前に善意に輸入し、又は日本国内において生産し、若しくは取得した当該物には、及ばない。 ２ 取り消し、若しくは無効にした特許に係る特許権若しくは無効にした存続期間の延長登録に係る特許権が再審により回復したとき、又は拒絶をすべき旨の審決があつた特許出願若しくは特許権の存続期間の延長登録の出願について再審により特許権の設定の登録若しくは特許権の存続期間を延長した旨の登録があつたときは、特許権の効力は、当該取消決定又は審決が確定した後再審の請求の登録前における次に掲げる行為には、及ばない。 一 当該発明の善意の実施 二 特許が物の発明についてされている場合において、善意に、その物の生産に用いる物の生産、譲渡等若しくは輸入又は譲渡等の申出をした行為 三 特許が物の発明についてされている場合において、善意に、その物を譲渡等又は輸出のために所持した行為 四 特許が方法の発明についてされている場合において、善意に、その方法の使用に用いる物の生産、譲渡等若しくは輸入又は譲渡等の申出をした行為 五 特許が物を生産する方法の発明についてされている場合において、善意に、その方法,34,721
7,第七章　再審,4,第百七十五条,ARTICLE_REFERENCE,第百七十五条,0,6
7,第七章　再審,4,第百七十五条,ARTICLE_REFERENCE,第百七十五条,28,34
7,第七章　再審,4,第百七十五条,PROCEDURE,再審,8,10
7,第七章　再審,4,第百七十五条,PROCEDURE,特許権,17,20
7,第七章　再審,4,第百七十五条,PROCEDURE,特許権,54,57
7,第七章　再審,4,第百七十五条,PROCEDURE,登録,73,75
7,第七章　再審,4,第百七十五条,PROCEDURE,特許権,78,81
7,第七章　再審,4,第百七十五条,PROCEDURE,再審,82,84
7,第七章　再審,4,第百七十五条,PROCEDURE,出願,111,113
7,第七章　再審,4,第百七十五条,PROCEDURE,特許権,117,120
7,第七章　再審,4,第百七十五条,PROCEDURE,登録,128,130
7,第七章　再審,4,第百七十五条,PROCEDURE,出願,131,133
7,第七章　再審,4,第百七十五条,PROCEDURE,再審,137,139
7,第七章　再審,4,第百七十五条,PROCEDURE,特許権,142,145
7,第七章　再審,4,第百七十五条,PROCEDURE,登録,149,151
7,第七章　再審,4,第百七十五条,PROCEDURE,特許権,155,158
7,第七章　再審,4,第百七十五条,PROCEDURE,登録,170,172
7,第七章　再審,4,第百七十五条,PROCEDURE,発明,190,192
7,第七章　再審,4,第百七十五条,PROCEDURE,特許権,205,208
7,第七章　再審,4,第百七十五条,PROCEDURE,再審,229,231
7,第七章　再審,4,第百七十五条,PROCEDURE,請求,232,234
7,第七章　再審,4,第百七十五条,PROCEDURE,登録,235,237
7,第七章　再審,4,第百七十五条,PROCEDURE,特許権,301,304
7,第七章　再審,4,第百七十五条,PROCEDURE,登録,320,322
7,第七章　再審,4,第百七十五条,PROCEDURE,特許権,325,328
7,第七章　再審,4,第百七十五条,PROCEDURE,再審,329,331
7,第七章　再審,4,第百七十五条,PROCEDURE,出願,359,361
7,第七章　再審,4,第百七十五条,PROCEDURE,特許権,365,368
7,第七章　再審,4,第百七十五条,PROCEDURE,登録,376,378
7,第七章　再審,4,第百七十五条,PROCEDURE,出願,379,381
7,第七章　再審,4,第百七十五条,PROCEDURE,再審,385,387
7,第七章　再審,4,第百七十五条,PROCEDURE,特許権,390,393
7,第七章　再審,4,第百七十五条,PROCEDURE,登録,397,399
7,第七章　再審,4,第百七十五条,PROCEDURE,特許権,403,406
7,第七章　再審,4,第百七十五条,PROCEDURE,登録,418,420
7,第七章　再審,4,第百七十五条,PROCEDURE,特許権,428,431
7,第七章　再審,4,第百七十五条,PROCEDURE,再審,452,454
7,第七章　再審,4,第百七十五条,PROCEDURE,請求,455,457
7,第七章　再審,4,第百七十五条,PROCEDURE,登録,458,460
7,第七章　再審,4,第百七十五条,PROCEDURE,発明,485,487
7,第七章　再審,4,第百七十五条,PROCEDURE,発明,501,503
7,第七章　再審,4,第百七十五条,PROCEDURE,発明,568,570
7,第七章　再審,4,第百七十五条,PROCEDURE,発明,620,622
7,第七章　再審,4,第百七十五条,PROCEDURE,発明,695,697
7,第七章　再審,4,第百七十五条,LEGAL_STATUS,効力,21,23
7,第七章　再審,4,第百七十五条,LEGAL_STATUS,無効,44,46
7,第七章　再審,4,第百七十五条,LEGAL_STATUS,無効,61,63
7,第七章　再審,4,第百七十五条,LEGAL_STATUS,拒絶,95,97
7,第七章　再審,4,第百七十五条,LEGAL_STATUS,効力,209,211
7,第七章　再審,4,第百七十五条,LEGAL_STATUS,取消,215,217
7,第七章　再審,4,第百七十五条,LEGAL_STATUS,無効,291,293
7,第七章　再審,4,第百七十五条,LEGAL_STATUS,無効,308,310
7,第七章　再審,4,第百七十五条,LEGAL_STATUS,拒絶,343,345
7,第七章　再審,4,第百七十五条,LEGAL_STATUS,効力,432,434
7,第七章　再審,4,第百七十五条,LEGAL_STATUS,取消,438,440
7,第七章　再審,5,第百七十六条,ARTICLE_REFERENCE,第百七十六条,0,6
7,第七章　再審,5,第百七十六条,ARTICLE_REFERENCE,第百七十六条,7,13
7,第七章　再審,5,第百七十六条,PROCEDURE,特許権,33,36
7,第七章　再審,5,第百七十六条,PROCEDURE,登録,52,54
7,第七章　再審,5,第百七十六条,PROCEDURE,特許権,57,60
7,第七章　再審,5,第百七十六条,PROCEDURE,再審,61,63
7,第七章　再審,5,第百七十六条,PROCEDURE,出願,91,93
7,第七章　再審,5,第百七十六条,PROCEDURE,特許権,97,100
7,第七章　再審,5,第百七十六条,PROCEDURE,登録,108,110
7,第七章　再審,5,第百七十六条,PROCEDURE,出願,111,113
7,第七章　再審,5,第百七十六条,PROCEDURE,再審,117,119
7,第七章　再審,5,第百七十六条,PROCEDURE,特許権,122,125
7,第七章　再審,5,第百七十六条,PROCEDURE,登録,129,131
7,第七章　再審,5,第百七十六条,PROCEDURE,特許権,135,138
7,第七章　再審,5,第百七十六条,PROCEDURE,登録,150,152
7,第七章　再審,5,第百七十六条,PROCEDURE,再審,176,178
7,第七章　再審,5,第百七十六条,PROCEDURE,請求,179,181
7,第七章　再審,5,第百七十六条,PROCEDURE,登録,182,184
7,第七章　再審,5,第百七十六条,PROCEDURE,発明,199,201
7,第七章　再審,5,第百七十六条,PROCEDURE,発明,245,247
7,第七章　再審,5,第百七十六条,PROCEDURE,特許権,265,268
7,第七章　再審,5,第百七十六条,LEGAL_STATUS,無効,23,25
7,第七章　再審,5,第百七十六条,LEGAL_STATUS,無効,40,42
7,第七章　再審,5,第百七十六条,LEGAL_STATUS,拒絶,75,77
7,第七章　再審,5,第百七十六条,LEGAL_STATUS,取消,162,164
7,第七章　再審,6,第百七十七条,ARTICLE_REFERENCE,第百七十七条,0,6
7,第七章　再審,6,第百七十七条,ARTICLE_REFERENCE,第百七十七条,7,13
8,第八章　訴訟,0,第百七十八条,ARTICLE_REFERENCE,第百七十八条,0,6
8,第八章　訴訟,0,第百七十八条,ARTICLE_REFERENCE,第百七十八条,19,25
8,第八章　訴訟,0,第百七十八条,ARTICLE_REFERENCE,第百二十条の五,64,71
8,第八章　訴訟,0,第百七十八条,ARTICLE_REFERENCE,第二項,71,74
8,第八章　訴訟,0,第百七十八条,ARTICLE_REFERENCE,第百三十四条の二,78,86
8,第八章　訴訟,0,第百七十八条,ARTICLE_REFERENCE,第一項,86,89
8,第八章　訴訟,0,第百七十八条,ARTICLE_REFERENCE,前項,129,131
8,第八章　訴訟,0,第百七十八条,ARTICLE_REFERENCE,第一項,208,211
8,第八章　訴訟,0,第百七十八条,ARTICLE_REFERENCE,前項,261,263
8,第八章　訴訟,0,第百七十八条,ARTICLE_REFERENCE,前項,306,308
8,第八章　訴訟,0,第百七十八条,TIME_PERIOD,から,233,235
8,第八章　訴訟,0,第百七十八条,TIME_PERIOD,三十日,235,238
8,第八章　訴訟,0,第百七十八条,TIME_PERIOD,を経過,238,241
8,第八章　訴訟,0,第百七十八条,ORGANIZATION,高等裁判所,112,117
8,第八章　訴訟,0,第百七十八条,PROCEDURE,審判,50,52
8,第八章　訴訟,0,第百七十八条,PROCEDURE,再審,56,58
8,第八章　訴訟,0,第百七十八条,PROCEDURE,請求,59,61
8,第八章　訴訟,0,第百七十八条,PROCEDURE,請求,93,95
8,第八章　訴訟,0,第百七十八条,PROCEDURE,審判,163,165
8,第八章　訴訟,0,第百七十八条,PROCEDURE,再審,169,171
8,第八章　訴訟,0,第百七十八条,PROCEDURE,申請,175,177
8,第八章　訴訟,0,第百七十八条,PROCEDURE,申請,181,183
8,第八章　訴訟,0,第百七十八条,PROCEDURE,審判,279,281
8,第八章　訴訟,0,第百七十八条,PROCEDURE,審判,336,338
8,第八章　訴訟,0,第百七十八条,PROCEDURE,請求,339,341
8,第八章　訴訟,0,第百七十八条,LEGAL_STATUS,取消,26,28
8,第八章　訴訟,0,第百七十八条,LEGAL_STATUS,却下,97,99
8,第八章　訴訟,1,第百七十九条,ARTICLE_REFERENCE,第百七十九条,0,6
8,第八章　訴訟,1,第百七十九条,ARTICLE_REFERENCE,第百七十九条,14,20
8,第八章　訴訟,1,第百七十九条,ARTICLE_REFERENCE,前条,21,23
8,第八章　訴訟,1,第百七十九条,ARTICLE_REFERENCE,第一項,23,26
8,第八章　訴訟,1,第百七十九条,ARTICLE_REFERENCE,第百七十一条,93,99
8,第八章　訴訟,1,第百七十九条,ARTICLE_REFERENCE,第一項,99,102
8,第八章　訴訟,1,第百七十九条,ORGANIZATION,特許庁長官,35,40
8,第八章　訴訟,1,第百七十九条,PROCEDURE,無効審判,60,64
8,第八章　訴訟,1,第百七十九条,PROCEDURE,登録,70,72
8,第八章　訴訟,1,第百七十九条,PROCEDURE,無効審判,72,76
8,第八章　訴訟,1,第百七十九条,PROCEDURE,審判,82,84
8,第八章　訴訟,1,第百七十九条,PROCEDURE,再審,103,105
8,第八章　訴訟,1,第百七十九条,PROCEDURE,審判,122,124
8,第八章　訴訟,1,第百七十九条,PROCEDURE,再審,126,128
8,第八章　訴訟,1,第百七十九条,PROCEDURE,請求,129,131
8,第八章　訴訟,1,第百七十九条,PROCEDURE,請求,135,137
8,第八章　訴訟,1,第百七十九条,LEGAL_STATUS,無効,60,62
8,第八章　訴訟,1,第百七十九条,LEGAL_STATUS,無効,72,74
8,第八章　訴訟,2,第百八十条,ARTICLE_REFERENCE,第百八十条,0,5
8,第八章　訴訟,2,第百八十条,ARTICLE_REFERENCE,第百八十条,15,20
8,第八章　訴訟,2,第百八十条,ARTICLE_REFERENCE,前条,26,28
8,第八章　訴訟,2,第百八十条,ARTICLE_REFERENCE,前項,85,87
8,第八章　訴訟,2,第百八十条,TIME_PERIOD,遅滞なく,50,54
8,第八章　訴訟,2,第百八十条,ORGANIZATION,特許庁長官,59,64
8,第八章　訴訟,2,第百八十条,ORGANIZATION,特許庁長官,172,177
8,第八章　訴訟,2,第百八十条,PROCEDURE,請求項,98,101
8,第八章　訴訟,2,第百八十条,PROCEDURE,請求,104,106
8,第八章　訴訟,2,第百八十条,PROCEDURE,無効審判,111,115
8,第八章　訴訟,2,第百八十条,PROCEDURE,審判,119,121
8,第八章　訴訟,2,第百八十条,PROCEDURE,再審,130,132
8,第八章　訴訟,2,第百八十条,PROCEDURE,請求項,155,158
8,第八章　訴訟,2,第百八十条,LEGAL_STATUS,無効,111,113
8,第八章　訴訟,3,第百八十条の二,LAW_REFERENCE,ただし書に規定する訴えの提起があつたときは、特許庁長官に対し、当該事件に関するこの法,48,90
8,第八章　訴訟,3,第百八十条の二,LAW_REFERENCE,ただし書に規定する訴えの提起があつたときは、裁判所の許可を得て、裁判所に対し、当該事件に関するこの法,137,187
8,第八章　訴訟,3,第百八十条の二,ARTICLE_REFERENCE,第百八十条の二,0,7
8,第八章　訴訟,3,第百八十条の二,ARTICLE_REFERENCE,第百八十条の二,29,36
8,第八章　訴訟,3,第百八十条の二,ARTICLE_REFERENCE,第百七十九条,42,48
8,第八章　訴訟,3,第百八十条の二,ARTICLE_REFERENCE,第百七十九条,131,137
8,第八章　訴訟,3,第百八十条の二,ORGANIZATION,特許庁長官,19,24
8,第八章　訴訟,3,第百八十条の二,ORGANIZATION,特許庁長官,70,75
8,第八章　訴訟,3,第百八十条の二,ORGANIZATION,特許庁長官,124,129
8,第八章　訴訟,3,第百八十条の二,ORGANIZATION,特許庁長官,221,226
8,第八章　訴訟,3,第百八十条の二,ORGANIZATION,特許庁,228,231
8,第八章　訴訟,3,第百八十条の二,LEGAL_STATUS,取消,11,13
8,第八章　訴訟,4,第百八十一条,ARTICLE_REFERENCE,第百八十一条,0,6
8,第八章　訴訟,4,第百八十一条,ARTICLE_REFERENCE,第百八十一条,20,26
8,第八章　訴訟,4,第百八十一条,ARTICLE_REFERENCE,第百七十八条,32,38
8,第八章　訴訟,4,第百八十一条,ARTICLE_REFERENCE,第一項,38,41
8,第八章　訴訟,4,第百八十一条,ARTICLE_REFERENCE,前項,106,108
8,第八章　訴訟,4,第百八十一条,ARTICLE_REFERENCE,第百二十条の五,185,192
8,第八章　訴訟,4,第百八十一条,ARTICLE_REFERENCE,第二項,192,195
8,第八章　訴訟,4,第百八十一条,ARTICLE_REFERENCE,第百三十四条の二,197,205
8,第八章　訴訟,4,第百八十一条,ARTICLE_REFERENCE,第一項,205,208
8,第八章　訴訟,4,第百八十一条,ORGANIZATION,審判官,101,104
8,第八章　訴訟,4,第百八十一条,ORGANIZATION,審判官,245,248
8,第八章　訴訟,4,第百八十一条,PROCEDURE,請求,60,62
8,第八章　訴訟,4,第百八十一条,PROCEDURE,審判,101,103
8,第八章　訴訟,4,第百八十一条,PROCEDURE,請求,212,214
8,第八章　訴訟,4,第百八十一条,PROCEDURE,請求項,221,224
8,第八章　訴訟,4,第百八十一条,PROCEDURE,請求項,230,233
8,第八章　訴訟,4,第百八十一条,PROCEDURE,審判,245,247
8,第八章　訴訟,4,第百八十一条,PROCEDURE,請求項,264,267
8,第八章　訴訟,4,第百八十一条,PROCEDURE,請求項,274,277
8,第八章　訴訟,4,第百八十一条,LEGAL_STATUS,取消,15,17
8,第八章　訴訟,4,第百八十一条,LEGAL_STATUS,取消,121,123
8,第八章　訴訟,4,第百八十一条,LEGAL_STATUS,取消,177,179
8,第八章　訴訟,5,第百八十二条,ARTICLE_REFERENCE,第百八十二条,0,6
8,第八章　訴訟,5,第百八十二条,ARTICLE_REFERENCE,第百八十二条,19,25
8,第八章　訴訟,5,第百八十二条,ARTICLE_REFERENCE,第百七十九条,31,37
8,第八章　訴訟,5,第百八十二条,ARTICLE_REFERENCE,各号,54,56
8,第八章　訴訟,5,第百八十二条,ARTICLE_REFERENCE,各号,76,78
8,第八章　訴訟,5,第百八十二条,TIME_PERIOD,遅滞なく,65,69
8,第八章　訴訟,5,第百八十二条,ORGANIZATION,特許庁長官,85,90
8,第八章　訴訟,5,第百八十二条,PROCEDURE,請求項,169,172
8,第八章　訴訟,6,第百八十二条の二,ARTICLE_REFERENCE,第百八十二条の二,0,8
8,第八章　訴訟,6,第百八十二条の二,ARTICLE_REFERENCE,第百八十二条の二,18,26
8,第八章　訴訟,6,第百八十二条の二,ARTICLE_REFERENCE,第百七十八条,27,33
8,第八章　訴訟,6,第百八十二条の二,ARTICLE_REFERENCE,第一項,33,36
8,第八章　訴訟,7,第百八十三条,ARTICLE_REFERENCE,第百八十三条,0,6
8,第八章　訴訟,7,第百八十三条,ARTICLE_REFERENCE,第百八十三条,21,27
8,第八章　訴訟,7,第百八十三条,ARTICLE_REFERENCE,第八十三条,28,33
8,第八章　訴訟,7,第百八十三条,ARTICLE_REFERENCE,第二項,33,36
8,第八章　訴訟,7,第百八十三条,ARTICLE_REFERENCE,第九十二条,37,42
8,第八章　訴訟,7,第百八十三条,ARTICLE_REFERENCE,第三項,42,45
8,第八章　訴訟,7,第百八十三条,ARTICLE_REFERENCE,第四項,49,52
8,第八章　訴訟,7,第百八十三条,ARTICLE_REFERENCE,第九十三条,54,59
8,第八章　訴訟,7,第百八十三条,ARTICLE_REFERENCE,第二項,59,62
8,第八章　訴訟,7,第百八十三条,ARTICLE_REFERENCE,前項,124,126
8,第八章　訴訟,7,第百八十三条,TIME_PERIOD,から,144,146
8,第八章　訴訟,7,第百八十三条,TIME_PERIOD,六月,146,148
8,第八章　訴訟,7,第百八十三条,TIME_PERIOD,を経過,148,151
8,第八章　訴訟,8,第百八十四条,ARTICLE_REFERENCE,第百八十四条,0,6
8,第八章　訴訟,8,第百八十四条,ARTICLE_REFERENCE,第百八十四条,14,20
8,第八章　訴訟,8,第百八十四条,ARTICLE_REFERENCE,前条,21,23
8,第八章　訴訟,8,第百八十四条,ARTICLE_REFERENCE,第一項,23,26
8,第八章　訴訟,8,第百八十四条,ARTICLE_REFERENCE,第八十三条,58,63
8,第八章　訴訟,8,第百八十四条,ARTICLE_REFERENCE,第二項,63,66
8,第八章　訴訟,8,第百八十四条,ARTICLE_REFERENCE,第九十二条,67,72
8,第八章　訴訟,8,第百八十四条,ARTICLE_REFERENCE,第四項,72,75
8,第八章　訴訟,8,第百八十四条,ARTICLE_REFERENCE,第九十三条,77,82
8,第八章　訴訟,8,第百八十四条,ARTICLE_REFERENCE,第二項,82,85
8,第八章　訴訟,8,第百八十四条,ARTICLE_REFERENCE,第九十二条,119,124
8,第八章　訴訟,8,第百八十四条,ARTICLE_REFERENCE,第三項,124,127
8,第八章　訴訟,8,第百八十四条,ARTICLE_REFERENCE,第七十二条,144,149
8,第八章　訴訟,8,第百八十四条,PROCEDURE,特許権,102,105
8,第八章　訴訟,9,第百八十四条の二,ARTICLE_REFERENCE,第百八十四条の二,0,8
8,第八章　訴訟,9,第百八十四条の二,ARTICLE_REFERENCE,第百八十四条の二,9,17
9,第九章　特許協力条約に基づく国際出願に係る特例,0,第百八十四条の三,ARTICLE_REFERENCE,第百八十四条の三,0,8
9,第九章　特許協力条約に基づく国際出願に係る特例,0,第百八十四条の三,ARTICLE_REFERENCE,第百八十四条の三,23,31
9,第九章　特許協力条約に基づく国際出願に係る特例,0,第百八十四条の三,ARTICLE_REFERENCE,第十一条,80,84
9,第九章　特許協力条約に基づく国際出願に係る特例,0,第百八十四条の三,ARTICLE_REFERENCE,第十四条,99,103
9,第九章　特許協力条約に基づく国際出願に係る特例,0,第百八十四条の三,ARTICLE_REFERENCE,第四条,135,138
9,第九章　特許協力条約に基づく国際出願に係る特例,0,第百八十四条の三,ARTICLE_REFERENCE,前項,198,200
9,第九章　特許協力条約に基づく国際出願に係る特例,0,第百八十四条の三,ARTICLE_REFERENCE,第四十三条,242,247
9,第九章　特許協力条約に基づく国際出願に係る特例,0,第百八十四条の三,ARTICLE_REFERENCE,第四十三条の二,248,255
9,第九章　特許協力条約に基づく国際出願に係る特例,0,第百八十四条の三,ARTICLE_REFERENCE,第二項,255,258
9,第九章　特許協力条約に基づく国際出願に係る特例,0,第百八十四条の三,ARTICLE_REFERENCE,第四十三条の三,259,266
9,第九章　特許協力条約に基づく国際出願に係る特例,0,第百八十四条の三,ARTICLE_REFERENCE,第三項,266,269
9,第九章　特許協力条約に基づく国際出願に係る特例,0,第百八十四条の三,ARTICLE_REFERENCE,第四十三条の三,286,293
9,第九章　特許協力条約に基づく国際出願に係る特例,0,第百八十四条の三,ARTICLE_REFERENCE,第三項,293,296
9,第九章　特許協力条約に基づく国際出願に係る特例,0,第百八十四条の三,TIME_PERIOD,千九百七十年六月十九日,32,43
9,第九章　特許協力条約に基づく国際出願に係る特例,0,第百八十四条の三,PROCEDURE,出願,12,14
9,第九章　特許協力条約に基づく国際出願に係る特例,0,第百八十四条の三,PROCEDURE,出願,19,21
9,第九章　特許協力条約に基づく国際出願に係る特例,0,第百八十四条の三,PROCEDURE,出願,115,117
9,第九章　特許協力条約に基づく国際出願に係る特例,0,第百八十四条の三,PROCEDURE,出願,126,128
9,第九章　特許協力条約に基づく国際出願に係る特例,0,第百八十四条の三,PROCEDURE,出願,161,163
9,第九章　特許協力条約に基づく国際出願に係る特例,0,第百八十四条の三,PROCEDURE,出願,179,181
9,第九章　特許協力条約に基づく国際出願に係る特例,0,第百八十四条の三,PROCEDURE,出願,188,190
9,第九章　特許協力条約に基づく国際出願に係る特例,0,第百八十四条の三,PROCEDURE,出願,208,210
9,第九章　特許協力条約に基づく国際出願に係る特例,0,第百八十四条の三,PROCEDURE,出願,218,220
9,第九章　特許協力条約に基づく国際出願に係る特例,0,第百八十四条の三,PROCEDURE,出願,228,230
9,第九章　特許協力条約に基づく国際出願に係る特例,1,第百八十四条の四,LAW_REFERENCE,省令,673,675
9,第九章　特許協力条約に基づく国際出願に係る特例,1,第百八十四条の四,LAW_REFERENCE,省令,690,692
9,第九章　特許協力条約に基づく国際出願に係る特例,1,第百八十四条の四,ARTICLE_REFERENCE,第百八十四条の四,0,8
9,第九章　特許協力条約に基づく国際出願に係る特例,1,第百八十四条の四,ARTICLE_REFERENCE,第百八十四条の四,29,37
9,第九章　特許協力条約に基づく国際出願に係る特例,1,第百八十四条の四,ARTICLE_REFERENCE,第二条,76,79
9,第九章　特許協力条約に基づく国際出願に係る特例,1,第百八十四条の四,ARTICLE_REFERENCE,前条,128,130
9,第九章　特許協力条約に基づく国際出願に係る特例,1,第百八十四条の四,ARTICLE_REFERENCE,第一項,130,133
9,第九章　特許協力条約に基づく国際出願に係る特例,1,第百八十四条の四,ARTICLE_REFERENCE,第三条,164,167
9,第九章　特許協力条約に基づく国際出願に係る特例,1,第百八十四条の四,ARTICLE_REFERENCE,次条,275,277
9,第九章　特許協力条約に基づく国際出願に係る特例,1,第百八十四条の四,ARTICLE_REFERENCE,第一項,277,280
9,第九章　特許協力条約に基づく国際出願に係る特例,1,第百八十四条の四,ARTICLE_REFERENCE,前項,391,393
9,第九章　特許協力条約に基づく国際出願に係る特例,1,第百八十四条の四,ARTICLE_REFERENCE,第十九条,415,419
9,第九章　特許協力条約に基づく国際出願に係る特例,1,第百八十四条の四,ARTICLE_REFERENCE,同項,438,440
9,第九章　特許協力条約に基づく国際出願に係る特例,1,第百八十四条の四,ARTICLE_REFERENCE,第一項,498,501
9,第九章　特許協力条約に基づく国際出願に係る特例,1,第百八十四条の四,ARTICLE_REFERENCE,第一項,544,547
9,第九章　特許協力条約に基づく国際出願に係る特例,1,第百八十四条の四,ARTICLE_REFERENCE,前項,634,636
9,第九章　特許協力条約に基づく国際出願に係る特例,1,第百八十四条の四,ARTICLE_REFERENCE,第一項,713,716
9,第九章　特許協力条約に基づく国際出願に係る特例,1,第百八十四条の四,ARTICLE_REFERENCE,前項,805,807
9,第九章　特許協力条約に基づく国際出願に係る特例,1,第百八十四条の四,ARTICLE_REFERENCE,第一項,859,862
9,第九章　特許協力条約に基づく国際出願に係る特例,1,第百八十四条の四,ARTICLE_REFERENCE,第十九条,888,892
9,第九章　特許協力条約に基づく国際出願に係る特例,1,第百八十四条の四,ARTICLE_REFERENCE,第百八十四条の七,1026,1034
9,第九章　特許協力条約に基づく国際出願に係る特例,1,第百八十四条の四,ARTICLE_REFERENCE,第三項,1034,1037
9,第九章　特許協力条約に基づく国際出願に係る特例,1,第百八十四条の四,ARTICLE_REFERENCE,第二項,1044,1047
9,第九章　特許協力条約に基づく国際出願に係る特例,1,第百八十四条の四,ARTICLE_REFERENCE,前項,1049,1051
9,第九章　特許協力条約に基づく国際出願に係る特例,1,第百八十四条の四,TIME_PERIOD,から,100,102
9,第九章　特許協力条約に基づく国際出願に係る特例,1,第百八十四条の四,TIME_PERIOD,二年六月,102,106
9,第九章　特許協力条約に基づく国際出願に係る特例,1,第百八十四条の四,TIME_PERIOD,以内,124,126
9,第九章　特許協力条約に基づく国際出願に係る特例,1,第百八十四条の四,TIME_PERIOD,二月,262,264
9,第九章　特許協力条約に基づく国際出願に係る特例,1,第百八十四条の四,TIME_PERIOD,から,264,266
9,第九章　特許協力条約に基づく国際出願に係る特例,1,第百八十四条の四,TIME_PERIOD,まで,270,272
9,第九章　特許協力条約に基づく国際出願に係る特例,1,第百八十四条の四,TIME_PERIOD,から,344,346
9,第九章　特許協力条約に基づく国際出願に係る特例,1,第百八十四条の四,TIME_PERIOD,二月,346,348
9,第九章　特許協力条約に基づく国際出願に係る特例,1,第百八十四条の四,TIME_PERIOD,以内,367,369
9,第九章　特許協力条約に基づく国際出願に係る特例,1,第百八十四条の四,TIME_PERIOD,まで,982,984
9,第九章　特許協力条約に基づく国際出願に係る特例,1,第百八十四条の四,ORGANIZATION,特許庁長官,228,233
9,第九章　特許協力条約に基づく国際出願に係る特例,1,第百八十四条の四,ORGANIZATION,特許庁長官,732,737
9,第九章　特許協力条約に基づく国際出願に係る特例,1,第百八十四条の四,ORGANIZATION,特許庁長官,838,843
9,第九章　特許協力条約に基づく国際出願に係る特例,1,第百八十四条の四,PROCEDURE,出願,21,23
9,第九章　特許協力条約に基づく国際出願に係る特例,1,第百八十四条の四,PROCEDURE,出願,49,51
9,第九章　特許協力条約に基づく国際出願に係る特例,1,第百八十四条の四,PROCEDURE,出願,60,62
9,第九章　特許協力条約に基づく国際出願に係る特例,1,第百八十四条の四,PROCEDURE,出願,69,71
9,第九章　特許協力条約に基づく国際出願に係る特例,1,第百八十四条の四,PROCEDURE,出願,140,142
9,第九章　特許協力条約に基づく国際出願に係る特例,1,第百八十四条の四,PROCEDURE,出願,149,151
9,第九章　特許協力条約に基づく国際出願に係る特例,1,第百八十四条の四,PROCEDURE,明細書,175,178
9,第九章　特許協力条約に基づく国際出願に係る特例,1,第百八十四条の四,PROCEDURE,請求,179,181
9,第九章　特許協力条約に基づく国際出願に係る特例,1,第百八十四条の四,PROCEDURE,図面,185,187
9,第九章　特許協力条約に基づく国際出願に係る特例,1,第百八十四条の四,PROCEDURE,図面,188,190
9,第九章　特許協力条約に基づく国際出願に係る特例,1,第百八十四条の四,PROCEDURE,出願,297,299
9,第九章　特許協力条約に基づく国際出願に係る特例,1,第百八十四条の四,PROCEDURE,出願,406,408
9,第九章　特許協力条約に基づく国際出願に係る特例,1,第百八十四条の四,PROCEDURE,出願,409,411
9,第九章　特許協力条約に基づく国際出願に係る特例,1,第百八十四条の四,PROCEDURE,請求,445,447
9,第九章　特許協力条約に基づく国際出願に係る特例,1,第百八十四条の四,PROCEDURE,請求,465,467
9,第九章　特許協力条約に基づく国際出願に係る特例,1,第百八十四条の四,PROCEDURE,出願,511,513
9,第九章　特許協力条約に基づく国際出願に係る特例,1,第百八十四条の四,PROCEDURE,明細書,552,555
9,第九章　特許協力条約に基づく国際出願に係る特例,1,第百八十四条の四,PROCEDURE,請求,569,571
9,第九章　特許協力条約に基づく国際出願に係る特例,1,第百八十四条の四,PROCEDURE,明細書,582,585
9,第九章　特許協力条約に基づく国際出願に係る特例,1,第百八十四条の四,PROCEDURE,出願,613,615
9,第九章　特許協力条約に基づく国際出願に係る特例,1,第百八十四条の四,PROCEDURE,出願,661,663
9,第九章　特許協力条約に基づく国際出願に係る特例,1,第百八十四条の四,PROCEDURE,出願,664,666
9,第九章　特許協力条約に基づく国際出願に係る特例,1,第百八十四条の四,PROCEDURE,明細書,703,706
9,第九章　特許協力条約に基づく国際出願に係る特例,1,第百八十四条の四,PROCEDURE,図面,721,723
9,第九章　特許協力条約に基づく国際出願に係る特例,1,第百八十四条の四,PROCEDURE,明細書,769,772
9,第九章　特許協力条約に基づく国際出願に係る特例,1,第百八十四条の四,PROCEDURE,請求,867,869
9,第九章　特許協力条約に基づく国際出願に係る特例,1,第百八十四条の四,PROCEDURE,出願,881,883
9,第九章　特許協力条約に基づく国際出願に係る特例,1,第百八十四条の四,PROCEDURE,出願,936,938
9,第九章　特許協力条約に基づく国際出願に係る特例,1,第百八十四条の四,PROCEDURE,出願,940,942
9,第九章　特許協力条約に基づく国際出願に係る特例,1,第百八十四条の四,PROCEDURE,審査,942,944
9,第九章　特許協力条約に基づく国際出願に係る特例,1,第百八十四条の四,PROCEDURE,請求,945,947
9,第九章　特許協力条約に基づく国際出願に係る特例,1,第百八十四条の四,PROCEDURE,請求,956,958
9,第九章　特許協力条約に基づく国際出願に係る特例,1,第百八十四条の四,PROCEDURE,請求,994,996
9,第九章　特許協力条約に基づく国際出願に係る特例,1,第百八十四条の四,LEGAL_STATUS,出願人,69,72
9,第九章　特許協力条約に基づく国際出願に係る特例,1,第百八十四条の四,LEGAL_STATUS,出願人,409,412
9,第九章　特許協力条約に基づく国際出願に係る特例,1,第百八十四条の四,LEGAL_STATUS,出願人,664,667
9,第九章　特許協力条約に基づく国際出願に係る特例,1,第百八十四条の四,LEGAL_STATUS,出願人,881,884
9,第九章　特許協力条約に基づく国際出願に係る特例,1,第百八十四条の四,LEGAL_STATUS,出願人,936,939
9,第九章　特許協力条約に基づく国際出願に係る特例,2,第百八十四条の五,LAW_REFERENCE,省令,143,145
9,第九章　特許協力条約に基づく国際出願に係る特例,2,第百八十四条の五,LAW_REFERENCE,省令,304,306
9,第九章　特許協力条約に基づく国際出願に係る特例,2,第百八十四条の五,ARTICLE_REFERENCE,第百八十四条の五,0,8
9,第九章　特許協力条約に基づく国際出願に係る特例,2,第百八十四条の五,ARTICLE_REFERENCE,第百八十四条の五,23,31
9,第九章　特許協力条約に基づく国際出願に係る特例,2,第百八十四条の五,ARTICLE_REFERENCE,前項,206,208
9,第九章　特許協力条約に基づく国際出願に係る特例,2,第百八十四条の五,ARTICLE_REFERENCE,前項,244,246
9,第九章　特許協力条約に基づく国際出願に係る特例,2,第百八十四条の五,ARTICLE_REFERENCE,第七条,255,258
9,第九章　特許協力条約に基づく国際出願に係る特例,2,第百八十四条の五,ARTICLE_REFERENCE,第一項,258,261
9,第九章　特許協力条約に基づく国際出願に係る特例,2,第百八十四条の五,ARTICLE_REFERENCE,第三項,263,266
9,第九章　特許協力条約に基づく国際出願に係る特例,2,第百八十四条の五,ARTICLE_REFERENCE,第九条,270,273
9,第九章　特許協力条約に基づく国際出願に係る特例,2,第百八十四条の五,ARTICLE_REFERENCE,前項,289,291
9,第九章　特許協力条約に基づく国際出願に係る特例,2,第百八十四条の五,ARTICLE_REFERENCE,前条,325,327
9,第九章　特許協力条約に基づく国際出願に係る特例,2,第百八十四条の五,ARTICLE_REFERENCE,第一項,327,330
9,第九章　特許協力条約に基づく国際出願に係る特例,2,第百八十四条の五,ARTICLE_REFERENCE,前条,358,360
9,第九章　特許協力条約に基づく国際出願に係る特例,2,第百八十四条の五,ARTICLE_REFERENCE,第一項,360,363
9,第九章　特許協力条約に基づく国際出願に係る特例,2,第百八十四条の五,ARTICLE_REFERENCE,第百九十五条,404,410
9,第九章　特許協力条約に基づく国際出願に係る特例,2,第百八十四条の五,ARTICLE_REFERENCE,第二項,410,413
9,第九章　特許協力条約に基づく国際出願に係る特例,2,第百八十四条の五,ARTICLE_REFERENCE,前項,456,458
9,第九章　特許協力条約に基づく国際出願に係る特例,2,第百八十四条の五,ARTICLE_REFERENCE,同項,481,483
9,第九章　特許協力条約に基づく国際出願に係る特例,2,第百八十四条の五,TIME_PERIOD,から,261,263
9,第九章　特許協力条約に基づく国際出願に係る特例,2,第百八十四条の五,TIME_PERIOD,まで,266,268
9,第九章　特許協力条約に基づく国際出願に係る特例,2,第百八十四条の五,MONEY_AMOUNT,手数料,424,427
9,第九章　特許協力条約に基づく国際出願に係る特例,2,第百八十四条の五,ORGANIZATION,特許庁長官,70,75
9,第九章　特許協力条約に基づく国際出願に係る特例,2,第百八十四条の五,ORGANIZATION,特許庁長官,154,159
9,第九章　特許協力条約に基づく国際出願に係る特例,2,第百八十四条の五,ORGANIZATION,特許庁長官,449,454
9,第九章　特許協力条約に基づく国際出願に係る特例,2,第百八十四条の五,PROCEDURE,出願,36,38
9,第九章　特許協力条約に基づく国際出願に係る特例,2,第百八十四条の五,PROCEDURE,出願,39,41
9,第九章　特許協力条約に基づく国際出願に係る特例,2,第百八十四条の五,PROCEDURE,出願,91,93
9,第九章　特許協力条約に基づく国際出願に係る特例,2,第百八十四条の五,PROCEDURE,発明,112,114
9,第九章　特許協力条約に基づく国際出願に係る特例,2,第百八十四条の五,PROCEDURE,出願,131,133
9,第九章　特許協力条約に基づく国際出願に係る特例,2,第百八十四条の五,PROCEDURE,出願,373,375
9,第九章　特許協力条約に基づく国際出願に係る特例,2,第百八十四条の五,PROCEDURE,出願,515,517
9,第九章　特許協力条約に基づく国際出願に係る特例,2,第百八十四条の五,LEGAL_STATUS,出願人,39,42
9,第九章　特許協力条約に基づく国際出願に係る特例,2,第百八十四条の五,LEGAL_STATUS,出願人,91,94
9,第九章　特許協力条約に基づく国際出願に係る特例,2,第百八十四条の五,LEGAL_STATUS,違反,277,279
9,第九章　特許協力条約に基づく国際出願に係る特例,2,第百八十四条の五,LEGAL_STATUS,違反,313,315
9,第九章　特許協力条約に基づく国際出願に係る特例,2,第百八十四条の五,LEGAL_STATUS,却下,518,520
9,第九章　特許協力条約に基づく国際出願に係る特例,3,第百八十四条の六,ARTICLE_REFERENCE,第百八十四条の六,0,8
9,第九章　特許協力条約に基づく国際出願に係る特例,3,第百八十四条の六,ARTICLE_REFERENCE,第百八十四条の六,30,38
9,第九章　特許協力条約に基づく国際出願に係る特例,3,第百八十四条の六,ARTICLE_REFERENCE,第三十六条,61,66
9,第九章　特許協力条約に基づく国際出願に係る特例,3,第百八十四条の六,ARTICLE_REFERENCE,第一項,66,69
9,第九章　特許協力条約に基づく国際出願に係る特例,3,第百八十四条の六,ARTICLE_REFERENCE,第三十六条,163,168
9,第九章　特許協力条約に基づく国際出願に係る特例,3,第百八十四条の六,ARTICLE_REFERENCE,第二項,168,171
9,第九章　特許協力条約に基づく国際出願に係る特例,3,第百八十四条の六,ARTICLE_REFERENCE,同項,248,250
9,第九章　特許協力条約に基づく国際出願に係る特例,3,第百八十四条の六,ARTICLE_REFERENCE,同項,348,350
9,第九章　特許協力条約に基づく国際出願に係る特例,3,第百八十四条の六,ARTICLE_REFERENCE,同項,402,404
9,第九章　特許協力条約に基づく国際出願に係る特例,3,第百八十四条の六,ARTICLE_REFERENCE,第百八十四条の四,432,440
9,第九章　特許協力条約に基づく国際出願に係る特例,3,第百八十四条の六,ARTICLE_REFERENCE,第二項,440,443
9,第九章　特許協力条約に基づく国際出願に係る特例,3,第百八十四条の六,ARTICLE_REFERENCE,第六項,445,448
9,第九章　特許協力条約に基づく国際出願に係る特例,3,第百八十四条の六,ARTICLE_REFERENCE,第十九条,456,460
9,第九章　特許協力条約に基づく国際出願に係る特例,3,第百八十四条の六,ARTICLE_REFERENCE,前項,493,495
9,第九章　特許協力条約に基づく国際出願に係る特例,3,第百八十四条の六,ARTICLE_REFERENCE,第三十六条,521,526
9,第九章　特許協力条約に基づく国際出願に係る特例,3,第百八十四条の六,ARTICLE_REFERENCE,第二項,526,529
9,第九章　特許協力条約に基づく国際出願に係る特例,3,第百八十四条の六,PROCEDURE,出願,12,14
9,第九章　特許協力条約に基づく国際出願に係る特例,3,第百八十四条の六,PROCEDURE,明細書,20,23
9,第九章　特許協力条約に基づく国際出願に係る特例,3,第百八十四条の六,PROCEDURE,出願,43,45
9,第九章　特許協力条約に基づく国際出願に係る特例,3,第百八十四条の六,PROCEDURE,出願,50,52
9,第九章　特許協力条約に基づく国際出願に係る特例,3,第百八十四条の六,PROCEDURE,出願,100,102
9,第九章　特許協力条約に基づく国際出願に係る特例,3,第百八十四条の六,PROCEDURE,出願,111,113
9,第九章　特許協力条約に基づく国際出願に係る特例,3,第百八十四条の六,PROCEDURE,出願,124,126
9,第九章　特許協力条約に基づく国際出願に係る特例,3,第百八十四条の六,PROCEDURE,明細書,131,134
9,第九章　特許協力条約に基づく国際出願に係る特例,3,第百八十四条の六,PROCEDURE,出願,141,143
9,第九章　特許協力条約に基づく国際出願に係る特例,3,第百八十四条の六,PROCEDURE,出願,148,150
9,第九章　特許協力条約に基づく国際出願に係る特例,3,第百八十四条の六,PROCEDURE,明細書,155,158
9,第九章　特許協力条約に基づく国際出願に係る特例,3,第百八十四条の六,PROCEDURE,明細書,188,191
9,第九章　特許協力条約に基づく国際出願に係る特例,3,第百八十四条の六,PROCEDURE,出願,198,200
9,第九章　特許協力条約に基づく国際出願に係る特例,3,第百八十四条の六,PROCEDURE,出願,205,207
9,第九章　特許協力条約に基づく国際出願に係る特例,3,第百八十四条の六,PROCEDURE,請求,212,214
9,第九章　特許協力条約に基づく国際出願に係る特例,3,第百八十四条の六,PROCEDURE,出願,224,226
9,第九章　特許協力条約に基づく国際出願に係る特例,3,第百八十四条の六,PROCEDURE,出願,231,233
9,第九章　特許協力条約に基づく国際出願に係る特例,3,第百八十四条の六,PROCEDURE,請求,238,240
9,第九章　特許協力条約に基づく国際出願に係る特例,3,第百八十四条の六,PROCEDURE,請求,269,271
9,第九章　特許協力条約に基づく国際出願に係る特例,3,第百八十四条の六,PROCEDURE,出願,281,283
9,第九章　特許協力条約に基づく国際出願に係る特例,3,第百八十四条の六,PROCEDURE,出願,288,290
9,第九章　特許協力条約に基づく国際出願に係る特例,3,第百八十四条の六,PROCEDURE,図面,295,297
9,第九章　特許協力条約に基づく国際出願に係る特例,3,第百八十四条の六,PROCEDURE,出願,305,307
9,第九章　特許協力条約に基づく国際出願に係る特例,3,第百八十四条の六,PROCEDURE,出願,312,314
9,第九章　特許協力条約に基づく国際出願に係る特例,3,第百八十四条の六,PROCEDURE,図面,319,321
9,第九章　特許協力条約に基づく国際出願に係る特例,3,第百八十四条の六,PROCEDURE,図面,322,324
9,第九章　特許協力条約に基づく国際出願に係る特例,3,第百八十四条の六,PROCEDURE,図面,336,338
9,第九章　特許協力条約に基づく国際出願に係る特例,3,第百八十四条の六,PROCEDURE,図面,367,369
9,第九章　特許協力条約に基づく国際出願に係る特例,3,第百八十四条の六,PROCEDURE,出願,376,378
9,第九章　特許協力条約に基づく国際出願に係る特例,3,第百八十四条の六,PROCEDURE,出願,390,392
9,第九章　特許協力条約に基づく国際出願に係る特例,3,第百八十四条の六,PROCEDURE,要約書,421,424
9,第九章　特許協力条約に基づく国際出願に係る特例,3,第百八十四条の六,PROCEDURE,請求,474,476
9,第九章　特許協力条約に基づく国際出願に係る特例,3,第百八十四条の六,PROCEDURE,請求,511,513
9,第九章　特許協力条約に基づく国際出願に係る特例,3,第百八十四条の六,PROCEDURE,請求,548,550
9,第九章　特許協力条約に基づく国際出願に係る特例,3,第百八十四条の六,LEGAL_STATUS,効力,25,27
9,第九章　特許協力条約に基づく国際出願に係る特例,4,第百八十四条の七,ARTICLE_REFERENCE,第百八十四条の七,0,8
9,第九章　特許協力条約に基づく国際出願に係る特例,4,第百八十四条の七,ARTICLE_REFERENCE,第十九条,22,26
9,第九章　特許協力条約に基づく国際出願に係る特例,4,第百八十四条の七,ARTICLE_REFERENCE,第百八十四条の七,34,42
9,第九章　特許協力条約に基づく国際出願に係る特例,4,第百八十四条の七,ARTICLE_REFERENCE,第十九条,58,62
9,第九章　特許協力条約に基づく国際出願に係る特例,4,第百八十四条の七,ARTICLE_REFERENCE,同条,97,99
9,第九章　特許協力条約に基づく国際出願に係る特例,4,第百八十四条の七,ARTICLE_REFERENCE,前項,142,144
9,第九章　特許協力条約に基づく国際出願に係る特例,4,第百八十四条の七,ARTICLE_REFERENCE,第十七条の二,196,202
9,第九章　特許協力条約に基づく国際出願に係る特例,4,第百八十四条の七,ARTICLE_REFERENCE,第一項,202,205
9,第九章　特許協力条約に基づく国際出願に係る特例,4,第百八十四条の七,ARTICLE_REFERENCE,第二十条,230,234
9,第九章　特許協力条約に基づく国際出願に係る特例,4,第百八十四条の七,ARTICLE_REFERENCE,前項,241,243
9,第九章　特許協力条約に基づく国際出願に係る特例,4,第百八十四条の七,ARTICLE_REFERENCE,第一項,294,297
9,第九章　特許協力条約に基づく国際出願に係る特例,4,第百八十四条の七,ARTICLE_REFERENCE,同項,320,322
9,第九章　特許協力条約に基づく国際出願に係る特例,4,第百八十四条の七,ARTICLE_REFERENCE,第十九条,342,346
9,第九章　特許協力条約に基づく国際出願に係る特例,4,第百八十四条の七,ARTICLE_REFERENCE,前項,377,379
9,第九章　特許協力条約に基づく国際出願に係る特例,4,第百八十四条の七,TIME_PERIOD,まで,93,95
9,第九章　特許協力条約に基づく国際出願に係る特例,4,第百八十四条の七,ORGANIZATION,特許庁長官,121,126
9,第九章　特許協力条約に基づく国際出願に係る特例,4,第百八十四条の七,ORGANIZATION,特許庁,256,259
9,第九章　特許協力条約に基づく国際出願に係る特例,4,第百八十四条の七,PROCEDURE,出願,15,17
9,第九章　特許協力条約に基づく国際出願に係る特例,4,第百八十四条の七,PROCEDURE,出願,48,50
9,第九章　特許協力条約に基づく国際出願に係る特例,4,第百八十四条の七,PROCEDURE,出願,51,53
9,第九章　特許協力条約に基づく国際出願に係る特例,4,第百八十四条の七,PROCEDURE,請求,187,189
9,第九章　特許協力条約に基づく国際出願に係る特例,4,第百八十四条の七,PROCEDURE,出願,311,313
9,第九章　特許協力条約に基づく国際出願に係る特例,4,第百八十四条の七,PROCEDURE,出願,314,316
9,第九章　特許協力条約に基づく国際出願に係る特例,4,第百八十四条の七,LEGAL_STATUS,出願人,51,54
9,第九章　特許協力条約に基づく国際出願に係る特例,4,第百八十四条の七,LEGAL_STATUS,出願人,314,317
9,第九章　特許協力条約に基づく国際出願に係る特例,5,第百八十四条の八,ARTICLE_REFERENCE,第百八十四条の八,0,8
9,第九章　特許協力条約に基づく国際出願に係る特例,5,第百八十四条の八,ARTICLE_REFERENCE,第三十四条,12,17
9,第九章　特許協力条約に基づく国際出願に係る特例,5,第百八十四条の八,ARTICLE_REFERENCE,第百八十四条の八,25,33
9,第九章　特許協力条約に基づく国際出願に係る特例,5,第百八十四条の八,ARTICLE_REFERENCE,第三十四条,48,53
9,第九章　特許協力条約に基づく国際出願に係る特例,5,第百八十四条の八,ARTICLE_REFERENCE,同条,108,110
9,第九章　特許協力条約に基づく国際出願に係る特例,5,第百八十四条の八,ARTICLE_REFERENCE,前項,191,193
9,第九章　特許協力条約に基づく国際出願に係る特例,5,第百八十四条の八,ARTICLE_REFERENCE,第十七条の二,271,277
9,第九章　特許協力条約に基づく国際出願に係る特例,5,第百八十四条の八,ARTICLE_REFERENCE,第一項,277,280
9,第九章　特許協力条約に基づく国際出願に係る特例,5,第百八十四条の八,ARTICLE_REFERENCE,第三十六条,320,325
9,第九章　特許協力条約に基づく国際出願に係る特例,5,第百八十四条の八,ARTICLE_REFERENCE,前項,338,340
9,第九章　特許協力条約に基づく国際出願に係る特例,5,第百八十四条の八,ARTICLE_REFERENCE,第一項,391,394
9,第九章　特許協力条約に基づく国際出願に係る特例,5,第百八十四条の八,ARTICLE_REFERENCE,同項,416,418
9,第九章　特許協力条約に基づく国際出願に係る特例,5,第百八十四条の八,ARTICLE_REFERENCE,第三十四条,438,443
9,第九章　特許協力条約に基づく国際出願に係る特例,5,第百八十四条の八,ARTICLE_REFERENCE,前項,477,479
9,第九章　特許協力条約に基づく国際出願に係る特例,5,第百八十四条の八,ARTICLE_REFERENCE,第二項,503,506
9,第九章　特許協力条約に基づく国際出願に係る特例,5,第百八十四条の八,ARTICLE_REFERENCE,第十七条の二,548,554
9,第九章　特許協力条約に基づく国際出願に係る特例,5,第百八十四条の八,ARTICLE_REFERENCE,第一項,554,557
9,第九章　特許協力条約に基づく国際出願に係る特例,5,第百八十四条の八,ARTICLE_REFERENCE,同条,586,588
9,第九章　特許協力条約に基づく国際出願に係る特例,5,第百八十四条の八,ARTICLE_REFERENCE,第二項,588,591
9,第九章　特許協力条約に基づく国際出願に係る特例,5,第百八十四条の八,TIME_PERIOD,まで,87,89
9,第九章　特許協力条約に基づく国際出願に係る特例,5,第百八十四条の八,ORGANIZATION,特許庁長官,170,175
9,第九章　特許協力条約に基づく国際出願に係る特例,5,第百八十四条の八,ORGANIZATION,特許庁,353,356
9,第九章　特許協力条約に基づく国際出願に係る特例,5,第百八十四条の八,PROCEDURE,出願,38,40
9,第九章　特許協力条約に基づく国際出願に係る特例,5,第百八十四条の八,PROCEDURE,出願,41,43
9,第九章　特許協力条約に基づく国際出願に係る特例,5,第百八十四条の八,PROCEDURE,出願,96,98
9,第九章　特許協力条約に基づく国際出願に係る特例,5,第百八十四条の八,PROCEDURE,出願,141,143
9,第九章　特許協力条約に基づく国際出願に係る特例,5,第百八十四条の八,PROCEDURE,明細書,252,255
9,第九章　特許協力条約に基づく国際出願に係る特例,5,第百八十四条の八,PROCEDURE,請求,258,260
9,第九章　特許協力条約に基づく国際出願に係る特例,5,第百八十四条の八,PROCEDURE,図面,265,267
9,第九章　特許協力条約に基づく国際出願に係る特例,5,第百八十四条の八,PROCEDURE,出願,308,310
9,第九章　特許協力条約に基づく国際出願に係る特例,5,第百八十四条の八,PROCEDURE,出願,407,409
9,第九章　特許協力条約に基づく国際出願に係る特例,5,第百八十四条の八,PROCEDURE,出願,410,412
9,第九章　特許協力条約に基づく国際出願に係る特例,5,第百八十四条の八,PROCEDURE,出願,517,519
9,第九章　特許協力条約に基づく国際出願に係る特例,5,第百八十四条の八,PROCEDURE,明細書,529,532
9,第九章　特許協力条約に基づく国際出願に係る特例,5,第百八十四条の八,PROCEDURE,請求,535,537
9,第九章　特許協力条約に基づく国際出願に係る特例,5,第百八十四条の八,PROCEDURE,図面,542,544
9,第九章　特許協力条約に基づく国際出願に係る特例,5,第百八十四条の八,LEGAL_STATUS,出願人,41,44
9,第九章　特許協力条約に基づく国際出願に係る特例,5,第百八十四条の八,LEGAL_STATUS,出願人,410,413
9,第九章　特許協力条約に基づく国際出願に係る特例,6,第百八十四条の九,ARTICLE_REFERENCE,第百八十四条の九,0,8
9,第九章　特許協力条約に基づく国際出願に係る特例,6,第百八十四条の九,ARTICLE_REFERENCE,第百八十四条の九,17,25
9,第九章　特許協力条約に基づく国際出願に係る特例,6,第百八十四条の九,ARTICLE_REFERENCE,第百八十四条の四,33,41
9,第九章　特許協力条約に基づく国際出願に係る特例,6,第百八十四条の九,ARTICLE_REFERENCE,第一項,41,44
9,第九章　特許協力条約に基づく国際出願に係る特例,6,第百八十四条の九,ARTICLE_REFERENCE,第四項,46,49
9,第九章　特許協力条約に基づく国際出願に係る特例,6,第百八十四条の九,ARTICLE_REFERENCE,同条,103,105
9,第九章　特許協力条約に基づく国際出願に係る特例,6,第百八十四条の九,ARTICLE_REFERENCE,第一項,105,108
9,第九章　特許協力条約に基づく国際出願に係る特例,6,第百八十四条の九,ARTICLE_REFERENCE,第二十一条,192,197
9,第九章　特許協力条約に基づく国際出願に係る特例,6,第百八十四条の九,ARTICLE_REFERENCE,第百八十四条の四,243,251
9,第九章　特許協力条約に基づく国際出願に係る特例,6,第百八十四条の九,ARTICLE_REFERENCE,第四項,251,254
9,第九章　特許協力条約に基づく国際出願に係る特例,6,第百八十四条の九,ARTICLE_REFERENCE,第百八十四条の四,414,422
9,第九章　特許協力条約に基づく国際出願に係る特例,6,第百八十四条の九,ARTICLE_REFERENCE,第一項,422,425
9,第九章　特許協力条約に基づく国際出願に係る特例,6,第百八十四条の九,ARTICLE_REFERENCE,同項,454,456
9,第九章　特許協力条約に基づく国際出願に係る特例,6,第百八十四条の九,ARTICLE_REFERENCE,同条,471,473
9,第九章　特許協力条約に基づく国際出願に係る特例,6,第百八十四条の九,ARTICLE_REFERENCE,第二項,473,476
9,第九章　特許協力条約に基づく国際出願に係る特例,6,第百八十四条の九,ARTICLE_REFERENCE,同条,506,508
9,第九章　特許協力条約に基づく国際出願に係る特例,6,第百八十四条の九,ARTICLE_REFERENCE,第六項,508,511
9,第九章　特許協力条約に基づく国際出願に係る特例,6,第百八十四条の九,ARTICLE_REFERENCE,各号,631,633
9,第九章　特許協力条約に基づく国際出願に係る特例,6,第百八十四条の九,ARTICLE_REFERENCE,第六十四条,651,656
9,第九章　特許協力条約に基づく国際出願に係る特例,6,第百八十四条の九,ARTICLE_REFERENCE,第三項,656,659
9,第九章　特許協力条約に基づく国際出願に係る特例,6,第百八十四条の九,ARTICLE_REFERENCE,前項,664,666
9,第九章　特許協力条約に基づく国際出願に係る特例,6,第百八十四条の九,ARTICLE_REFERENCE,同項,672,674
9,第九章　特許協力条約に基づく国際出願に係る特例,6,第百八十四条の九,ARTICLE_REFERENCE,第五号,674,677
9,第九章　特許協力条約に基づく国際出願に係る特例,6,第百八十四条の九,ARTICLE_REFERENCE,第六十四条,712,717
9,第九章　特許協力条約に基づく国際出願に係る特例,6,第百八十四条の九,ARTICLE_REFERENCE,第四十八条の五,752,759
9,第九章　特許協力条約に基づく国際出願に係る特例,6,第百八十四条の九,ARTICLE_REFERENCE,第一項,759,762
9,第九章　特許協力条約に基づく国際出願に係る特例,6,第百八十四条の九,ARTICLE_REFERENCE,第四十八条の六,763,770
9,第九章　特許協力条約に基づく国際出願に係る特例,6,第百八十四条の九,ARTICLE_REFERENCE,第六十六条,771,776
9,第九章　特許協力条約に基づく国際出願に係る特例,6,第百八十四条の九,ARTICLE_REFERENCE,第三項,776,779
9,第九章　特許協力条約に基づく国際出願に係る特例,6,第百八十四条の九,ARTICLE_REFERENCE,第百二十八条,784,790
9,第九章　特許協力条約に基づく国際出願に係る特例,6,第百八十四条の九,ARTICLE_REFERENCE,第百八十六条,791,797
9,第九章　特許協力条約に基づく国際出願に係る特例,6,第百八十四条の九,ARTICLE_REFERENCE,第一項,797,800
9,第九章　特許協力条約に基づく国際出願に係る特例,6,第百八十四条の九,ARTICLE_REFERENCE,第一号,800,803
9,第九章　特許協力条約に基づく国際出願に係る特例,6,第百八十四条の九,ARTICLE_REFERENCE,第四号,805,808
9,第九章　特許協力条約に基づく国際出願に係る特例,6,第百八十四条の九,ARTICLE_REFERENCE,第百九十三条,811,817
9,第九章　特許協力条約に基づく国際出願に係る特例,6,第百八十四条の九,ARTICLE_REFERENCE,第二項,817,820
9,第九章　特許協力条約に基づく国際出願に係る特例,6,第百八十四条の九,ARTICLE_REFERENCE,第一号,820,823
9,第九章　特許協力条約に基づく国際出願に係る特例,6,第百八十四条の九,ARTICLE_REFERENCE,第二号,824,827
9,第九章　特許協力条約に基づく国際出願に係る特例,6,第百八十四条の九,ARTICLE_REFERENCE,第七号,828,831
9,第九章　特許協力条約に基づく国際出願に係る特例,6,第百八十四条の九,ARTICLE_REFERENCE,第十号,833,836
9,第九章　特許協力条約に基づく国際出願に係る特例,6,第百八十四条の九,ARTICLE_REFERENCE,第百八十四条の九,862,870
9,第九章　特許協力条約に基づく国際出願に係る特例,6,第百八十四条の九,ARTICLE_REFERENCE,第一項,870,873
9,第九章　特許協力条約に基づく国際出願に係る特例,6,第百八十四条の九,ARTICLE_REFERENCE,第百八十四条の九,894,902
9,第九章　特許協力条約に基づく国際出願に係る特例,6,第百八十四条の九,ARTICLE_REFERENCE,第一項,902,905
9,第九章　特許協力条約に基づく国際出願に係る特例,6,第百八十四条の九,ARTICLE_REFERENCE,第百八十六条,940,946
9,第九章　特許協力条約に基づく国際出願に係る特例,6,第百八十四条の九,ARTICLE_REFERENCE,第一項,946,949
9,第九章　特許協力条約に基づく国際出願に係る特例,6,第百八十四条の九,ARTICLE_REFERENCE,第一号,949,952
9,第九章　特許協力条約に基づく国際出願に係る特例,6,第百八十四条の九,ARTICLE_REFERENCE,第六十七条の五,956,963
9,第九章　特許協力条約に基づく国際出願に係る特例,6,第百八十四条の九,ARTICLE_REFERENCE,第二項,963,966
9,第九章　特許協力条約に基づく国際出願に係る特例,6,第百八十四条の九,ARTICLE_REFERENCE,第三条,1007,1010
9,第九章　特許協力条約に基づく国際出願に係る特例,6,第百八十四条の九,ARTICLE_REFERENCE,第百九十三条,1121,1127
9,第九章　特許協力条約に基づく国際出願に係る特例,6,第百八十四条の九,ARTICLE_REFERENCE,第二項,1127,1130
9,第九章　特許協力条約に基づく国際出願に係る特例,6,第百八十四条の九,ARTICLE_REFERENCE,第三号,1130,1133
9,第九章　特許協力条約に基づく国際出願に係る特例,6,第百八十四条の九,TIME_PERIOD,から,167,169
9,第九章　特許協力条約に基づく国際出願に係る特例,6,第百八十四条の九,TIME_PERIOD,遅滞なく,301,305
9,第九章　特許協力条約に基づく国際出願に係る特例,6,第百八十四条の九,TIME_PERIOD,千九百七十年六月十九日,978,989
9,第九章　特許協力条約に基づく国際出願に係る特例,6,第百八十四条の九,ORGANIZATION,特許庁長官,26,31
9,第九章　特許協力条約に基づく国際出願に係る特例,6,第百八十四条の九,ORGANIZATION,特許庁長官,596,601
9,第九章　特許協力条約に基づく国際出願に係る特例,6,第百八十四条の九,PROCEDURE,出願,69,71
9,第九章　特許協力条約に基づく国際出願に係る特例,6,第百八十四条の九,PROCEDURE,出願,118,120
9,第九章　特許協力条約に基づく国際出願に係る特例,6,第百八十四条の九,PROCEDURE,出願,164,166
9,第九章　特許協力条約に基づく国際出願に係る特例,6,第百八十四条の九,PROCEDURE,出願,169,171
9,第九章　特許協力条約に基づく国際出願に係る特例,6,第百八十四条の九,PROCEDURE,審査,171,173
9,第九章　特許協力条約に基づく国際出願に係る特例,6,第百八十四条の九,PROCEDURE,請求,174,176
9,第九章　特許協力条約に基づく国際出願に係る特例,6,第百八十四条の九,PROCEDURE,出願,184,186
9,第九章　特許協力条約に基づく国際出願に係る特例,6,第百八十四条の九,PROCEDURE,出願,233,235
9,第九章　特許協力条約に基づく国際出願に係る特例,6,第百八十四条の九,PROCEDURE,審査,235,237
9,第九章　特許協力条約に基づく国際出願に係る特例,6,第百八十四条の九,PROCEDURE,請求,238,240
9,第九章　特許協力条約に基づく国際出願に係る特例,6,第百八十四条の九,PROCEDURE,明細書,260,263
9,第九章　特許協力条約に基づく国際出願に係る特例,6,第百八十四条の九,PROCEDURE,出願,278,280
9,第九章　特許協力条約に基づく国際出願に係る特例,6,第百八十四条の九,PROCEDURE,明細書,287,290
9,第九章　特許協力条約に基づく国際出願に係る特例,6,第百八十四条の九,PROCEDURE,出願,358,360
9,第九章　特許協力条約に基づく国際出願に係る特例,6,第百八十四条の九,PROCEDURE,出願,381,383
9,第九章　特許協力条約に基づく国際出願に係る特例,6,第百八十四条の九,PROCEDURE,出願,391,393
9,第九章　特許協力条約に基づく国際出願に係る特例,6,第百八十四条の九,PROCEDURE,発明,397,399
9,第九章　特許協力条約に基づく国際出願に係る特例,6,第百八十四条の九,PROCEDURE,明細書,430,433
9,第九章　特許協力条約に基づく国際出願に係る特例,6,第百八十四条の九,PROCEDURE,図面,435,437
9,第九章　特許協力条約に基づく国際出願に係る特例,6,第百八十四条の九,PROCEDURE,請求,461,463
9,第九章　特許協力条約に基づく国際出願に係る特例,6,第百八十四条の九,PROCEDURE,図面,527,529
9,第九章　特許協力条約に基づく国際出願に係る特例,6,第百八十四条の九,PROCEDURE,図面,530,532
9,第九章　特許協力条約に基づく国際出願に係る特例,6,第百八十四条の九,PROCEDURE,出願,726,728
9,第九章　特許協力条約に基づく国際出願に係る特例,6,第百八十四条の九,PROCEDURE,出願,744,746
9,第九章　特許協力条約に基づく国際出願に係る特例,6,第百八十四条の九,PROCEDURE,出願,838,840
9,第九章　特許協力条約に基づく国際出願に係る特例,6,第百八十四条の九,PROCEDURE,出願,854,856
9,第九章　特許協力条約に基づく国際出願に係る特例,6,第百八十四条の九,PROCEDURE,出願,886,888
9,第九章　特許協力条約に基づく国際出願に係る特例,6,第百八十四条の九,PROCEDURE,出願,923,925
9,第九章　特許協力条約に基づく国際出願に係る特例,6,第百八十四条の九,PROCEDURE,請求,932,934
9,第九章　特許協力条約に基づく国際出願に係る特例,6,第百八十四条の九,PROCEDURE,出願,1020,1022
9,第九章　特許協力条約に基づく国際出願に係る特例,6,第百八十四条の九,PROCEDURE,明細書,1026,1029
9,第九章　特許協力条約に基づく国際出願に係る特例,6,第百八十四条の九,PROCEDURE,請求,1030,1032
9,第九章　特許協力条約に基づく国際出願に係る特例,6,第百八十四条の九,PROCEDURE,図面,1036,1038
9,第九章　特許協力条約に基づく国際出願に係る特例,6,第百八十四条の九,PROCEDURE,特許権,1045,1048
9,第九章　特許協力条約に基づく国際出願に係る特例,6,第百八十四条の九,PROCEDURE,登録,1052,1054
9,第九章　特許協力条約に基づく国際出願に係る特例,6,第百八十四条の九,PROCEDURE,出願,1062,1064
9,第九章　特許協力条約に基づく国際出願に係る特例,6,第百八十四条の九,PROCEDURE,出願,1098,1100
9,第九章　特許協力条約に基づく国際出願に係る特例,6,第百八十四条の九,PROCEDURE,出願,1135,1137
9,第九章　特許協力条約に基づく国際出願に係る特例,6,第百八十四条の九,PROCEDURE,出願,1164,1166
9,第九章　特許協力条約に基づく国際出願に係る特例,6,第百八十四条の九,LEGAL_STATUS,出願人,164,167
9,第九章　特許協力条約に基づく国際出願に係る特例,6,第百八十四条の九,LEGAL_STATUS,出願人,358,361
9,第九章　特許協力条約に基づく国際出願に係る特例,7,第百八十四条の十,ARTICLE_REFERENCE,第百八十四条の十,0,8
9,第九章　特許協力条約に基づく国際出願に係る特例,7,第百八十四条の十,ARTICLE_REFERENCE,第百八十四条の十,26,34
9,第九章　特許協力条約に基づく国際出願に係る特例,7,第百八十四条の十,ARTICLE_REFERENCE,第六十五条,367,372
9,第九章　特許協力条約に基づく国際出願に係る特例,7,第百八十四条の十,ARTICLE_REFERENCE,第二項,372,375
9,第九章　特許協力条約に基づく国際出願に係る特例,7,第百八十四条の十,ARTICLE_REFERENCE,第六項,377,380
9,第九章　特許協力条約に基づく国際出願に係る特例,7,第百八十四条の十,ARTICLE_REFERENCE,前項,387,389
9,第九章　特許協力条約に基づく国際出願に係る特例,7,第百八十四条の十,TIME_PERIOD,から,375,377
9,第九章　特許協力条約に基づく国際出願に係る特例,7,第百八十四条の十,TIME_PERIOD,まで,380,382
9,第九章　特許協力条約に基づく国際出願に係る特例,7,第百八十四条の十,PROCEDURE,出願,39,41
9,第九章　特許協力条約に基づく国際出願に係る特例,7,第百八十四条の十,PROCEDURE,出願,42,44
9,第九章　特許協力条約に基づく国際出願に係る特例,7,第百八十四条の十,PROCEDURE,出願,52,54
9,第九章　特許協力条約に基づく国際出願に係る特例,7,第百八十四条の十,PROCEDURE,出願,75,77
9,第九章　特許協力条約に基づく国際出願に係る特例,7,第百八十四条の十,PROCEDURE,出願,97,99
9,第九章　特許協力条約に基づく国際出願に係る特例,7,第百八十四条の十,PROCEDURE,発明,102,104
9,第九章　特許協力条約に基づく国際出願に係る特例,7,第百八十四条の十,PROCEDURE,特許権,133,136
9,第九章　特許協力条約に基づく国際出願に係る特例,7,第百八十四条の十,PROCEDURE,登録,140,142
9,第九章　特許協力条約に基づく国際出願に係る特例,7,第百八十四条の十,PROCEDURE,発明,150,152
9,第九章　特許協力条約に基づく国際出願に係る特例,7,第百八十四条の十,PROCEDURE,発明,164,166
9,第九章　特許協力条約に基づく国際出願に係る特例,7,第百八十四条の十,PROCEDURE,発明,169,171
9,第九章　特許協力条約に基づく国際出願に係る特例,7,第百八十四条の十,PROCEDURE,請求,207,209
9,第九章　特許協力条約に基づく国際出願に係る特例,7,第百八十四条の十,PROCEDURE,出願,239,241
9,第九章　特許協力条約に基づく国際出願に係る特例,7,第百八十四条の十,PROCEDURE,出願,258,260
9,第九章　特許協力条約に基づく国際出願に係る特例,7,第百八十四条の十,PROCEDURE,発明,263,265
9,第九章　特許協力条約に基づく国際出願に係る特例,7,第百八十四条の十,PROCEDURE,特許権,274,277
9,第九章　特許協力条約に基づく国際出願に係る特例,7,第百八十四条の十,PROCEDURE,登録,281,283
9,第九章　特許協力条約に基づく国際出願に係る特例,7,第百八十四条の十,PROCEDURE,出願,291,293
9,第九章　特許協力条約に基づく国際出願に係る特例,7,第百八十四条の十,PROCEDURE,出願,310,312
9,第九章　特許協力条約に基づく国際出願に係る特例,7,第百八十四条の十,PROCEDURE,発明,315,317
9,第九章　特許協力条約に基づく国際出願に係る特例,7,第百八十四条の十,PROCEDURE,特許権,326,329
9,第九章　特許協力条約に基づく国際出願に係る特例,7,第百八十四条の十,PROCEDURE,登録,333,335
9,第九章　特許協力条約に基づく国際出願に係る特例,7,第百八十四条の十,PROCEDURE,発明,344,346
9,第九章　特許協力条約に基づく国際出願に係る特例,7,第百八十四条の十,PROCEDURE,請求,395,397
9,第九章　特許協力条約に基づく国際出願に係る特例,7,第百八十四条の十,LEGAL_STATUS,出願人,42,45
9,第九章　特許協力条約に基づく国際出願に係る特例,8,第百八十四条の十一,LAW_REFERENCE,省令,133,135
9,第九章　特許協力条約に基づく国際出願に係る特例,8,第百八十四条の十一,LAW_REFERENCE,省令,266,268
9,第九章　特許協力条約に基づく国際出願に係る特例,8,第百八十四条の十一,LAW_REFERENCE,省令,402,404
9,第九章　特許協力条約に基づく国際出願に係る特例,8,第百八十四条の十一,LAW_REFERENCE,省令,419,421
9,第九章　特許協力条約に基づく国際出願に係る特例,8,第百八十四条の十一,ARTICLE_REFERENCE,第百八十四条の十一,0,9
9,第九章　特許協力条約に基づく国際出願に係る特例,8,第百八十四条の十一,ARTICLE_REFERENCE,第百八十四条の十一,25,34
9,第九章　特許協力条約に基づく国際出願に係る特例,8,第百八十四条の十一,ARTICLE_REFERENCE,第八条,64,67
9,第九章　特許協力条約に基づく国際出願に係る特例,8,第百八十四条の十一,ARTICLE_REFERENCE,第一項,67,70
9,第九章　特許協力条約に基づく国際出願に係る特例,8,第百八十四条の十一,ARTICLE_REFERENCE,前項,106,108
9,第九章　特許協力条約に基づく国際出願に係る特例,8,第百八十四条の十一,ARTICLE_REFERENCE,前項,182,184
9,第九章　特許協力条約に基づく国際出願に係る特例,8,第百八十四条の十一,ARTICLE_REFERENCE,第一項,213,216
9,第九章　特許協力条約に基づく国際出願に係る特例,8,第百八十四条の十一,ARTICLE_REFERENCE,前項,245,247
9,第九章　特許協力条約に基づく国際出願に係る特例,8,第百八十四条の十一,ARTICLE_REFERENCE,前項,309,311
9,第九章　特許協力条約に基づく国際出願に係る特例,8,第百八十四条の十一,ARTICLE_REFERENCE,前項,365,367
9,第九章　特許協力条約に基づく国際出願に係る特例,8,第百八十四条の十一,ARTICLE_REFERENCE,第四項,467,470
9,第九章　特許協力条約に基づく国際出願に係る特例,8,第百八十四条の十一,ARTICLE_REFERENCE,第四項,517,520
9,第九章　特許協力条約に基づく国際出願に係る特例,8,第百八十四条の十一,ARTICLE_REFERENCE,前項,522,524
9,第九章　特許協力条約に基づく国際出願に係る特例,8,第百八十四条の十一,ARTICLE_REFERENCE,第二項,537,540
9,第九章　特許協力条約に基づく国際出願に係る特例,8,第百八十四条の十一,ARTICLE_REFERENCE,第一項,567,570
9,第九章　特許協力条約に基づく国際出願に係る特例,8,第百八十四条の十一,ARTICLE_REFERENCE,第百八十四条の四,586,594
9,第九章　特許協力条約に基づく国際出願に係る特例,8,第百八十四条の十一,ARTICLE_REFERENCE,第四項,594,597
9,第九章　特許協力条約に基づく国際出願に係る特例,8,第百八十四条の十一,ARTICLE_REFERENCE,第二項,612,615
9,第九章　特許協力条約に基づく国際出願に係る特例,8,第百八十四条の十一,ARTICLE_REFERENCE,前項,617,619
9,第九章　特許協力条約に基づく国際出願に係る特例,8,第百八十四条の十一,TIME_PERIOD,まで,60,62
9,第九章　特許協力条約に基づく国際出願に係る特例,8,第百八十四条の十一,TIME_PERIOD,から,615,617
9,第九章　特許協力条約に基づく国際出願に係る特例,8,第百八十四条の十一,TIME_PERIOD,まで,619,621
9,第九章　特許協力条約に基づく国際出願に係る特例,8,第百八十四条の十一,ORGANIZATION,特許庁長官,154,159
9,第九章　特許協力条約に基づく国際出願に係る特例,8,第百八十四条の十一,ORGANIZATION,特許庁長官,175,180
9,第九章　特許協力条約に基づく国際出願に係る特例,8,第百八十四条の十一,ORGANIZATION,特許庁長官,289,294
9,第九章　特許協力条約に基づく国際出願に係る特例,8,第百八十四条の十一,ORGANIZATION,特許庁長官,442,447
9,第九章　特許協力条約に基づく国際出願に係る特例,8,第百八十四条の十一,PROCEDURE,出願,45,47
9,第九章　特許協力条約に基づく国際出願に係る特例,8,第百八十四条の十一,PROCEDURE,出願,48,50
9,第九章　特許協力条約に基づく国際出願に係る特例,8,第百八十四条の十一,PROCEDURE,届出,202,204
9,第九章　特許協力条約に基づく国際出願に係る特例,8,第百八十四条の十一,PROCEDURE,届出,329,331
9,第九章　特許協力条約に基づく国際出願に係る特例,8,第百八十四条の十一,PROCEDURE,出願,346,348
9,第九章　特許協力条約に基づく国際出願に係る特例,8,第百八十四条の十一,PROCEDURE,出願,390,392
9,第九章　特許協力条約に基づく国際出願に係る特例,8,第百八十四条の十一,PROCEDURE,出願,393,395
9,第九章　特許協力条約に基づく国際出願に係る特例,8,第百八十四条の十一,PROCEDURE,届出,488,490
9,第九章　特許協力条約に基づく国際出願に係る特例,8,第百八十四条の十一,PROCEDURE,届出,533,535
9,第九章　特許協力条約に基づく国際出願に係る特例,8,第百八十四条の十一,PROCEDURE,届出,557,559
9,第九章　特許協力条約に基づく国際出願に係る特例,8,第百八十四条の十一,LEGAL_STATUS,出願人,48,51
9,第九章　特許協力条約に基づく国際出願に係る特例,8,第百八十四条の十一,LEGAL_STATUS,出願人,393,396
9,第九章　特許協力条約に基づく国際出願に係る特例,9,第百八十四条の十二,ARTICLE_REFERENCE,第百八十四条の十二,0,9
9,第九章　特許協力条約に基づく国際出願に係る特例,9,第百八十四条の十二,ARTICLE_REFERENCE,第百八十四条の十二,18,27
9,第九章　特許協力条約に基づく国際出願に係る特例,9,第百八十四条の十二,ARTICLE_REFERENCE,第百八十四条の五,40,48
9,第九章　特許協力条約に基づく国際出願に係る特例,9,第百八十四条の十二,ARTICLE_REFERENCE,第一項,48,51
9,第九章　特許協力条約に基づく国際出願に係る特例,9,第百八十四条の十二,ARTICLE_REFERENCE,第百九十五条,65,71
9,第九章　特許協力条約に基づく国際出願に係る特例,9,第百八十四条の十二,ARTICLE_REFERENCE,第二項,71,74
9,第九章　特許協力条約に基づく国際出願に係る特例,9,第百八十四条の十二,ARTICLE_REFERENCE,第百八十四条の四,107,115
9,第九章　特許協力条約に基づく国際出願に係る特例,9,第百八十四条の十二,ARTICLE_REFERENCE,第一項,115,118
9,第九章　特許協力条約に基づく国際出願に係る特例,9,第百八十四条の十二,ARTICLE_REFERENCE,第四項,120,123
9,第九章　特許協力条約に基づく国際出願に係る特例,9,第百八十四条の十二,ARTICLE_REFERENCE,第百八十四条の五,125,133
9,第九章　特許協力条約に基づく国際出願に係る特例,9,第百八十四条の十二,ARTICLE_REFERENCE,第一項,133,136
9,第九章　特許協力条約に基づく国際出願に係る特例,9,第百八十四条の十二,ARTICLE_REFERENCE,第百九十五条,150,156
9,第九章　特許協力条約に基づく国際出願に係る特例,9,第百八十四条の十二,ARTICLE_REFERENCE,第二項,156,159
9,第九章　特許協力条約に基づく国際出願に係る特例,9,第百八十四条の十二,ARTICLE_REFERENCE,第十七条,202,206
9,第九章　特許協力条約に基づく国際出願に係る特例,9,第百八十四条の十二,ARTICLE_REFERENCE,第一項,206,209
9,第九章　特許協力条約に基づく国際出願に係る特例,9,第百八十四条の十二,ARTICLE_REFERENCE,第百八十四条の七,227,235
9,第九章　特許協力条約に基づく国際出願に係る特例,9,第百八十四条の十二,ARTICLE_REFERENCE,第二項,235,238
9,第九章　特許協力条約に基づく国際出願に係る特例,9,第百八十四条の十二,ARTICLE_REFERENCE,第百八十四条の八,240,248
9,第九章　特許協力条約に基づく国際出願に係る特例,9,第百八十四条の十二,ARTICLE_REFERENCE,第二項,248,251
9,第九章　特許協力条約に基づく国際出願に係る特例,9,第百八十四条の十二,ARTICLE_REFERENCE,第十七条の二,320,326
9,第九章　特許協力条約に基づく国際出願に係る特例,9,第百八十四条の十二,ARTICLE_REFERENCE,第二項,326,329
9,第九章　特許協力条約に基づく国際出願に係る特例,9,第百八十四条の十二,ARTICLE_REFERENCE,第三十六条の二,331,338
9,第九章　特許協力条約に基づく国際出願に係る特例,9,第百八十四条の十二,ARTICLE_REFERENCE,第二項,338,341
9,第九章　特許協力条約に基づく国際出願に係る特例,9,第百八十四条の十二,ARTICLE_REFERENCE,第百八十四条の四,356,364
9,第九章　特許協力条約に基づく国際出願に係る特例,9,第百八十四条の十二,ARTICLE_REFERENCE,第一項,364,367
9,第九章　特許協力条約に基づく国際出願に係る特例,9,第百八十四条の十二,ARTICLE_REFERENCE,同条,378,380
9,第九章　特許協力条約に基づく国際出願に係る特例,9,第百八十四条の十二,ARTICLE_REFERENCE,第三項,380,383
9,第九章　特許協力条約に基づく国際出願に係る特例,9,第百八十四条の十二,ARTICLE_REFERENCE,第三十六条の二,411,418
9,第九章　特許協力条約に基づく国際出願に係る特例,9,第百八十四条の十二,ARTICLE_REFERENCE,第二項,418,421
9,第九章　特許協力条約に基づく国際出願に係る特例,9,第百八十四条の十二,ARTICLE_REFERENCE,同条,435,437
9,第九章　特許協力条約に基づく国際出願に係る特例,9,第百八十四条の十二,ARTICLE_REFERENCE,第八項,437,440
9,第九章　特許協力条約に基づく国際出願に係る特例,9,第百八十四条の十二,ARTICLE_REFERENCE,同条,467,469
9,第九章　特許協力条約に基づく国際出願に係る特例,9,第百八十四条の十二,ARTICLE_REFERENCE,第二項,469,472
9,第九章　特許協力条約に基づく国際出願に係る特例,9,第百八十四条の十二,ARTICLE_REFERENCE,第三十四条の二,559,566
9,第九章　特許協力条約に基づく国際出願に係る特例,9,第百八十四条の十二,ARTICLE_REFERENCE,第一項,566,569
9,第九章　特許協力条約に基づく国際出願に係る特例,9,第百八十四条の十二,ARTICLE_REFERENCE,第三十四条の三,571,578
9,第九章　特許協力条約に基づく国際出願に係る特例,9,第百八十四条の十二,ARTICLE_REFERENCE,第一項,578,581
9,第九章　特許協力条約に基づく国際出願に係る特例,9,第百八十四条の十二,ARTICLE_REFERENCE,第百八十四条の四,596,604
9,第九章　特許協力条約に基づく国際出願に係る特例,9,第百八十四条の十二,ARTICLE_REFERENCE,第一項,604,607
9,第九章　特許協力条約に基づく国際出願に係る特例,9,第百八十四条の十二,ARTICLE_REFERENCE,第百八十四条の三,639,647
9,第九章　特許協力条約に基づく国際出願に係る特例,9,第百八十四条の十二,ARTICLE_REFERENCE,第二項,647,650
9,第九章　特許協力条約に基づく国際出願に係る特例,9,第百八十四条の十二,ARTICLE_REFERENCE,第百八十四条の四,704,712
9,第九章　特許協力条約に基づく国際出願に係る特例,9,第百八十四条の十二,ARTICLE_REFERENCE,第一項,712,715
9,第九章　特許協力条約に基づく国際出願に係る特例,9,第百八十四条の十二,ARTICLE_REFERENCE,同項,742,744
9,第九章　特許協力条約に基づく国際出願に係る特例,9,第百八十四条の十二,ARTICLE_REFERENCE,同条,749,751
9,第九章　特許協力条約に基づく国際出願に係る特例,9,第百八十四条の十二,ARTICLE_REFERENCE,第二項,751,754
9,第九章　特許協力条約に基づく国際出願に係る特例,9,第百八十四条の十二,ARTICLE_REFERENCE,第六項,756,759
9,第九章　特許協力条約に基づく国際出願に係る特例,9,第百八十四条の十二,ARTICLE_REFERENCE,第十九条,794,798
9,第九章　特許協力条約に基づく国際出願に係る特例,9,第百八十四条の十二,TIME_PERIOD,を経過,190,193
9,第九章　特許協力条約に基づく国際出願に係る特例,9,第百八十四条の十二,TIME_PERIOD,千九百七十年六月十九日,765,776
9,第九章　特許協力条約に基づく国際出願に係る特例,9,第百八十四条の十二,MONEY_AMOUNT,手数料,85,88
9,第九章　特許協力条約に基づく国際出願に係る特例,9,第百八十四条の十二,MONEY_AMOUNT,手数料,170,173
9,第九章　特許協力条約に基づく国際出願に係る特例,9,第百八十四条の十二,PROCEDURE,出願,33,35
9,第九章　特許協力条約に基づく国際出願に係る特例,9,第百八十四条の十二,PROCEDURE,出願,100,102
9,第九章　特許協力条約に基づく国際出願に係る特例,9,第百八十四条の十二,PROCEDURE,出願,282,284
9,第九章　特許協力条約に基づく国際出願に係る特例,9,第百八十四条の十二,PROCEDURE,明細書,287,290
9,第九章　特許協力条約に基づく国際出願に係る特例,9,第百八十四条の十二,PROCEDURE,請求,293,295
9,第九章　特許協力条約に基づく国際出願に係る特例,9,第百八十四条の十二,PROCEDURE,図面,300,302
9,第九章　特許協力条約に基づく国際出願に係る特例,9,第百八十四条の十二,PROCEDURE,出願,347,349
9,第九章　特許協力条約に基づく国際出願に係る特例,9,第百八十四条の十二,PROCEDURE,出願,373,375
9,第九章　特許協力条約に基づく国際出願に係る特例,9,第百八十四条の十二,PROCEDURE,明細書,395,398
9,第九章　特許協力条約に基づく国際出願に係る特例,9,第百八十四条の十二,PROCEDURE,請求,401,403
9,第九章　特許協力条約に基づく国際出願に係る特例,9,第百八十四条の十二,PROCEDURE,図面,408,410
9,第九章　特許協力条約に基づく国際出願に係る特例,9,第百八十四条の十二,PROCEDURE,出願,427,429
9,第九章　特許協力条約に基づく国際出願に係る特例,9,第百八十四条の十二,PROCEDURE,明細書,446,449
9,第九章　特許協力条約に基づく国際出願に係る特例,9,第百八十四条の十二,PROCEDURE,請求,452,454
9,第九章　特許協力条約に基づく国際出願に係る特例,9,第百八十四条の十二,PROCEDURE,図面,459,461
9,第九章　特許協力条約に基づく国際出願に係る特例,9,第百八十四条の十二,PROCEDURE,明細書,497,500
9,第九章　特許協力条約に基づく国際出願に係る特例,9,第百八十四条の十二,PROCEDURE,請求,503,505
9,第九章　特許協力条約に基づく国際出願に係る特例,9,第百八十四条の十二,PROCEDURE,図面,510,512
9,第九章　特許協力条約に基づく国際出願に係る特例,9,第百八十四条の十二,PROCEDURE,明細書,540,543
9,第九章　特許協力条約に基づく国際出願に係る特例,9,第百八十四条の十二,PROCEDURE,請求,546,548
9,第九章　特許協力条約に基づく国際出願に係る特例,9,第百八十四条の十二,PROCEDURE,図面,555,557
9,第九章　特許協力条約に基づく国際出願に係る特例,9,第百八十四条の十二,PROCEDURE,出願,610,612
9,第九章　特許協力条約に基づく国際出願に係る特例,9,第百八十四条の十二,PROCEDURE,出願,626,628
9,第九章　特許協力条約に基づく国際出願に係る特例,9,第百八十四条の十二,PROCEDURE,出願,655,657
9,第九章　特許協力条約に基づく国際出願に係る特例,9,第百八十四条の十二,PROCEDURE,出願,672,674
9,第九章　特許協力条約に基づく国際出願に係る特例,9,第百八十四条の十二,PROCEDURE,明細書,681,684
9,第九章　特許協力条約に基づく国際出願に係る特例,9,第百八十四条の十二,PROCEDURE,図面,688,690
9,第九章　特許協力条約に基づく国際出願に係る特例,9,第百八十四条の十二,PROCEDURE,図面,691,693
9,第九章　特許協力条約に基づく国際出願に係る特例,9,第百八十四条の十二,PROCEDURE,出願,722,724
9,第九章　特許協力条約に基づく国際出願に係る特例,9,第百八十四条の十二,PROCEDURE,出願,733,735
9,第九章　特許協力条約に基づく国際出願に係る特例,9,第百八十四条の十二,PROCEDURE,請求,736,738
9,第九章　特許協力条約に基づく国際出願に係る特例,9,第百八十四条の十二,PROCEDURE,請求,812,814
9,第九章　特許協力条約に基づく国際出願に係る特例,9,第百八十四条の十二,PROCEDURE,出願,845,847
9,第九章　特許協力条約に基づく国際出願に係る特例,9,第百八十四条の十二,PROCEDURE,出願,856,858
9,第九章　特許協力条約に基づく国際出願に係る特例,9,第百八十四条の十二,PROCEDURE,図面,859,861
9,第九章　特許協力条約に基づく国際出願に係る特例,9,第百八十四条の十二,PROCEDURE,図面,862,864
9,第九章　特許協力条約に基づく国際出願に係る特例,9,第百八十四条の十二,PROCEDURE,明細書,906,909
9,第九章　特許協力条約に基づく国際出願に係る特例,9,第百八十四条の十二,PROCEDURE,請求,912,914
9,第九章　特許協力条約に基づく国際出願に係る特例,9,第百八十四条の十二,PROCEDURE,図面,919,921
9,第九章　特許協力条約に基づく国際出願に係る特例,9,第百八十四条の十二,PROCEDURE,明細書,950,953
9,第九章　特許協力条約に基づく国際出願に係る特例,9,第百八十四条の十二,PROCEDURE,請求,956,958
9,第九章　特許協力条約に基づく国際出願に係る特例,9,第百八十四条の十二,PROCEDURE,図面,965,967
9,第九章　特許協力条約に基づく国際出願に係る特例,10,第百八十四条の十二の二,ARTICLE_REFERENCE,第百八十四条の十二,0,9
9,第九章　特許協力条約に基づく国際出願に係る特例,10,第百八十四条の十二の二,ARTICLE_REFERENCE,第百八十四条の十二,26,35
9,第九章　特許協力条約に基づく国際出願に係る特例,10,第百八十四条の十二の二,ARTICLE_REFERENCE,第百八十四条の五,50,58
9,第九章　特許協力条約に基づく国際出願に係る特例,10,第百八十四条の十二の二,ARTICLE_REFERENCE,第一項,58,61
9,第九章　特許協力条約に基づく国際出願に係る特例,10,第百八十四条の十二の二,ARTICLE_REFERENCE,第百九十五条,75,81
9,第九章　特許協力条約に基づく国際出願に係る特例,10,第百八十四条の十二の二,ARTICLE_REFERENCE,第二項,81,84
9,第九章　特許協力条約に基づく国際出願に係る特例,10,第百八十四条の十二の二,ARTICLE_REFERENCE,第百八十四条の四,117,125
9,第九章　特許協力条約に基づく国際出願に係る特例,10,第百八十四条の十二の二,ARTICLE_REFERENCE,第一項,125,128
9,第九章　特許協力条約に基づく国際出願に係る特例,10,第百八十四条の十二の二,ARTICLE_REFERENCE,第四項,130,133
9,第九章　特許協力条約に基づく国際出願に係る特例,10,第百八十四条の十二の二,ARTICLE_REFERENCE,第百八十四条の五,135,143
9,第九章　特許協力条約に基づく国際出願に係る特例,10,第百八十四条の十二の二,ARTICLE_REFERENCE,第一項,143,146
9,第九章　特許協力条約に基づく国際出願に係る特例,10,第百八十四条の十二の二,ARTICLE_REFERENCE,第百九十五条,160,166
9,第九章　特許協力条約に基づく国際出願に係る特例,10,第百八十四条の十二の二,ARTICLE_REFERENCE,第二項,166,169
9,第九章　特許協力条約に基づく国際出願に係る特例,10,第百八十四条の十二の二,ARTICLE_REFERENCE,第二十七条,212,217
9,第九章　特許協力条約に基づく国際出願に係る特例,10,第百八十四条の十二の二,ARTICLE_REFERENCE,第一項,217,220
9,第九章　特許協力条約に基づく国際出願に係る特例,10,第百八十四条の十二の二,ARTICLE_REFERENCE,第四号,220,223
9,第九章　特許協力条約に基づく国際出願に係る特例,10,第百八十四条の十二の二,TIME_PERIOD,を経過,200,203
9,第九章　特許協力条約に基づく国際出願に係る特例,10,第百八十四条の十二の二,MONEY_AMOUNT,手数料,95,98
9,第九章　特許協力条約に基づく国際出願に係る特例,10,第百八十四条の十二の二,MONEY_AMOUNT,手数料,180,183
9,第九章　特許協力条約に基づく国際出願に係る特例,10,第百八十四条の十二の二,PROCEDURE,登録,19,21
9,第九章　特許協力条約に基づく国際出願に係る特例,10,第百八十四条の十二の二,PROCEDURE,出願,43,45
9,第九章　特許協力条約に基づく国際出願に係る特例,10,第百八十四条の十二の二,PROCEDURE,出願,110,112
9,第九章　特許協力条約に基づく国際出願に係る特例,10,第百八十四条の十二の二,PROCEDURE,登録,240,242
9,第九章　特許協力条約に基づく国際出願に係る特例,11,第百八十四条の十三,LAW_REFERENCE,の二に規定する他の特許出願又は実用新案登録出願が国際特許出願又は実用新案法第四十八条,35,77
9,第九章　特許協力条約に基づく国際出願に係る特例,11,第百八十四条の十三,LAW_REFERENCE,の四第三項又は実用新案法第四十八条,175,192
9,第九章　特許協力条約に基づく国際出願に係る特例,11,第百八十四条の十三,LAW_REFERENCE,の四第一項の外国語特許出願又は同法第四十八条,224,246
9,第九章　特許協力条約に基づく国際出願に係る特例,11,第百八十四条の十三,LAW_REFERENCE,の四第一項又は実用新案法第四十八条,413,430
9,第九章　特許協力条約に基づく国際出願に係る特例,11,第百八十四条の十三,ARTICLE_REFERENCE,第百八十四条の十三,0,9
9,第九章　特許協力条約に基づく国際出願に係る特例,11,第百八十四条の十三,ARTICLE_REFERENCE,第百八十四条の十三,20,29
9,第九章　特許協力条約に基づく国際出願に係る特例,11,第百八十四条の十三,ARTICLE_REFERENCE,第二十九条の二,30,37
9,第九章　特許協力条約に基づく国際出願に係る特例,11,第百八十四条の十三,ARTICLE_REFERENCE,第四十八条の三,72,79
9,第九章　特許協力条約に基づく国際出願に係る特例,11,第百八十四条の十三,ARTICLE_REFERENCE,第二項,79,82
9,第九章　特許協力条約に基づく国際出願に係る特例,11,第百八十四条の十三,ARTICLE_REFERENCE,第二十九条の二,102,109
9,第九章　特許協力条約に基づく国際出願に係る特例,11,第百八十四条の十三,ARTICLE_REFERENCE,同条,121,123
9,第九章　特許協力条約に基づく国際出願に係る特例,11,第百八十四条の十三,ARTICLE_REFERENCE,第百八十四条の四,169,177
9,第九章　特許協力条約に基づく国際出願に係る特例,11,第百八十四条の十三,ARTICLE_REFERENCE,第三項,177,180
9,第九章　特許協力条約に基づく国際出願に係る特例,11,第百八十四条の十三,ARTICLE_REFERENCE,第四十八条の四,187,194
9,第九章　特許協力条約に基づく国際出願に係る特例,11,第百八十四条の十三,ARTICLE_REFERENCE,第三項,194,197
9,第九章　特許協力条約に基づく国際出願に係る特例,11,第百八十四条の十三,ARTICLE_REFERENCE,第百八十四条の四,218,226
9,第九章　特許協力条約に基づく国際出願に係る特例,11,第百八十四条の十三,ARTICLE_REFERENCE,第一項,226,229
9,第九章　特許協力条約に基づく国際出願に係る特例,11,第百八十四条の十三,ARTICLE_REFERENCE,第四十八条の四,241,248
9,第九章　特許協力条約に基づく国際出願に係る特例,11,第百八十四条の十三,ARTICLE_REFERENCE,第一項,248,251
9,第九章　特許協力条約に基づく国際出願に係る特例,11,第百八十四条の十三,ARTICLE_REFERENCE,第二十一条,341,346
9,第九章　特許協力条約に基づく国際出願に係る特例,11,第百八十四条の十三,ARTICLE_REFERENCE,第百八十四条の四,407,415
9,第九章　特許協力条約に基づく国際出願に係る特例,11,第百八十四条の十三,ARTICLE_REFERENCE,第一項,415,418
9,第九章　特許協力条約に基づく国際出願に係る特例,11,第百八十四条の十三,ARTICLE_REFERENCE,第四十八条の四,425,432
9,第九章　特許協力条約に基づく国際出願に係る特例,11,第百八十四条の十三,ARTICLE_REFERENCE,第一項,432,435
9,第九章　特許協力条約に基づく国際出願に係る特例,11,第百八十四条の十三,TIME_PERIOD,千九百七十年六月十九日,312,323
9,第九章　特許協力条約に基づく国際出願に係る特例,11,第百八十四条の十三,PROCEDURE,出願,46,48
9,第九章　特許協力条約に基づく国際出願に係る特例,11,第百八十四条の十三,PROCEDURE,登録,54,56
9,第九章　特許協力条約に基づく国際出願に係る特例,11,第百八十四条の十三,PROCEDURE,出願,56,58
9,第九章　特許協力条約に基づく国際出願に係る特例,11,第百八十四条の十三,PROCEDURE,出願,63,65
9,第九章　特許協力条約に基づく国際出願に係る特例,11,第百八十四条の十三,PROCEDURE,登録,89,91
9,第九章　特許協力条約に基づく国際出願に係る特例,11,第百八十四条の十三,PROCEDURE,出願,91,93
9,第九章　特許協力条約に基づく国際出願に係る特例,11,第百八十四条の十三,PROCEDURE,出願,129,131
9,第九章　特許協力条約に基づく国際出願に係る特例,11,第百八十四条の十三,PROCEDURE,登録,137,139
9,第九章　特許協力条約に基づく国際出願に係る特例,11,第百八十四条の十三,PROCEDURE,出願,139,141
9,第九章　特許協力条約に基づく国際出願に係る特例,11,第百八十四条の十三,PROCEDURE,出願,156,158
9,第九章　特許協力条約に基づく国際出願に係る特例,11,第百八十四条の十三,PROCEDURE,登録,164,166
9,第九章　特許協力条約に基づく国際出願に係る特例,11,第百八十四条の十三,PROCEDURE,出願,166,168
9,第九章　特許協力条約に基づく国際出願に係る特例,11,第百八十四条の十三,PROCEDURE,出願,235,237
9,第九章　特許協力条約に基づく国際出願に係る特例,11,第百八十四条の十三,PROCEDURE,登録,259,261
9,第九章　特許協力条約に基づく国際出願に係る特例,11,第百八十四条の十三,PROCEDURE,出願,261,263
9,第九章　特許協力条約に基づく国際出願に係る特例,11,第百八十四条の十三,PROCEDURE,出願,276,278
9,第九章　特許協力条約に基づく国際出願に係る特例,11,第百八十四条の十三,PROCEDURE,出願,289,291
9,第九章　特許協力条約に基づく国際出願に係る特例,11,第百八十四条の十三,PROCEDURE,明細書,370,373
9,第九章　特許協力条約に基づく国際出願に係る特例,11,第百八十四条の十三,PROCEDURE,請求,376,378
9,第九章　特許協力条約に基づく国際出願に係る特例,11,第百八十四条の十三,PROCEDURE,登録,389,391
9,第九章　特許協力条約に基づく国際出願に係る特例,11,第百八十四条の十三,PROCEDURE,請求,391,393
9,第九章　特許協力条約に基づく国際出願に係る特例,11,第百八十四条の十三,PROCEDURE,図面,398,400
9,第九章　特許協力条約に基づく国際出願に係る特例,11,第百八十四条の十三,PROCEDURE,出願,438,440
9,第九章　特許協力条約に基づく国際出願に係る特例,11,第百八十四条の十三,PROCEDURE,出願,447,449
9,第九章　特許協力条約に基づく国際出願に係る特例,11,第百八十四条の十三,PROCEDURE,明細書,450,453
9,第九章　特許協力条約に基づく国際出願に係る特例,11,第百八十四条の十三,PROCEDURE,請求,454,456
9,第九章　特許協力条約に基づく国際出願に係る特例,11,第百八十四条の十三,PROCEDURE,図面,461,463
9,第九章　特許協力条約に基づく国際出願に係る特例,12,第百八十四条の十四,LAW_REFERENCE,省令,181,183
9,第九章　特許協力条約に基づく国際出願に係る特例,12,第百八十四条の十四,ARTICLE_REFERENCE,第百八十四条の十四,0,9
9,第九章　特許協力条約に基づく国際出願に係る特例,12,第百八十四条の十四,ARTICLE_REFERENCE,第百八十四条の十四,28,37
9,第九章　特許協力条約に基づく国際出願に係る特例,12,第百八十四条の十四,ARTICLE_REFERENCE,第三十条,38,42
9,第九章　特許協力条約に基づく国際出願に係る特例,12,第百八十四条の十四,ARTICLE_REFERENCE,第二項,42,45
9,第九章　特許協力条約に基づく国際出願に係る特例,12,第百八十四条の十四,ARTICLE_REFERENCE,第二十九条,83,88
9,第九章　特許協力条約に基づく国際出願に係る特例,12,第百八十四条の十四,ARTICLE_REFERENCE,第一項,88,91
9,第九章　特許協力条約に基づく国際出願に係る特例,12,第百八十四条の十四,ARTICLE_REFERENCE,各号,91,93
9,第九章　特許協力条約に基づく国際出願に係る特例,12,第百八十四条の十四,ARTICLE_REFERENCE,第三十条,110,114
9,第九章　特許協力条約に基づく国際出願に係る特例,12,第百八十四条の十四,ARTICLE_REFERENCE,第二項,114,117
9,第九章　特許協力条約に基づく国際出願に係る特例,12,第百八十四条の十四,ARTICLE_REFERENCE,同条,149,151
9,第九章　特許協力条約に基づく国際出願に係る特例,12,第百八十四条の十四,ARTICLE_REFERENCE,第三項,151,154
9,第九章　特許協力条約に基づく国際出願に係る特例,12,第百八十四条の十四,ORGANIZATION,特許庁長官,191,196
9,第九章　特許協力条約に基づく国際出願に係る特例,12,第百八十四条の十四,PROCEDURE,発明,11,13
9,第九章　特許協力条約に基づく国際出願に係る特例,12,第百八十四条の十四,PROCEDURE,出願,63,65
9,第九章　特許協力条約に基づく国際出願に係る特例,12,第百八十四条の十四,PROCEDURE,出願,66,68
9,第九章　特許協力条約に基づく国際出願に係る特例,12,第百八十四条の十四,PROCEDURE,発明,107,109
9,第九章　特許協力条約に基づく国際出願に係る特例,12,第百八十四条の十四,PROCEDURE,発明,133,135
9,第九章　特許協力条約に基づく国際出願に係る特例,12,第百八十四条の十四,LEGAL_STATUS,出願人,66,69
9,第九章　特許協力条約に基づく国際出願に係る特例,13,第百八十四条の十五,LAW_REFERENCE,第一項の先の出願が国際特許出願又は実用新案法第四十八条,384,411
9,第九章　特許協力条約に基づく国際出願に係る特例,13,第百八十四条の十五,LAW_REFERENCE,の四第一項又は実用新案法第四十八条,541,558
9,第九章　特許協力条約に基づく国際出願に係る特例,13,第百八十四条の十五,LAW_REFERENCE,の四第一項又は実用新案法第四十八条,682,699
9,第九章　特許協力条約に基づく国際出願に係る特例,13,第百八十四条の十五,LAW_REFERENCE,省令,839,841
9,第九章　特許協力条約に基づく国際出願に係る特例,13,第百八十四条の十五,LAW_REFERENCE,の四第六項若しくは実用新案法第四十八条,866,885
9,第九章　特許協力条約に基づく国際出願に係る特例,13,第百八十四条の十五,LAW_REFERENCE,の四第一項若しくは同法第四十八条,906,922
9,第九章　特許協力条約に基づく国際出願に係る特例,13,第百八十四条の十五,LAW_REFERENCE,省令,939,941
9,第九章　特許協力条約に基づく国際出願に係る特例,13,第百八十四条の十五,ARTICLE_REFERENCE,第百八十四条の十五,0,9
9,第九章　特許協力条約に基づく国際出願に係る特例,13,第百八十四条の十五,ARTICLE_REFERENCE,第百八十四条の十五,30,39
9,第九章　特許協力条約に基づく国際出願に係る特例,13,第百八十四条の十五,ARTICLE_REFERENCE,第四十一条,52,57
9,第九章　特許協力条約に基づく国際出願に係る特例,13,第百八十四条の十五,ARTICLE_REFERENCE,第一項,57,60
9,第九章　特許協力条約に基づく国際出願に係る特例,13,第百八十四条の十五,ARTICLE_REFERENCE,第四項,66,69
9,第九章　特許協力条約に基づく国際出願に係る特例,13,第百八十四条の十五,ARTICLE_REFERENCE,第四十二条,72,77
9,第九章　特許協力条約に基づく国際出願に係る特例,13,第百八十四条の十五,ARTICLE_REFERENCE,第二項,77,80
9,第九章　特許協力条約に基づく国際出願に係る特例,13,第百八十四条の十五,ARTICLE_REFERENCE,第四十一条,106,111
9,第九章　特許協力条約に基づく国際出願に係る特例,13,第百八十四条の十五,ARTICLE_REFERENCE,第三項,111,114
9,第九章　特許協力条約に基づく国際出願に係る特例,13,第百八十四条の十五,ARTICLE_REFERENCE,同項,126,128
9,第九章　特許協力条約に基づく国際出願に係る特例,13,第百八十四条の十五,ARTICLE_REFERENCE,第二十一条,175,180
9,第九章　特許協力条約に基づく国際出願に係る特例,13,第百八十四条の十五,ARTICLE_REFERENCE,第四十一条,209,214
9,第九章　特許協力条約に基づく国際出願に係る特例,13,第百八十四条の十五,ARTICLE_REFERENCE,第三項,214,217
9,第九章　特許協力条約に基づく国際出願に係る特例,13,第百八十四条の十五,ARTICLE_REFERENCE,同項,229,231
9,第九章　特許協力条約に基づく国際出願に係る特例,13,第百八十四条の十五,ARTICLE_REFERENCE,第百八十四条の四,270,278
9,第九章　特許協力条約に基づく国際出願に係る特例,13,第百八十四条の十五,ARTICLE_REFERENCE,第一項,278,281
9,第九章　特許協力条約に基づく国際出願に係る特例,13,第百八十四条の十五,ARTICLE_REFERENCE,第二十一条,357,362
9,第九章　特許協力条約に基づく国際出願に係る特例,13,第百八十四条の十五,ARTICLE_REFERENCE,第四十一条,379,384
9,第九章　特許協力条約に基づく国際出願に係る特例,13,第百八十四条の十五,ARTICLE_REFERENCE,第一項,384,387
9,第九章　特許協力条約に基づく国際出願に係る特例,13,第百八十四条の十五,ARTICLE_REFERENCE,第四十八条の三,406,413
9,第九章　特許協力条約に基づく国際出願に係る特例,13,第百八十四条の十五,ARTICLE_REFERENCE,第二項,413,416
9,第九章　特許協力条約に基づく国際出願に係る特例,13,第百八十四条の十五,ARTICLE_REFERENCE,第四十一条,436,441
9,第九章　特許協力条約に基づく国際出願に係る特例,13,第百八十四条の十五,ARTICLE_REFERENCE,第一項,441,444
9,第九章　特許協力条約に基づく国際出願に係る特例,13,第百八十四条の十五,ARTICLE_REFERENCE,第三項,446,449
9,第九章　特許協力条約に基づく国際出願に係る特例,13,第百八十四条の十五,ARTICLE_REFERENCE,第四十二条,453,458
9,第九章　特許協力条約に基づく国際出願に係る特例,13,第百八十四条の十五,ARTICLE_REFERENCE,第一項,458,461
9,第九章　特許協力条約に基づく国際出願に係る特例,13,第百八十四条の十五,ARTICLE_REFERENCE,第四十一条,473,478
9,第九章　特許協力条約に基づく国際出願に係る特例,13,第百八十四条の十五,ARTICLE_REFERENCE,第一項,478,481
9,第九章　特許協力条約に基づく国際出願に係る特例,13,第百八十四条の十五,ARTICLE_REFERENCE,第二項,483,486
9,第九章　特許協力条約に基づく国際出願に係る特例,13,第百八十四条の十五,ARTICLE_REFERENCE,第百八十四条の四,535,543
9,第九章　特許協力条約に基づく国際出願に係る特例,13,第百八十四条の十五,ARTICLE_REFERENCE,第一項,543,546
9,第九章　特許協力条約に基づく国際出願に係る特例,13,第百八十四条の十五,ARTICLE_REFERENCE,第四十八条の四,553,560
9,第九章　特許協力条約に基づく国際出願に係る特例,13,第百八十四条の十五,ARTICLE_REFERENCE,第一項,560,563
9,第九章　特許協力条約に基づく国際出願に係る特例,13,第百八十四条の十五,ARTICLE_REFERENCE,同項,594,596
9,第九章　特許協力条約に基づく国際出願に係る特例,13,第百八十四条の十五,ARTICLE_REFERENCE,同項,598,600
9,第九章　特許協力条約に基づく国際出願に係る特例,13,第百八十四条の十五,ARTICLE_REFERENCE,前項,607,609
9,第九章　特許協力条約に基づく国際出願に係る特例,13,第百八十四条の十五,ARTICLE_REFERENCE,同条,612,614
9,第九章　特許協力条約に基づく国際出願に係る特例,13,第百八十四条の十五,ARTICLE_REFERENCE,第三項,614,617
9,第九章　特許協力条約に基づく国際出願に係る特例,13,第百八十四条の十五,ARTICLE_REFERENCE,第百八十四条の四,676,684
9,第九章　特許協力条約に基づく国際出願に係る特例,13,第百八十四条の十五,ARTICLE_REFERENCE,第一項,684,687
9,第九章　特許協力条約に基づく国際出願に係る特例,13,第百八十四条の十五,ARTICLE_REFERENCE,第四十八条の四,694,701
9,第九章　特許協力条約に基づく国際出願に係る特例,13,第百八十四条の十五,ARTICLE_REFERENCE,第一項,701,704
9,第九章　特許協力条約に基づく国際出願に係る特例,13,第百八十四条の十五,ARTICLE_REFERENCE,同項,736,738
9,第九章　特許協力条約に基づく国際出願に係る特例,13,第百八十四条の十五,ARTICLE_REFERENCE,第一項,745,748
9,第九章　特許協力条約に基づく国際出願に係る特例,13,第百八十四条の十五,ARTICLE_REFERENCE,第二十一条,800,805
9,第九章　特許協力条約に基づく国際出願に係る特例,13,第百八十四条の十五,ARTICLE_REFERENCE,第四十二条,817,822
9,第九章　特許協力条約に基づく国際出願に係る特例,13,第百八十四条の十五,ARTICLE_REFERENCE,第一項,822,825
9,第九章　特許協力条約に基づく国際出願に係る特例,13,第百八十四条の十五,ARTICLE_REFERENCE,第百八十四条の四,860,868
9,第九章　特許協力条約に基づく国際出願に係る特例,13,第百八十四条の十五,ARTICLE_REFERENCE,第六項,868,871
9,第九章　特許協力条約に基づく国際出願に係る特例,13,第百八十四条の十五,ARTICLE_REFERENCE,第四十八条の四,880,887
9,第九章　特許協力条約に基づく国際出願に係る特例,13,第百八十四条の十五,ARTICLE_REFERENCE,第六項,887,890
9,第九章　特許協力条約に基づく国際出願に係る特例,13,第百八十四条の十五,ARTICLE_REFERENCE,第百八十四条の四,900,908
9,第九章　特許協力条約に基づく国際出願に係る特例,13,第百八十四条の十五,ARTICLE_REFERENCE,第一項,908,911
9,第九章　特許協力条約に基づく国際出願に係る特例,13,第百八十四条の十五,ARTICLE_REFERENCE,第四十八条の四,917,924
9,第九章　特許協力条約に基づく国際出願に係る特例,13,第百八十四条の十五,ARTICLE_REFERENCE,第一項,924,927
9,第九章　特許協力条約に基づく国際出願に係る特例,13,第百八十四条の十五,TIME_PERIOD,千九百七十年六月十九日,146,157
9,第九章　特許協力条約に基づく国際出願に係る特例,13,第百八十四条の十五,TIME_PERIOD,千九百七十年六月十九日,328,339
9,第九章　特許協力条約に基づく国際出願に係る特例,13,第百八十四条の十五,TIME_PERIOD,から,444,446
9,第九章　特許協力条約に基づく国際出願に係る特例,13,第百八十四条の十五,TIME_PERIOD,まで,449,451
9,第九章　特許協力条約に基づく国際出願に係る特例,13,第百八十四条の十五,TIME_PERIOD,千九百七十年六月十九日,771,782
9,第九章　特許協力条約に基づく国際出願に係る特例,13,第百八十四条の十五,TIME_PERIOD,出願の日,829,833
9,第九章　特許協力条約に基づく国際出願に係る特例,13,第百八十四条の十五,TIME_PERIOD,から,833,835
9,第九章　特許協力条約に基づく国際出願に係る特例,13,第百八十四条の十五,TIME_PERIOD,を経過,847,850
9,第九章　特許協力条約に基づく国際出願に係る特例,13,第百八十四条の十五,TIME_PERIOD,から,933,935
9,第九章　特許協力条約に基づく国際出願に係る特例,13,第百八十四条の十五,TIME_PERIOD,を経過,947,950
9,第九章　特許協力条約に基づく国際出願に係る特例,13,第百八十四条の十五,PROCEDURE,出願,13,15
9,第九章　特許協力条約に基づく国際出願に係る特例,13,第百八十四条の十五,PROCEDURE,出願,44,46
9,第九章　特許協力条約に基づく国際出願に係る特例,13,第百八十四条の十五,PROCEDURE,出願,99,101
9,第九章　特許協力条約に基づく国際出願に係る特例,13,第百八十四条の十五,PROCEDURE,出願,132,134
9,第九章　特許協力条約に基づく国際出願に係る特例,13,第百八十四条の十五,PROCEDURE,出願,202,204
9,第九章　特許協力条約に基づく国際出願に係る特例,13,第百八十四条の十五,PROCEDURE,出願,235,237
9,第九章　特許協力条約に基づく国際出願に係る特例,13,第百八十四条の十五,PROCEDURE,明細書,248,251
9,第九章　特許協力条約に基づく国際出願に係る特例,13,第百八十四条の十五,PROCEDURE,請求,254,256
9,第九章　特許協力条約に基づく国際出願に係る特例,13,第百八十四条の十五,PROCEDURE,図面,261,263
9,第九章　特許協力条約に基づく国際出願に係る特例,13,第百八十四条の十五,PROCEDURE,出願,284,286
9,第九章　特許協力条約に基づく国際出願に係る特例,13,第百八十四条の十五,PROCEDURE,出願,293,295
9,第九章　特許協力条約に基づく国際出願に係る特例,13,第百八十四条の十五,PROCEDURE,明細書,296,299
9,第九章　特許協力条約に基づく国際出願に係る特例,13,第百八十四条の十五,PROCEDURE,請求,300,302
9,第九章　特許協力条約に基づく国際出願に係る特例,13,第百八十四条の十五,PROCEDURE,図面,307,309
9,第九章　特許協力条約に基づく国際出願に係る特例,13,第百八十四条の十五,PROCEDURE,出願,315,317
9,第九章　特許協力条約に基づく国際出願に係る特例,13,第百八十四条の十五,PROCEDURE,出願,390,392
9,第九章　特許協力条約に基づく国際出願に係る特例,13,第百八十四条の十五,PROCEDURE,出願,397,399
9,第九章　特許協力条約に基づく国際出願に係る特例,13,第百八十四条の十五,PROCEDURE,登録,423,425
9,第九章　特許協力条約に基づく国際出願に係る特例,13,第百八十四条の十五,PROCEDURE,出願,425,427
9,第九章　特許協力条約に基づく国際出願に係る特例,13,第百八十四条の十五,PROCEDURE,明細書,498,501
9,第九章　特許協力条約に基づく国際出願に係る特例,13,第百八十四条の十五,PROCEDURE,請求,504,506
9,第九章　特許協力条約に基づく国際出願に係る特例,13,第百八十四条の十五,PROCEDURE,登録,517,519
9,第九章　特許協力条約に基づく国際出願に係る特例,13,第百八十四条の十五,PROCEDURE,請求,519,521
9,第九章　特許協力条約に基づく国際出願に係る特例,13,第百八十四条の十五,PROCEDURE,図面,526,528
9,第九章　特許協力条約に基づく国際出願に係る特例,13,第百八十四条の十五,PROCEDURE,出願,566,568
9,第九章　特許協力条約に基づく国際出願に係る特例,13,第百八十四条の十五,PROCEDURE,出願,575,577
9,第九章　特許協力条約に基づく国際出願に係る特例,13,第百八十四条の十五,PROCEDURE,明細書,578,581
9,第九章　特許協力条約に基づく国際出願に係る特例,13,第百八十四条の十五,PROCEDURE,請求,582,584
9,第九章　特許協力条約に基づく国際出願に係る特例,13,第百八十四条の十五,PROCEDURE,図面,589,591
9,第九章　特許協力条約に基づく国際出願に係る特例,13,第百八十四条の十五,PROCEDURE,出願,621,623
9,第九章　特許協力条約に基づく国際出願に係る特例,13,第百八十四条の十五,PROCEDURE,明細書,634,637
9,第九章　特許協力条約に基づく国際出願に係る特例,13,第百八十四条の十五,PROCEDURE,請求,640,642
9,第九章　特許協力条約に基づく国際出願に係る特例,13,第百八十四条の十五,PROCEDURE,登録,653,655
9,第九章　特許協力条約に基づく国際出願に係る特例,13,第百八十四条の十五,PROCEDURE,請求,655,657
9,第九章　特許協力条約に基づく国際出願に係る特例,13,第百八十四条の十五,PROCEDURE,図面,662,664
9,第九章　特許協力条約に基づく国際出願に係る特例,13,第百八十四条の十五,PROCEDURE,出願,673,675
9,第九章　特許協力条約に基づく国際出願に係る特例,13,第百八十四条の十五,PROCEDURE,出願,707,709
9,第九章　特許協力条約に基づく国際出願に係る特例,13,第百八十四条の十五,PROCEDURE,出願,716,718
9,第九章　特許協力条約に基づく国際出願に係る特例,13,第百八十四条の十五,PROCEDURE,明細書,719,722
9,第九章　特許協力条約に基づく国際出願に係る特例,13,第百八十四条の十五,PROCEDURE,請求,723,725
9,第九章　特許協力条約に基づく国際出願に係る特例,13,第百八十四条の十五,PROCEDURE,図面,730,732
9,第九章　特許協力条約に基づく国際出願に係る特例,13,第百八十四条の十五,PROCEDURE,出願,756,758
9,第九章　特許協力条約に基づく国際出願に係る特例,13,第百八十四条の十五,PROCEDURE,出願,829,831
9,第九章　特許協力条約に基づく国際出願に係る特例,13,第百八十四条の十五,PROCEDURE,出願,930,932
9,第九章　特許協力条約に基づく国際出願に係る特例,14,第百八十四条の十六,LAW_REFERENCE,の十六 実用新案法第四十八条,27,41
9,第九章　特許協力条約に基づく国際出願に係る特例,14,第百八十四条の十六,LAW_REFERENCE,の十六第四項の規定により実用新案登録出願とみなされた国際出願の特許出願への変更については、同法第四十八条,53,105
9,第九章　特許協力条約に基づく国際出願に係る特例,14,第百八十四条の十六,LAW_REFERENCE,第一項、同法第四十八条,129,140
9,第九章　特許協力条約に基づく国際出願に係る特例,14,第百八十四条の十六,LAW_REFERENCE,第四項及び同法第四十八条,168,180
9,第九章　特許協力条約に基づく国際出願に係る特例,14,第百八十四条の十六,LAW_REFERENCE,の五第一項の規定による手続をし、かつ、同法第五十四条,180,206
9,第九章　特許協力条約に基づく国際出願に係る特例,14,第百八十四条の十六,LAW_REFERENCE,第二項の規定により納付すべき手数料を納付した後（同法第四十八条,206,237
9,第九章　特許協力条約に基づく国際出願に係る特例,14,第百八十四条の十六,ARTICLE_REFERENCE,第百八十四条の十六,0,9
9,第九章　特許協力条約に基づく国際出願に係る特例,14,第百八十四条の十六,ARTICLE_REFERENCE,第百八十四条の十六,21,30
9,第九章　特許協力条約に基づく国際出願に係る特例,14,第百八十四条の十六,ARTICLE_REFERENCE,第四十八条の三,36,43
9,第九章　特許協力条約に基づく国際出願に係る特例,14,第百八十四条の十六,ARTICLE_REFERENCE,第一項,43,46
9,第九章　特許協力条約に基づく国際出願に係る特例,14,第百八十四条の十六,ARTICLE_REFERENCE,第四十八条の十六,48,56
9,第九章　特許協力条約に基づく国際出願に係る特例,14,第百八十四条の十六,ARTICLE_REFERENCE,第四項,56,59
9,第九章　特許協力条約に基づく国際出願に係る特例,14,第百八十四条の十六,ARTICLE_REFERENCE,第四十八条の五,100,107
9,第九章　特許協力条約に基づく国際出願に係る特例,14,第百八十四条の十六,ARTICLE_REFERENCE,第四項,107,110
9,第九章　特許協力条約に基づく国際出願に係る特例,14,第百八十四条の十六,ARTICLE_REFERENCE,同条,127,129
9,第九章　特許協力条約に基づく国際出願に係る特例,14,第百八十四条の十六,ARTICLE_REFERENCE,第一項,129,132
9,第九章　特許協力条約に基づく国際出願に係る特例,14,第百八十四条の十六,ARTICLE_REFERENCE,第四十八条の四,135,142
9,第九章　特許協力条約に基づく国際出願に係る特例,14,第百八十四条の十六,ARTICLE_REFERENCE,第一項,142,145
9,第九章　特許協力条約に基づく国際出願に係る特例,14,第百八十四条の十六,ARTICLE_REFERENCE,同項,162,164
9,第九章　特許協力条約に基づく国際出願に係る特例,14,第百八十四条の十六,ARTICLE_REFERENCE,同条,166,168
9,第九章　特許協力条約に基づく国際出願に係る特例,14,第百八十四条の十六,ARTICLE_REFERENCE,第四項,168,171
9,第九章　特許協力条約に基づく国際出願に係る特例,14,第百八十四条の十六,ARTICLE_REFERENCE,第四十八条の五,175,182
9,第九章　特許協力条約に基づく国際出願に係る特例,14,第百八十四条の十六,ARTICLE_REFERENCE,第一項,182,185
9,第九章　特許協力条約に基づく国際出願に係る特例,14,第百八十四条の十六,ARTICLE_REFERENCE,第五十四条,201,206
9,第九章　特許協力条約に基づく国際出願に係る特例,14,第百八十四条の十六,ARTICLE_REFERENCE,第二項,206,209
9,第九章　特許協力条約に基づく国際出願に係る特例,14,第百八十四条の十六,ARTICLE_REFERENCE,第四十八条の十六,232,240
9,第九章　特許協力条約に基づく国際出願に係る特例,14,第百八十四条の十六,ARTICLE_REFERENCE,第四項,240,243
9,第九章　特許協力条約に基づく国際出願に係る特例,14,第百八十四条の十六,ARTICLE_REFERENCE,同項,273,275
9,第九章　特許協力条約に基づく国際出願に係る特例,14,第百八十四条の十六,MONEY_AMOUNT,手数料,220,223
9,第九章　特許協力条約に基づく国際出願に係る特例,14,第百八十四条の十六,PROCEDURE,出願,11,13
9,第九章　特許協力条約に基づく国際出願に係る特例,14,第百八十四条の十六,PROCEDURE,登録,69,71
9,第九章　特許協力条約に基づく国際出願に係る特例,14,第百八十四条の十六,PROCEDURE,出願,71,73
9,第九章　特許協力条約に基づく国際出願に係る特例,14,第百八十四条の十六,PROCEDURE,出願,81,83
9,第九章　特許協力条約に基づく国際出願に係る特例,14,第百八十四条の十六,PROCEDURE,出願,86,88
9,第九章　特許協力条約に基づく国際出願に係る特例,14,第百八十四条の十六,PROCEDURE,登録,118,120
9,第九章　特許協力条約に基づく国際出願に係る特例,14,第百八十四条の十六,PROCEDURE,出願,120,122
9,第九章　特許協力条約に基づく国際出願に係る特例,14,第百八十四条の十六,PROCEDURE,登録,153,155
9,第九章　特許協力条約に基づく国際出願に係る特例,14,第百八十四条の十六,PROCEDURE,出願,155,157
9,第九章　特許協力条約に基づく国際出願に係る特例,14,第百八十四条の十六,PROCEDURE,登録,253,255
9,第九章　特許協力条約に基づく国際出願に係る特例,14,第百八十四条の十六,PROCEDURE,出願,255,257
9,第九章　特許協力条約に基づく国際出願に係る特例,14,第百八十四条の十六,PROCEDURE,出願,265,267
9,第九章　特許協力条約に基づく国際出願に係る特例,15,第百八十四条の十七,ARTICLE_REFERENCE,第百八十四条の十七,0,9
9,第九章　特許協力条約に基づく国際出願に係る特例,15,第百八十四条の十七,ARTICLE_REFERENCE,第百八十四条の十七,26,35
9,第九章　特許協力条約に基づく国際出願に係る特例,15,第百八十四条の十七,ARTICLE_REFERENCE,第百八十四条の五,60,68
9,第九章　特許協力条約に基づく国際出願に係る特例,15,第百八十四条の十七,ARTICLE_REFERENCE,第一項,68,71
9,第九章　特許協力条約に基づく国際出願に係る特例,15,第百八十四条の十七,ARTICLE_REFERENCE,第百八十四条の四,84,92
9,第九章　特許協力条約に基づく国際出願に係る特例,15,第百八十四条の十七,ARTICLE_REFERENCE,第一項,92,95
9,第九章　特許協力条約に基づく国際出願に係る特例,15,第百八十四条の十七,ARTICLE_REFERENCE,第四項,97,100
9,第九章　特許協力条約に基づく国際出願に係る特例,15,第百八十四条の十七,ARTICLE_REFERENCE,第百八十四条の五,102,110
9,第九章　特許協力条約に基づく国際出願に係る特例,15,第百八十四条の十七,ARTICLE_REFERENCE,第一項,110,113
9,第九章　特許協力条約に基づく国際出願に係る特例,15,第百八十四条の十七,ARTICLE_REFERENCE,第百九十五条,127,133
9,第九章　特許協力条約に基づく国際出願に係る特例,15,第百八十四条の十七,ARTICLE_REFERENCE,第二項,133,136
9,第九章　特許協力条約に基づく国際出願に係る特例,15,第百八十四条の十七,ARTICLE_REFERENCE,第百八十四条の四,182,190
9,第九章　特許協力条約に基づく国際出願に係る特例,15,第百八十四条の十七,ARTICLE_REFERENCE,第一項,190,193
9,第九章　特許協力条約に基づく国際出願に係る特例,15,第百八十四条の十七,MONEY_AMOUNT,手数料,147,150
9,第九章　特許協力条約に基づく国際出願に係る特例,15,第百八十四条の十七,PROCEDURE,出願,11,13
9,第九章　特許協力条約に基づく国際出願に係る特例,15,第百八十四条の十七,PROCEDURE,審査,13,15
9,第九章　特許協力条約に基づく国際出願に係る特例,15,第百八十四条の十七,PROCEDURE,請求,16,18
9,第九章　特許協力条約に基づく国際出願に係る特例,15,第百八十四条の十七,PROCEDURE,出願,40,42
9,第九章　特許協力条約に基づく国際出願に係る特例,15,第百八十四条の十七,PROCEDURE,出願,43,45
9,第九章　特許協力条約に基づく国際出願に係る特例,15,第百八十四条の十七,PROCEDURE,出願,53,55
9,第九章　特許協力条約に基づく国際出願に係る特例,15,第百八十四条の十七,PROCEDURE,出願,77,79
9,第九章　特許協力条約に基づく国際出願に係る特例,15,第百八十四条の十七,PROCEDURE,出願,161,163
9,第九章　特許協力条約に基づく国際出願に係る特例,15,第百八十四条の十七,PROCEDURE,出願,164,166
9,第九章　特許協力条約に基づく国際出願に係る特例,15,第百八十四条の十七,PROCEDURE,出願,203,205
9,第九章　特許協力条約に基づく国際出願に係る特例,15,第百八十四条の十七,PROCEDURE,出願,235,237
9,第九章　特許協力条約に基づく国際出願に係る特例,15,第百八十四条の十七,PROCEDURE,出願,242,244
9,第九章　特許協力条約に基づく国際出願に係る特例,15,第百八十四条の十七,PROCEDURE,審査,244,246
9,第九章　特許協力条約に基づく国際出願に係る特例,15,第百八十四条の十七,PROCEDURE,請求,247,249
9,第九章　特許協力条約に基づく国際出願に係る特例,15,第百八十四条の十七,LEGAL_STATUS,出願人,43,46
9,第九章　特許協力条約に基づく国際出願に係る特例,15,第百八十四条の十七,LEGAL_STATUS,出願人,164,167
9,第九章　特許協力条約に基づく国際出願に係る特例,16,第百八十四条の十八,ARTICLE_REFERENCE,第百八十四条の十八,0,9
9,第九章　特許協力条約に基づく国際出願に係る特例,16,第百八十四条の十八,ARTICLE_REFERENCE,第百八十四条の十八,21,30
9,第九章　特許協力条約に基づく国際出願に係る特例,16,第百八十四条の十八,ARTICLE_REFERENCE,第四十九条,69,74
9,第九章　特許協力条約に基づく国際出願に係る特例,16,第百八十四条の十八,ARTICLE_REFERENCE,第六号,74,77
9,第九章　特許協力条約に基づく国際出願に係る特例,16,第百八十四条の十八,ARTICLE_REFERENCE,第百十三条,78,83
9,第九章　特許協力条約に基づく国際出願に係る特例,16,第百八十四条の十八,ARTICLE_REFERENCE,第一号,83,86
9,第九章　特許協力条約に基づく国際出願に係る特例,16,第百八十四条の十八,ARTICLE_REFERENCE,第五号,88,91
9,第九章　特許協力条約に基づく国際出願に係る特例,16,第百八十四条の十八,ARTICLE_REFERENCE,第百二十三条,94,100
9,第九章　特許協力条約に基づく国際出願に係る特例,16,第百八十四条の十八,ARTICLE_REFERENCE,第一項,100,103
9,第九章　特許協力条約に基づく国際出願に係る特例,16,第百八十四条の十八,ARTICLE_REFERENCE,第一号,103,106
9,第九章　特許協力条約に基づく国際出願に係る特例,16,第百八十四条の十八,ARTICLE_REFERENCE,第五号,108,111
9,第九章　特許協力条約に基づく国際出願に係る特例,16,第百八十四条の十八,ARTICLE_REFERENCE,第百八十四条の四,127,135
9,第九章　特許協力条約に基づく国際出願に係る特例,16,第百八十四条の十八,ARTICLE_REFERENCE,第一項,135,138
9,第九章　特許協力条約に基づく国際出願に係る特例,16,第百八十四条の十八,ARTICLE_REFERENCE,第四十九条,149,154
9,第九章　特許協力条約に基づく国際出願に係る特例,16,第百八十四条の十八,ARTICLE_REFERENCE,第六号,154,157
9,第九章　特許協力条約に基づく国際出願に係る特例,16,第百八十四条の十八,ARTICLE_REFERENCE,第百十三条,158,163
9,第九章　特許協力条約に基づく国際出願に係る特例,16,第百八十四条の十八,ARTICLE_REFERENCE,第五号,163,166
9,第九章　特許協力条約に基づく国際出願に係る特例,16,第百八十四条の十八,ARTICLE_REFERENCE,第百二十三条,168,174
9,第九章　特許協力条約に基づく国際出願に係る特例,16,第百八十四条の十八,ARTICLE_REFERENCE,第一項,174,177
9,第九章　特許協力条約に基づく国際出願に係る特例,16,第百八十四条の十八,ARTICLE_REFERENCE,第五号,177,180
9,第九章　特許協力条約に基づく国際出願に係る特例,16,第百八十四条の十八,ARTICLE_REFERENCE,第百八十四条の四,195,203
9,第九章　特許協力条約に基づく国際出願に係る特例,16,第百八十四条の十八,ARTICLE_REFERENCE,第一項,203,206
9,第九章　特許協力条約に基づく国際出願に係る特例,16,第百八十四条の十八,PROCEDURE,出願,36,38
9,第九章　特許協力条約に基づく国際出願に係る特例,16,第百八十四条の十八,PROCEDURE,無効審判,59,63
9,第九章　特許協力条約に基づく国際出願に係る特例,16,第百八十四条の十八,PROCEDURE,出願,118,120
9,第九章　特許協力条約に基づく国際出願に係る特例,16,第百八十四条の十八,PROCEDURE,出願,144,146
9,第九章　特許協力条約に基づく国際出願に係る特例,16,第百八十四条の十八,PROCEDURE,出願,209,211
9,第九章　特許協力条約に基づく国際出願に係る特例,16,第百八十四条の十八,PROCEDURE,出願,218,220
9,第九章　特許協力条約に基づく国際出願に係る特例,16,第百八十四条の十八,PROCEDURE,明細書,221,224
9,第九章　特許協力条約に基づく国際出願に係る特例,16,第百八十四条の十八,PROCEDURE,請求,225,227
9,第九章　特許協力条約に基づく国際出願に係る特例,16,第百八十四条の十八,PROCEDURE,図面,232,234
9,第九章　特許協力条約に基づく国際出願に係る特例,16,第百八十四条の十八,LEGAL_STATUS,拒絶,11,13
9,第九章　特許協力条約に基づく国際出願に係る特例,16,第百八十四条の十八,LEGAL_STATUS,拒絶,41,43
9,第九章　特許協力条約に基づく国際出願に係る特例,16,第百八十四条の十八,LEGAL_STATUS,無効,59,61
9,第九章　特許協力条約に基づく国際出願に係る特例,17,第百八十四条の十九,ARTICLE_REFERENCE,第百八十四条の十九,0,9
9,第九章　特許協力条約に基づく国際出願に係る特例,17,第百八十四条の十九,ARTICLE_REFERENCE,第百八十四条の十九,18,27
9,第九章　特許協力条約に基づく国際出願に係る特例,17,第百八十四条の十九,ARTICLE_REFERENCE,第百二十条の五,38,45
9,第九章　特許協力条約に基づく国際出願に係る特例,17,第百八十四条の十九,ARTICLE_REFERENCE,第二項,45,48
9,第九章　特許協力条約に基づく国際出願に係る特例,17,第百八十四条の十九,ARTICLE_REFERENCE,第百三十四条の二,50,58
9,第九章　特許協力条約に基づく国際出願に係る特例,17,第百八十四条の十九,ARTICLE_REFERENCE,第一項,58,61
9,第九章　特許協力条約に基づく国際出願に係る特例,17,第百八十四条の十九,ARTICLE_REFERENCE,第百二十六条,84,90
9,第九章　特許協力条約に基づく国際出願に係る特例,17,第百八十四条の十九,ARTICLE_REFERENCE,第五項,90,93
9,第九章　特許協力条約に基づく国際出願に係る特例,17,第百八十四条の十九,ARTICLE_REFERENCE,第百八十四条の四,109,117
9,第九章　特許協力条約に基づく国際出願に係る特例,17,第百八十四条の十九,ARTICLE_REFERENCE,第一項,117,120
9,第九章　特許協力条約に基づく国際出願に係る特例,17,第百八十四条の十九,ARTICLE_REFERENCE,第百八十四条の四,145,153
9,第九章　特許協力条約に基づく国際出願に係る特例,17,第百八十四条の十九,ARTICLE_REFERENCE,第一項,153,156
9,第九章　特許協力条約に基づく国際出願に係る特例,17,第百八十四条の十九,PROCEDURE,出願,33,35
9,第九章　特許協力条約に基づく国際出願に係る特例,17,第百八十四条の十九,PROCEDURE,審判,73,75
9,第九章　特許協力条約に基づく国際出願に係る特例,17,第百八十四条の十九,PROCEDURE,請求,76,78
9,第九章　特許協力条約に基づく国際出願に係る特例,17,第百八十四条の十九,PROCEDURE,出願,100,102
9,第九章　特許協力条約に基づく国際出願に係る特例,17,第百八十四条の十九,PROCEDURE,出願,126,128
9,第九章　特許協力条約に基づく国際出願に係る特例,17,第百八十四条の十九,PROCEDURE,出願,159,161
9,第九章　特許協力条約に基づく国際出願に係る特例,17,第百八十四条の十九,PROCEDURE,出願,168,170
9,第九章　特許協力条約に基づく国際出願に係る特例,17,第百八十四条の十九,PROCEDURE,明細書,171,174
9,第九章　特許協力条約に基づく国際出願に係る特例,17,第百八十四条の十九,PROCEDURE,請求,175,177
9,第九章　特許協力条約に基づく国際出願に係る特例,17,第百八十四条の十九,PROCEDURE,図面,182,184
9,第九章　特許協力条約に基づく国際出願に係る特例,18,第百八十四条の二十,LAW_REFERENCE,省令,228,230
9,第九章　特許協力条約に基づく国際出願に係る特例,18,第百八十四条の二十,LAW_REFERENCE,省令,243,245
9,第九章　特許協力条約に基づく国際出願に係る特例,18,第百八十四条の二十,LAW_REFERENCE,省令,365,367
9,第九章　特許協力条約に基づく国際出願に係る特例,18,第百八十四条の二十,LAW_REFERENCE,規則,465,467
9,第九章　特許協力条約に基づく国際出願に係る特例,18,第百八十四条の二十,LAW_REFERENCE,規則,541,543
9,第九章　特許協力条約に基づく国際出願に係る特例,18,第百八十四条の二十,LAW_REFERENCE,政令,1025,1027
9,第九章　特許協力条約に基づく国際出願に係る特例,18,第百八十四条の二十,ARTICLE_REFERENCE,第百八十四条の二十,0,9
9,第九章　特許協力条約に基づく国際出願に係る特例,18,第百八十四条の二十,ARTICLE_REFERENCE,第百八十四条の二十,32,41
9,第九章　特許協力条約に基づく国際出願に係る特例,18,第百八十四条の二十,ARTICLE_REFERENCE,第二条,44,47
9,第九章　特許協力条約に基づく国際出願に係る特例,18,第百八十四条の二十,ARTICLE_REFERENCE,第四条,65,68
9,第九章　特許協力条約に基づく国際出願に係る特例,18,第百八十四条の二十,ARTICLE_REFERENCE,第二条,110,113
9,第九章　特許協力条約に基づく国際出願に係る特例,18,第百八十四条の二十,ARTICLE_REFERENCE,第二十五条,127,132
9,第九章　特許協力条約に基づく国際出願に係る特例,18,第百八十四条の二十,ARTICLE_REFERENCE,同条,149,151
9,第九章　特許協力条約に基づく国際出願に係る特例,18,第百八十四条の二十,ARTICLE_REFERENCE,第二条,179,182
9,第九章　特許協力条約に基づく国際出願に係る特例,18,第百八十四条の二十,ARTICLE_REFERENCE,第二十五条,198,203
9,第九章　特許協力条約に基づく国際出願に係る特例,18,第百八十四条の二十,ARTICLE_REFERENCE,同条,262,264
9,第九章　特許協力条約に基づく国際出願に係る特例,18,第百八十四条の二十,ARTICLE_REFERENCE,前項,312,314
9,第九章　特許協力条約に基づく国際出願に係る特例,18,第百八十四条の二十,ARTICLE_REFERENCE,第一項,420,423
9,第九章　特許協力条約に基づく国際出願に係る特例,18,第百八十四条の二十,ARTICLE_REFERENCE,前項,500,502
9,第九章　特許協力条約に基づく国際出願に係る特例,18,第百八十四条の二十,ARTICLE_REFERENCE,同項,514,516
9,第九章　特許協力条約に基づく国際出願に係る特例,18,第百八十四条の二十,ARTICLE_REFERENCE,前項,650,652
9,第九章　特許協力条約に基づく国際出願に係る特例,18,第百八十四条の二十,ARTICLE_REFERENCE,第六十四条,687,692
9,第九章　特許協力条約に基づく国際出願に係る特例,18,第百八十四条の二十,ARTICLE_REFERENCE,第一項,692,695
9,第九章　特許協力条約に基づく国際出願に係る特例,18,第百八十四条の二十,ARTICLE_REFERENCE,第百八十四条の四,710,718
9,第九章　特許協力条約に基づく国際出願に係る特例,18,第百八十四条の二十,ARTICLE_REFERENCE,第一項,718,721
9,第九章　特許協力条約に基づく国際出願に係る特例,18,第百八十四条の二十,ARTICLE_REFERENCE,同条,728,730
9,第九章　特許協力条約に基づく国際出願に係る特例,18,第百八十四条の二十,ARTICLE_REFERENCE,第二項,730,733
9,第九章　特許協力条約に基づく国際出願に係る特例,18,第百八十四条の二十,ARTICLE_REFERENCE,第六号,733,736
9,第九章　特許協力条約に基づく国際出願に係る特例,18,第百八十四条の二十,ARTICLE_REFERENCE,第百八十四条の二十,788,797
9,第九章　特許協力条約に基づく国際出願に係る特例,18,第百八十四条の二十,ARTICLE_REFERENCE,第四項,797,800
9,第九章　特許協力条約に基づく国際出願に係る特例,18,第百八十四条の二十,ARTICLE_REFERENCE,第百八十四条の三,856,864
9,第九章　特許協力条約に基づく国際出願に係る特例,18,第百八十四条の二十,ARTICLE_REFERENCE,第二項,864,867
9,第九章　特許協力条約に基づく国際出願に係る特例,18,第百八十四条の二十,ARTICLE_REFERENCE,第百八十四条の六,868,876
9,第九章　特許協力条約に基づく国際出願に係る特例,18,第百八十四条の二十,ARTICLE_REFERENCE,第一項,876,879
9,第九章　特許協力条約に基づく国際出願に係る特例,18,第百八十四条の二十,ARTICLE_REFERENCE,第二項,881,884
9,第九章　特許協力条約に基づく国際出願に係る特例,18,第百八十四条の二十,ARTICLE_REFERENCE,第百八十四条の九,885,893
9,第九章　特許協力条約に基づく国際出願に係る特例,18,第百八十四条の二十,ARTICLE_REFERENCE,第六項,893,896
9,第九章　特許協力条約に基づく国際出願に係る特例,18,第百八十四条の二十,ARTICLE_REFERENCE,第百八十四条の十二,897,906
9,第九章　特許協力条約に基づく国際出願に係る特例,18,第百八十四条の二十,ARTICLE_REFERENCE,第百八十四条の十四,908,917
9,第九章　特許協力条約に基づく国際出願に係る特例,18,第百八十四条の二十,ARTICLE_REFERENCE,第百八十四条の十五,920,929
9,第九章　特許協力条約に基づく国際出願に係る特例,18,第百八十四条の二十,ARTICLE_REFERENCE,第一項,929,932
9,第九章　特許協力条約に基づく国際出願に係る特例,18,第百八十四条の二十,ARTICLE_REFERENCE,第三項,933,936
9,第九章　特許協力条約に基づく国際出願に係る特例,18,第百八十四条の二十,ARTICLE_REFERENCE,第四項,938,941
9,第九章　特許協力条約に基づく国際出願に係る特例,18,第百八十四条の二十,ARTICLE_REFERENCE,第百八十四条の十七,944,953
9,第九章　特許協力条約に基づく国際出願に係る特例,18,第百八十四条の二十,ARTICLE_REFERENCE,前条,955,957
9,第九章　特許協力条約に基づく国際出願に係る特例,18,第百八十四条の二十,ARTICLE_REFERENCE,第四項,964,967
9,第九章　特許協力条約に基づく国際出願に係る特例,18,第百八十四条の二十,TIME_PERIOD,出願の日,699,703
9,第九章　特許協力条約に基づく国際出願に係る特例,18,第百八十四条の二十,TIME_PERIOD,から,906,908
9,第九章　特許協力条約に基づく国際出願に係る特例,18,第百八十四条の二十,TIME_PERIOD,まで,917,919
9,第九章　特許協力条約に基づく国際出願に係る特例,18,第百八十四条の二十,TIME_PERIOD,から,953,955
9,第九章　特許協力条約に基づく国際出願に係る特例,18,第百八十四条の二十,TIME_PERIOD,まで,957,959
9,第九章　特許協力条約に基づく国際出願に係る特例,18,第百八十四条の二十,ORGANIZATION,特許庁長官,256,261
9,第九章　特許協力条約に基づく国際出願に係る特例,18,第百八十四条の二十,ORGANIZATION,特許庁長官,392,397
9,第九章　特許協力条約に基づく国際出願に係る特例,18,第百八十四条の二十,ORGANIZATION,特許庁長官,413,418
9,第九章　特許協力条約に基づく国際出願に係る特例,18,第百八十四条の二十,ORGANIZATION,特許庁長官,508,513
9,第九章　特許協力条約に基づく国際出願に係る特例,18,第百八十四条の二十,PROCEDURE,出願,18,20
9,第九章　特許協力条約に基づく国際出願に係る特例,18,第百八十四条の二十,PROCEDURE,出願,28,30
9,第九章　特許協力条約に基づく国際出願に係る特例,18,第百八十四条の二十,PROCEDURE,出願,55,57
9,第九章　特許協力条約に基づく国際出願に係る特例,18,第百八十四条の二十,PROCEDURE,出願,58,60
9,第九章　特許協力条約に基づく国際出願に係る特例,18,第百八十四条の二十,PROCEDURE,出願,88,90
9,第九章　特許協力条約に基づく国際出願に係る特例,18,第百八十四条の二十,PROCEDURE,出願,93,95
9,第九章　特許協力条約に基づく国際出願に係る特例,18,第百八十四条の二十,PROCEDURE,出願,307,309
9,第九章　特許協力条約に基づく国際出願に係る特例,18,第百八十四条の二十,PROCEDURE,明細書,329,332
9,第九章　特許協力条約に基づく国際出願に係る特例,18,第百八十四条の二十,PROCEDURE,請求,333,335
9,第九章　特許協力条約に基づく国際出願に係る特例,18,第百八十四条の二十,PROCEDURE,図面,339,341
9,第九章　特許協力条約に基づく国際出願に係る特例,18,第百八十四条の二十,PROCEDURE,図面,342,344
9,第九章　特許協力条約に基づく国際出願に係る特例,18,第百八十四条の二十,PROCEDURE,出願,373,375
9,第九章　特許協力条約に基づく国際出願に係る特例,18,第百八十四条の二十,PROCEDURE,出願,576,578
9,第九章　特許協力条約に基づく国際出願に係る特例,18,第百八十四条の二十,PROCEDURE,出願,584,586
9,第九章　特許協力条約に基づく国際出願に係る特例,18,第百八十四条の二十,PROCEDURE,出願,618,620
9,第九章　特許協力条約に基づく国際出願に係る特例,18,第百八十四条の二十,PROCEDURE,出願,640,642
9,第九章　特許協力条約に基づく国際出願に係る特例,18,第百八十四条の二十,PROCEDURE,出願,660,662
9,第九章　特許協力条約に基づく国際出願に係る特例,18,第百八十四条の二十,PROCEDURE,出願,670,672
9,第九章　特許協力条約に基づく国際出願に係る特例,18,第百八十四条の二十,PROCEDURE,出願,677,679
9,第九章　特許協力条約に基づく国際出願に係る特例,18,第百八十四条の二十,PROCEDURE,出願,699,701
9,第九章　特許協力条約に基づく国際出願に係る特例,18,第百八十四条の二十,PROCEDURE,出願,743,745
9,第九章　特許協力条約に基づく国際出願に係る特例,18,第百八十四条の二十,PROCEDURE,出願,761,763
9,第九章　特許協力条約に基づく国際出願に係る特例,18,第百八十四条の二十,PROCEDURE,要約書,777,780
9,第九章　特許協力条約に基づく国際出願に係る特例,18,第百八十四条の二十,PROCEDURE,出願,807,809
9,第九章　特許協力条約に基づく国際出願に係る特例,18,第百八十四条の二十,PROCEDURE,出願,829,831
9,第九章　特許協力条約に基づく国際出願に係る特例,18,第百八十四条の二十,PROCEDURE,明細書,832,835
9,第九章　特許協力条約に基づく国際出願に係る特例,18,第百八十四条の二十,PROCEDURE,請求,836,838
9,第九章　特許協力条約に基づく国際出願に係る特例,18,第百八十四条の二十,PROCEDURE,図面,842,844
9,第九章　特許協力条約に基づく国際出願に係る特例,18,第百八十四条の二十,PROCEDURE,出願,975,977
9,第九章　特許協力条約に基づく国際出願に係る特例,18,第百八十四条の二十,PROCEDURE,出願,985,987
9,第九章　特許協力条約に基づく国際出願に係る特例,18,第百八十四条の二十,LEGAL_STATUS,出願人,58,61
10,第十章　雑則,0,第百八十五条,LAW_REFERENCE,第二項第五号又は実用新案法第二十条,344,361
10,第十章　雑則,0,第百八十五条,ARTICLE_REFERENCE,第百八十五条,0,6
10,第十章　雑則,0,第百八十五条,ARTICLE_REFERENCE,第百八十五条,34,40
10,第十章　雑則,0,第百八十五条,ARTICLE_REFERENCE,第二十七条,63,68
10,第十章　雑則,0,第百八十五条,ARTICLE_REFERENCE,第一項,68,71
10,第十章　雑則,0,第百八十五条,ARTICLE_REFERENCE,第一号,71,74
10,第十章　雑則,0,第百八十五条,ARTICLE_REFERENCE,第六十五条,75,80
10,第十章　雑則,0,第百八十五条,ARTICLE_REFERENCE,第五項,80,83
10,第十章　雑則,0,第百八十五条,ARTICLE_REFERENCE,第百八十四条の十,84,92
10,第十章　雑則,0,第百八十五条,ARTICLE_REFERENCE,第二項,92,95
10,第十章　雑則,0,第百八十五条,ARTICLE_REFERENCE,第八十条,111,115
10,第十章　雑則,0,第百八十五条,ARTICLE_REFERENCE,第一項,115,118
10,第十章　雑則,0,第百八十五条,ARTICLE_REFERENCE,第九十七条,119,124
10,第十章　雑則,0,第百八十五条,ARTICLE_REFERENCE,第一項,124,127
10,第十章　雑則,0,第百八十五条,ARTICLE_REFERENCE,第九十八条,128,133
10,第十章　雑則,0,第百八十五条,ARTICLE_REFERENCE,第一項,133,136
10,第十章　雑則,0,第百八十五条,ARTICLE_REFERENCE,第一号,136,139
10,第十章　雑則,0,第百八十五条,ARTICLE_REFERENCE,第百十一条,140,145
10,第十章　雑則,0,第百八十五条,ARTICLE_REFERENCE,第一項,145,148
10,第十章　雑則,0,第百八十五条,ARTICLE_REFERENCE,第二号,148,151
10,第十章　雑則,0,第百八十五条,ARTICLE_REFERENCE,第百十四条,152,157
10,第十章　雑則,0,第百八十五条,ARTICLE_REFERENCE,第三項,157,160
10,第十章　雑則,0,第百八十五条,ARTICLE_REFERENCE,第百七十四条,161,167
10,第十章　雑則,0,第百八十五条,ARTICLE_REFERENCE,第一項,167,170
10,第十章　雑則,0,第百八十五条,ARTICLE_REFERENCE,第百二十三条,186,192
10,第十章　雑則,0,第百八十五条,ARTICLE_REFERENCE,第三項,192,195
10,第十章　雑則,0,第百八十五条,ARTICLE_REFERENCE,第百二十五条,196,202
10,第十章　雑則,0,第百八十五条,ARTICLE_REFERENCE,第百二十六条,203,209
10,第十章　雑則,0,第百八十五条,ARTICLE_REFERENCE,第八項,209,212
10,第十章　雑則,0,第百八十五条,ARTICLE_REFERENCE,第百三十四条の二,213,221
10,第十章　雑則,0,第百八十五条,ARTICLE_REFERENCE,第九項,221,224
10,第十章　雑則,0,第百八十五条,ARTICLE_REFERENCE,第百二十八条,240,246
10,第十章　雑則,0,第百八十五条,ARTICLE_REFERENCE,第百二十条の五,247,254
10,第十章　雑則,0,第百八十五条,ARTICLE_REFERENCE,第九項,254,257
10,第十章　雑則,0,第百八十五条,ARTICLE_REFERENCE,第百三十四条の二,259,267
10,第十章　雑則,0,第百八十五条,ARTICLE_REFERENCE,第九項,267,270
10,第十章　雑則,0,第百八十五条,ARTICLE_REFERENCE,第百三十二条,286,292
10,第十章　雑則,0,第百八十五条,ARTICLE_REFERENCE,第一項,292,295
10,第十章　雑則,0,第百八十五条,ARTICLE_REFERENCE,第百七十四条,296,302
10,第十章　雑則,0,第百八十五条,ARTICLE_REFERENCE,第三項,302,305
10,第十章　雑則,0,第百八十五条,ARTICLE_REFERENCE,第百七十五条,321,327
10,第十章　雑則,0,第百八十五条,ARTICLE_REFERENCE,第百七十六条,328,334
10,第十章　雑則,0,第百八十五条,ARTICLE_REFERENCE,第百九十三条,338,344
10,第十章　雑則,0,第百八十五条,ARTICLE_REFERENCE,第二項,344,347
10,第十章　雑則,0,第百八十五条,ARTICLE_REFERENCE,第五号,347,350
10,第十章　雑則,0,第百八十五条,ARTICLE_REFERENCE,第二十条,357,361
10,第十章　雑則,0,第百八十五条,ARTICLE_REFERENCE,第一項,361,364
10,第十章　雑則,0,第百八十五条,TIME_PERIOD,以上,9,11
10,第十章　雑則,0,第百八十五条,TIME_PERIOD,以上,42,44
10,第十章　雑則,0,第百八十五条,PROCEDURE,請求項,12,15
10,第十章　雑則,0,第百八十五条,PROCEDURE,特許権,22,25
10,第十章　雑則,0,第百八十五条,PROCEDURE,請求項,45,48
10,第十章　雑則,0,第百八十五条,PROCEDURE,特許権,55,58
10,第十章　雑則,0,第百八十五条,PROCEDURE,請求項,376,379
10,第十章　雑則,0,第百八十五条,PROCEDURE,特許権,390,393
10,第十章　雑則,1,第百八十六条,LAW_REFERENCE,の請求を認めるときは、当該書類を提出した者に対し、その旨及びその理由を通知しなければならない。 ３ 特許に関する書類及び特許原簿のうち磁気テープをもつて調製した部分については、行政機関の保有する情報の公開に関する法律（平成十一年法律第四十二号）の規定は、適用しない。 ４ 特許に関する書類及び特許原簿のうち磁気テープをもつて調製した部分に記録されている保有個人情報（個人情報の保護に関する法律（平成十五年法,691,894
10,第十章　雑則,1,第百八十六条,LAW_REFERENCE,第一項に規定する保有個人情報をいう。）については、同法第五章,905,935
10,第十章　雑則,1,第百八十六条,ARTICLE_REFERENCE,第百八十六条,0,6
10,第十章　雑則,1,第百八十六条,ARTICLE_REFERENCE,第百八十六条,16,22
10,第十章　雑則,1,第百八十六条,ARTICLE_REFERENCE,第六十七条の五,277,284
10,第十章　雑則,1,第百八十六条,ARTICLE_REFERENCE,第二項,284,287
10,第十章　雑則,1,第百八十六条,ARTICLE_REFERENCE,第八十四条の二,391,398
10,第十章　雑則,1,第百八十六条,ARTICLE_REFERENCE,前項,664,666
10,第十章　雑則,1,第百八十六条,ARTICLE_REFERENCE,第一号,666,669
10,第十章　雑則,1,第百八十六条,ARTICLE_REFERENCE,第六号,671,674
10,第十章　雑則,1,第百八十六条,ARTICLE_REFERENCE,同項,687,689
10,第十章　雑則,1,第百八十六条,ARTICLE_REFERENCE,第四十二号,807,812
10,第十章　雑則,1,第百八十六条,ARTICLE_REFERENCE,第五十七号,895,900
10,第十章　雑則,1,第百八十六条,ARTICLE_REFERENCE,第六十条,901,905
10,第十章　雑則,1,第百八十六条,ARTICLE_REFERENCE,第一項,905,908
10,第十章　雑則,1,第百八十六条,ARTICLE_REFERENCE,第五章,932,935
10,第十章　雑則,1,第百八十六条,ARTICLE_REFERENCE,第四節,935,938
10,第十章　雑則,1,第百八十六条,TIME_PERIOD,から,308,310
10,第十章　雑則,1,第百八十六条,TIME_PERIOD,から,416,418
10,第十章　雑則,1,第百八十六条,TIME_PERIOD,から,564,566
10,第十章　雑則,1,第百八十六条,TIME_PERIOD,から,669,671
10,第十章　雑則,1,第百八十六条,TIME_PERIOD,まで,674,676
10,第十章　雑則,1,第百八十六条,TIME_PERIOD,十一年,802,805
10,第十章　雑則,1,第百八十六条,TIME_PERIOD,十五年,890,893
10,第十章　雑則,1,第百八十六条,ORGANIZATION,特許庁長官,27,32
10,第十章　雑則,1,第百八十六条,ORGANIZATION,特許庁長官,144,149
10,第十章　雑則,1,第百八十六条,ORGANIZATION,特許庁長官,657,662
10,第十章　雑則,1,第百八十六条,PROCEDURE,請求,12,14
10,第十章　雑則,1,第百八十六条,PROCEDURE,請求,116,118
10,第十章　雑則,1,第百八十六条,PROCEDURE,明細書,191,194
10,第十章　雑則,1,第百八十六条,PROCEDURE,請求,197,199
10,第十章　雑則,1,第百八十六条,PROCEDURE,図面,203,205
10,第十章　雑則,1,第百八十六条,PROCEDURE,要約書,209,212
10,第十章　雑則,1,第百八十六条,PROCEDURE,要約書,228,231
10,第十章　雑則,1,第百八十六条,PROCEDURE,出願,238,240
10,第十章　雑則,1,第百八十六条,PROCEDURE,審査,241,243
10,第十章　雑則,1,第百八十六条,PROCEDURE,特許権,249,252
10,第十章　雑則,1,第百八十六条,PROCEDURE,登録,256,258
10,第十章　雑則,1,第百八十六条,PROCEDURE,出願,260,262
10,第十章　雑則,1,第百八十六条,PROCEDURE,登録,377,379
10,第十章　雑則,1,第百八十六条,PROCEDURE,審判,457,459
10,第十章　雑則,1,第百八十六条,PROCEDURE,出願,474,476
10,第十章　雑則,1,第百八十六条,PROCEDURE,特許権,480,483
10,第十章　雑則,1,第百八十六条,PROCEDURE,登録,487,489
10,第十章　雑則,1,第百八十六条,PROCEDURE,出願,491,493
10,第十章　雑則,1,第百八十六条,PROCEDURE,無効審判,511,515
10,第十章　雑則,1,第百八十六条,PROCEDURE,登録,521,523
10,第十章　雑則,1,第百八十六条,PROCEDURE,無効審判,523,527
10,第十章　雑則,1,第百八十六条,PROCEDURE,審判,533,535
10,第十章　雑則,1,第百八十六条,PROCEDURE,再審,544,546
10,第十章　雑則,1,第百八十六条,PROCEDURE,請求,692,694
10,第十章　雑則,1,第百八十六条,LEGAL_STATUS,権利,381,383
10,第十章　雑則,1,第百八十六条,LEGAL_STATUS,拒絶,451,453
10,第十章　雑則,1,第百八十六条,LEGAL_STATUS,無効,511,513
10,第十章　雑則,1,第百八十六条,LEGAL_STATUS,無効,523,525
10,第十章　雑則,2,第百八十七条,LAW_REFERENCE, 特許権者、専用実施権者又は通常実施権者は、経済産業省令で定めるところにより、物の特許発明におけるその物若しくは物を生産する方法の特許発明におけるその方法により生産した物（以下「特許に係る物」という。）又はその物の包装にその物又は方法,20,137
10,第十章　雑則,2,第百八十七条,ARTICLE_REFERENCE,第百八十七条,0,6
10,第十章　雑則,2,第百八十七条,ARTICLE_REFERENCE,第百八十七条,14,20
10,第十章　雑則,2,第百八十七条,PROCEDURE,特許権,21,24
10,第十章　雑則,2,第百八十七条,PROCEDURE,発明,63,65
10,第十章　雑則,2,第百八十七条,PROCEDURE,発明,87,89
10,第十章　雑則,2,第百八十七条,PROCEDURE,発明,138,140
10,第十章　雑則,3,第百八十八条,LAW_REFERENCE, 何人も、次に掲げる行為をしてはならない。 一 特許に係る物以外の物又はその物の包装に特許表示又はこれと紛らわしい表示を付する行為 二 特許に係る物以外の物であつて、その物又はその物の包装に特許表示又はこれと紛らわしい表示を付したものの譲渡等又は譲渡等のための展示をする行為 三 特許に係る物以外の物の生産若しくは使用をさせるため、又は譲渡等をするため、広告にその物の発明が特許に係る旨を表示し、又はこれと紛らわしい表示をする行為 四 方法の特許発明におけるその方法以外の方法を使用させるため、又は譲渡し若しくは貸し渡すため、広告にその方法,23,293
10,第十章　雑則,3,第百八十八条,ARTICLE_REFERENCE,第百八十八条,0,6
10,第十章　雑則,3,第百八十八条,ARTICLE_REFERENCE,第百八十八条,17,23
10,第十章　雑則,3,第百八十八条,PROCEDURE,発明,207,209
10,第十章　雑則,3,第百八十八条,PROCEDURE,発明,246,248
10,第十章　雑則,3,第百八十八条,PROCEDURE,発明,294,296
10,第十章　雑則,4,第百八十九条,LAW_REFERENCE, 送達する書類は、この法,18,30
10,第十章　雑則,4,第百八十九条,LAW_REFERENCE,省令,46,48
10,第十章　雑則,4,第百八十九条,ARTICLE_REFERENCE,第百八十九条,0,6
10,第十章　雑則,4,第百八十九条,ARTICLE_REFERENCE,第百八十九条,12,18
10,第十章　雑則,5,第百九十条,LAW_REFERENCE, 民事訴訟法第九十八条,11,22
10,第十章　雑則,5,第百九十条,LAW_REFERENCE,（送達）の規定は、この法,83,95
10,第十章　雑則,5,第百九十条,LAW_REFERENCE,の経済産業省令で定める書類の送達に準用する。この場合において、同法第九十八条,100,138
10,第十章　雑則,5,第百九十条,LAW_REFERENCE,中「裁判所書記官」とあるのは「特許庁長官の指定する職員又は審判書記官」と、同法第九十九条,146,190
10,第十章　雑則,5,第百九十条,LAW_REFERENCE,第一項中「郵便又は執行官」とあるのは「郵便」と、同法第百七条,190,220
10,第十章　雑則,5,第百九十条,LAW_REFERENCE,規則,294,296
10,第十章　雑則,5,第百九十条,LAW_REFERENCE,省令,307,309
10,第十章　雑則,5,第百九十条,ARTICLE_REFERENCE,第百九十条,0,5
10,第十章　雑則,5,第百九十条,ARTICLE_REFERENCE,第百九十条,6,11
10,第十章　雑則,5,第百九十条,ARTICLE_REFERENCE,第九十八条,17,22
10,第十章　雑則,5,第百九十条,ARTICLE_REFERENCE,第二項,22,25
10,第十章　雑則,5,第百九十条,ARTICLE_REFERENCE,第九十九条,26,31
10,第十章　雑則,5,第百九十条,ARTICLE_REFERENCE,第百三条,33,37
10,第十章　雑則,5,第百九十条,ARTICLE_REFERENCE,第百五条,40,44
10,第十章　雑則,5,第百九十条,ARTICLE_REFERENCE,第百六条,45,49
10,第十章　雑則,5,第百九十条,ARTICLE_REFERENCE,第百七条,50,54
10,第十章　雑則,5,第百九十条,ARTICLE_REFERENCE,第一項,54,57
10,第十章　雑則,5,第百九十条,ARTICLE_REFERENCE,第二号,58,61
10,第十章　雑則,5,第百九十条,ARTICLE_REFERENCE,第三号,63,66
10,第十章　雑則,5,第百九十条,ARTICLE_REFERENCE,第三項,73,76
10,第十章　雑則,5,第百九十条,ARTICLE_REFERENCE,第百九条,79,83
10,第十章　雑則,5,第百九十条,ARTICLE_REFERENCE,前条,98,100
10,第十章　雑則,5,第百九十条,ARTICLE_REFERENCE,第九十八条,133,138
10,第十章　雑則,5,第百九十条,ARTICLE_REFERENCE,第二項,138,141
10,第十章　雑則,5,第百九十条,ARTICLE_REFERENCE,第百条,143,146
10,第十章　雑則,5,第百九十条,ARTICLE_REFERENCE,第九十九条,185,190
10,第十章　雑則,5,第百九十条,ARTICLE_REFERENCE,第一項,190,193
10,第十章　雑則,5,第百九十条,ARTICLE_REFERENCE,第百七条,216,220
10,第十章　雑則,5,第百九十条,ARTICLE_REFERENCE,第一項,220,223
10,第十章　雑則,5,第百九十条,TIME_PERIOD,から,31,33
10,第十章　雑則,5,第百九十条,TIME_PERIOD,まで,37,39
10,第十章　雑則,5,第百九十条,ORGANIZATION,特許庁長官,161,166
10,第十章　雑則,5,第百九十条,ORGANIZATION,特許庁長官,266,271
10,第十章　雑則,5,第百九十条,ORGANIZATION,最高裁判所,289,294
10,第十章　雑則,5,第百九十条,PROCEDURE,審判,175,177
10,第十章　雑則,5,第百九十条,PROCEDURE,審査,247,249
10,第十章　雑則,5,第百九十条,PROCEDURE,審判,280,282
10,第十章　雑則,6,第百九十一条,LAW_REFERENCE,において準用する民事訴訟法第百七条,100,117
10,第十章　雑則,6,第百九十一条,ARTICLE_REFERENCE,第百九十一条,0,6
10,第十章　雑則,6,第百九十一条,ARTICLE_REFERENCE,第百九十一条,7,13
10,第十章　雑則,6,第百九十一条,ARTICLE_REFERENCE,前条,98,100
10,第十章　雑則,6,第百九十一条,ARTICLE_REFERENCE,第百七条,113,117
10,第十章　雑則,6,第百九十一条,ARTICLE_REFERENCE,第一項,117,120
10,第十章　雑則,6,第百九十一条,ARTICLE_REFERENCE,第二号,121,124
10,第十章　雑則,6,第百九十一条,ARTICLE_REFERENCE,第三号,126,129
10,第十章　雑則,6,第百九十一条,ARTICLE_REFERENCE,次条,157,159
10,第十章　雑則,6,第百九十一条,ARTICLE_REFERENCE,第二項,159,162
10,第十章　雑則,6,第百九十一条,TIME_PERIOD,六月間,184,187
10,第十章　雑則,6,第百九十一条,TIME_PERIOD,から,336,338
10,第十章　雑則,6,第百九十一条,TIME_PERIOD,二十日,338,341
10,第十章　雑則,6,第百九十一条,TIME_PERIOD,を経過,341,344
10,第十章　雑則,6,第百九十一条,ORGANIZATION,特許庁長官,14,19
10,第十章　雑則,6,第百九十一条,ORGANIZATION,特許庁,252,255
10,第十章　雑則,6,第百九十一条,ORGANIZATION,特許庁,266,269
10,第十章　雑則,6,第百九十一条,PROCEDURE,審判,28,30
10,第十章　雑則,6,第百九十一条,PROCEDURE,公示,45,47
10,第十章　雑則,6,第百九十一条,PROCEDURE,公示,196,198
10,第十章　雑則,6,第百九十一条,PROCEDURE,公示,322,324
10,第十章　雑則,6,第百九十一条,LEGAL_STATUS,効力,354,356
10,第十章　雑則,7,第百九十二条,LAW_REFERENCE,省令,117,119
10,第十章　雑則,7,第百九十二条,ARTICLE_REFERENCE,第百九十二条,0,6
10,第十章　雑則,7,第百九十二条,ARTICLE_REFERENCE,第百九十二条,7,13
10,第十章　雑則,7,第百九十二条,ARTICLE_REFERENCE,次項,129,131
10,第十章　雑則,7,第百九十二条,ARTICLE_REFERENCE,前項,157,159
10,第十章　雑則,8,第百九十三条,LAW_REFERENCE, 特許庁は、特許公報を発行する。 ２ 特許公報には、この法,20,49
10,第十章　雑則,8,第百九十三条,ARTICLE_REFERENCE,第百九十三条,0,6
10,第十章　雑則,8,第百九十三条,ARTICLE_REFERENCE,第百九十三条,14,20
10,第十章　雑則,8,第百九十三条,ARTICLE_REFERENCE,第十七条の二,181,187
10,第十章　雑則,8,第百九十三条,ARTICLE_REFERENCE,第一項,187,190
10,第十章　雑則,8,第百九十三条,ARTICLE_REFERENCE,同項,222,224
10,第十章　雑則,8,第百九十三条,ARTICLE_REFERENCE,各号,228,230
10,第十章　雑則,8,第百九十三条,ARTICLE_REFERENCE,第四十八条の三,267,274
10,第十章　雑則,8,第百九十三条,ARTICLE_REFERENCE,第五項,274,277
10,第十章　雑則,8,第百九十三条,ARTICLE_REFERENCE,同条,278,280
10,第十章　雑則,8,第百九十三条,ARTICLE_REFERENCE,第七項,280,283
10,第十章　雑則,8,第百九十三条,ARTICLE_REFERENCE,第百十二条,335,340
10,第十章　雑則,8,第百九十三条,ARTICLE_REFERENCE,第四項,340,343
10,第十章　雑則,8,第百九十三条,ARTICLE_REFERENCE,第五項,345,348
10,第十章　雑則,8,第百九十三条,ARTICLE_REFERENCE,第百十二条の二,366,373
10,第十章　雑則,8,第百九十三条,ARTICLE_REFERENCE,第二項,373,376
10,第十章　雑則,8,第百九十三条,ARTICLE_REFERENCE,第百七十八条,590,596
10,第十章　雑則,8,第百九十三条,ARTICLE_REFERENCE,第一項,596,599
10,第十章　雑則,8,第百九十三条,ORGANIZATION,特許庁,21,24
10,第十章　雑則,8,第百九十三条,PROCEDURE,出願,84,86
10,第十章　雑則,8,第百九十三条,PROCEDURE,出願,109,111
10,第十章　雑則,8,第百九十三条,PROCEDURE,特許権,126,129
10,第十章　雑則,8,第百九十三条,PROCEDURE,登録,137,139
10,第十章　雑則,8,第百九十三条,PROCEDURE,出願,140,142
10,第十章　雑則,8,第百九十三条,PROCEDURE,出願,149,151
10,第十章　雑則,8,第百九十三条,PROCEDURE,出願,172,174
10,第十章　雑則,8,第百九十三条,PROCEDURE,明細書,203,206
10,第十章　雑則,8,第百九十三条,PROCEDURE,請求,209,211
10,第十章　雑則,8,第百九十三条,PROCEDURE,図面,216,218
10,第十章　雑則,8,第百九十三条,PROCEDURE,出願,304,306
10,第十章　雑則,8,第百九十三条,PROCEDURE,審査,306,308
10,第十章　雑則,8,第百九十三条,PROCEDURE,請求,309,311
10,第十章　雑則,8,第百九十三条,PROCEDURE,特許権,314,317
10,第十章　雑則,8,第百九十三条,PROCEDURE,審判,404,406
10,第十章　雑則,8,第百九十三条,PROCEDURE,再審,410,412
10,第十章　雑則,8,第百九十三条,PROCEDURE,請求,413,415
10,第十章　雑則,8,第百九十三条,PROCEDURE,審判,447,449
10,第十章　雑則,8,第百九十三条,PROCEDURE,再審,456,458
10,第十章　雑則,8,第百九十三条,PROCEDURE,特許権,474,477
10,第十章　雑則,8,第百九十三条,PROCEDURE,登録,481,483
10,第十章　雑則,8,第百九十三条,PROCEDURE,出願,485,487
10,第十章　雑則,8,第百九十三条,PROCEDURE,明細書,507,510
10,第十章　雑則,8,第百九十三条,PROCEDURE,請求,514,516
10,第十章　雑則,8,第百九十三条,PROCEDURE,図面,529,531
10,第十章　雑則,8,第百九十三条,PROCEDURE,請求,572,574
10,第十章　雑則,8,第百九十三条,PROCEDURE,特許権,612,615
10,第十章　雑則,8,第百九十三条,PROCEDURE,登録,619,621
10,第十章　雑則,8,第百九十三条,PROCEDURE,出願,623,625
10,第十章　雑則,8,第百九十三条,LEGAL_STATUS,拒絶,93,95
10,第十章　雑則,8,第百九十三条,LEGAL_STATUS,却下,122,124
10,第十章　雑則,8,第百九十三条,LEGAL_STATUS,権利,164,166
10,第十章　雑則,9,第百九十四条,ARTICLE_REFERENCE,第百九十四条,0,6
10,第十章　雑則,9,第百九十四条,ARTICLE_REFERENCE,第百九十四条,16,22
10,第十章　雑則,9,第百九十四条,ORGANIZATION,特許庁長官,23,28
10,第十章　雑則,9,第百九十四条,ORGANIZATION,審査官,30,33
10,第十章　雑則,9,第百九十四条,ORGANIZATION,特許庁長官,103,108
10,第十章　雑則,9,第百九十四条,ORGANIZATION,審査官,110,113
10,第十章　雑則,9,第百九十四条,PROCEDURE,審査,30,32
10,第十章　雑則,9,第百九十四条,PROCEDURE,審判,51,53
10,第十章　雑則,9,第百九十四条,PROCEDURE,再審,55,57
10,第十章　雑則,9,第百九十四条,PROCEDURE,審査,110,112
10,第十章　雑則,9,第百九十四条,PROCEDURE,審査,135,137
10,第十章　雑則,10,第百九十五条,LAW_REFERENCE,政令,35,37
10,第十章　雑則,10,第百九十五条,LAW_REFERENCE,政令,360,362
10,第十章　雑則,10,第百九十五条,LAW_REFERENCE,政令,687,689
10,第十章　雑則,10,第百九十五条,LAW_REFERENCE,の二の二の規定若しくは他の法,804,818
10,第十章　雑則,10,第百九十五条,LAW_REFERENCE,省令,1135,1137
10,第十章　雑則,10,第百九十五条,LAW_REFERENCE,省令,1174,1176
10,第十章　雑則,10,第百九十五条,LAW_REFERENCE,省令,1189,1191
10,第十章　雑則,10,第百九十五条,LAW_REFERENCE,政令,1332,1334
10,第十章　雑則,10,第百九十五条,ARTICLE_REFERENCE,第百九十五条,0,6
10,第十章　雑則,10,第百九十五条,ARTICLE_REFERENCE,第百九十五条,13,19
10,第十章　雑則,10,第百九十五条,ARTICLE_REFERENCE,第四条,62,65
10,第十章　雑則,10,第百九十五条,ARTICLE_REFERENCE,第五条,66,69
10,第十章　雑則,10,第百九十五条,ARTICLE_REFERENCE,第一項,69,72
10,第十章　雑則,10,第百九十五条,ARTICLE_REFERENCE,第百八条,76,80
10,第十章　雑則,10,第百九十五条,ARTICLE_REFERENCE,第三項,80,83
10,第十章　雑則,10,第百九十五条,ARTICLE_REFERENCE,第五条,96,99
10,第十章　雑則,10,第百九十五条,ARTICLE_REFERENCE,第二項,99,102
10,第十章　雑則,10,第百九十五条,ARTICLE_REFERENCE,第三十四条,138,143
10,第十章　雑則,10,第百九十五条,ARTICLE_REFERENCE,第四項,143,146
10,第十章　雑則,10,第百九十五条,ARTICLE_REFERENCE,第百八十六条,164,170
10,第十章　雑則,10,第百九十五条,ARTICLE_REFERENCE,第一項,170,173
10,第十章　雑則,10,第百九十五条,ARTICLE_REFERENCE,第百八十六条,190,196
10,第十章　雑則,10,第百九十五条,ARTICLE_REFERENCE,第一項,196,199
10,第十章　雑則,10,第百九十五条,ARTICLE_REFERENCE,第百八十六条,226,232
10,第十章　雑則,10,第百九十五条,ARTICLE_REFERENCE,第一項,232,235
10,第十章　雑則,10,第百九十五条,ARTICLE_REFERENCE,第百八十六条,259,265
10,第十章　雑則,10,第百九十五条,ARTICLE_REFERENCE,第一項,265,268
10,第十章　雑則,10,第百九十五条,ARTICLE_REFERENCE,前項,472,474
10,第十章　雑則,10,第百九十五条,ARTICLE_REFERENCE,同項,498,500
10,第十章　雑則,10,第百九十五条,ARTICLE_REFERENCE,第一項,650,653
10,第十章　雑則,10,第百九十五条,ARTICLE_REFERENCE,第二項,655,658
10,第十章　雑則,10,第百九十五条,ARTICLE_REFERENCE,次条,792,794
10,第十章　雑則,10,第百九十五条,ARTICLE_REFERENCE,第百九十五条の二,798,806
10,第十章　雑則,10,第百九十五条,ARTICLE_REFERENCE,第二項,918,921
10,第十章　雑則,10,第百九十五条,ARTICLE_REFERENCE,同項,945,947
10,第十章　雑則,10,第百九十五条,ARTICLE_REFERENCE,同項,968,970
10,第十章　雑則,10,第百九十五条,ARTICLE_REFERENCE,第一項,1112,1115
10,第十章　雑則,10,第百九十五条,ARTICLE_REFERENCE,第三項,1117,1120
10,第十章　雑則,10,第百九十五条,ARTICLE_REFERENCE,第二項,1295,1298
10,第十章　雑則,10,第百九十五条,ARTICLE_REFERENCE,第三十九条,1348,1353
10,第十章　雑則,10,第百九十五条,ARTICLE_REFERENCE,第六項,1353,1356
10,第十章　雑則,10,第百九十五条,ARTICLE_REFERENCE,第四十八条の七,1367,1374
10,第十章　雑則,10,第百九十五条,ARTICLE_REFERENCE,第五十条,1385,1389
10,第十章　雑則,10,第百九十五条,ARTICLE_REFERENCE,第五十二条,1400,1405
10,第十章　雑則,10,第百九十五条,ARTICLE_REFERENCE,第二項,1405,1408
10,第十章　雑則,10,第百九十五条,ARTICLE_REFERENCE,前項,1426,1428
10,第十章　雑則,10,第百九十五条,ARTICLE_REFERENCE,前項,1519,1521
10,第十章　雑則,10,第百九十五条,ARTICLE_REFERENCE,第九項,1568,1571
10,第十章　雑則,10,第百九十五条,ARTICLE_REFERENCE,第十一項,1573,1577
10,第十章　雑則,10,第百九十五条,ARTICLE_REFERENCE,第十項,1617,1620
10,第十章　雑則,10,第百九十五条,ARTICLE_REFERENCE,前項,1622,1624
10,第十章　雑則,10,第百九十五条,TIME_PERIOD,未満,1085,1087
10,第十章　雑則,10,第百九十五条,TIME_PERIOD,から,1115,1117
10,第十章　雑則,10,第百九十五条,TIME_PERIOD,まで,1120,1122
10,第十章　雑則,10,第百九十五条,TIME_PERIOD,まで,1265,1267
10,第十章　雑則,10,第百九十五条,TIME_PERIOD,から,1462,1464
10,第十章　雑則,10,第百九十五条,TIME_PERIOD,六月,1464,1466
10,第十章　雑則,10,第百九十五条,TIME_PERIOD,を経過,1466,1469
10,第十章　雑則,10,第百九十五条,TIME_PERIOD,から,1540,1542
10,第十章　雑則,10,第百九十五条,TIME_PERIOD,一年,1542,1544
10,第十章　雑則,10,第百九十五条,TIME_PERIOD,を経過,1544,1547
10,第十章　雑則,10,第百九十五条,TIME_PERIOD,から,1675,1677
10,第十章　雑則,10,第百九十五条,TIME_PERIOD,十四日,1677,1680
10,第十章　雑則,10,第百九十五条,TIME_PERIOD,二月,1690,1692
10,第十章　雑則,10,第百九十五条,TIME_PERIOD,以内,1693,1695
10,第十章　雑則,10,第百九十五条,TIME_PERIOD,六月以内,1713,1717
10,第十章　雑則,10,第百九十五条,MONEY_AMOUNT,手数料,8,11
10,第十章　雑則,10,第百九十五条,MONEY_AMOUNT,手数料,43,46
10,第十章　雑則,10,第百九十五条,MONEY_AMOUNT,手数料,368,371
10,第十章　雑則,10,第百九十五条,MONEY_AMOUNT,手数料,493,496
10,第十章　雑則,10,第百九十五条,MONEY_AMOUNT,手数料,548,551
10,第十章　雑則,10,第百九十五条,MONEY_AMOUNT,手数料,669,672
10,第十章　雑則,10,第百九十五条,MONEY_AMOUNT,手数料,681,684
10,第十章　雑則,10,第百九十五条,MONEY_AMOUNT,手数料,693,696
10,第十章　雑則,10,第百九十五条,MONEY_AMOUNT,手数料,727,730
10,第十章　雑則,10,第百九十五条,MONEY_AMOUNT,手数料,833,836
10,第十章　雑則,10,第百九十五条,MONEY_AMOUNT,手数料,940,943
10,第十章　雑則,10,第百九十五条,MONEY_AMOUNT,手数料,983,986
10,第十章　雑則,10,第百九十五条,MONEY_AMOUNT,手数料,1076,1079
10,第十章　雑則,10,第百九十五条,MONEY_AMOUNT,十円,1083,1085
10,第十章　雑則,10,第百九十五条,MONEY_AMOUNT,手数料,1123,1126
10,第十章　雑則,10,第百九十五条,MONEY_AMOUNT,手数料,1317,1320
10,第十章　雑則,10,第百九十五条,MONEY_AMOUNT,手数料,1434,1437
10,第十章　雑則,10,第百九十五条,MONEY_AMOUNT,手数料,1494,1497
10,第十章　雑則,10,第百九十五条,MONEY_AMOUNT,手数料,1527,1530
10,第十章　雑則,10,第百九十五条,MONEY_AMOUNT,手数料,1583,1586
10,第十章　雑則,10,第百九十五条,PROCEDURE,請求,114,116
10,第十章　雑則,10,第百九十五条,PROCEDURE,請求,130,132
10,第十章　雑則,10,第百九十五条,PROCEDURE,届出,155,157
10,第十章　雑則,10,第百九十五条,PROCEDURE,請求,182,184
10,第十章　雑則,10,第百九十五条,PROCEDURE,請求,218,220
10,第十章　雑則,10,第百九十五条,PROCEDURE,請求,251,253
10,第十章　雑則,10,第百九十五条,PROCEDURE,請求,317,319
10,第十章　雑則,10,第百九十五条,PROCEDURE,出願,389,391
10,第十章　雑則,10,第百九十五条,PROCEDURE,出願,397,399
10,第十章　雑則,10,第百九十五条,PROCEDURE,審査,399,401
10,第十章　雑則,10,第百九十五条,PROCEDURE,請求,402,404
10,第十章　雑則,10,第百九十五条,PROCEDURE,出願,417,419
10,第十章　雑則,10,第百九十五条,PROCEDURE,請求,429,431
10,第十章　雑則,10,第百九十五条,PROCEDURE,請求項,445,448
10,第十章　雑則,10,第百九十五条,PROCEDURE,請求項,465,468
10,第十章　雑則,10,第百九十五条,PROCEDURE,出願,485,487
10,第十章　雑則,10,第百九十五条,PROCEDURE,審査,487,489
10,第十章　雑則,10,第百九十五条,PROCEDURE,請求,490,492
10,第十章　雑則,10,第百九十五条,PROCEDURE,出願,512,514
10,第十章　雑則,10,第百九十五条,PROCEDURE,特許権,576,579
10,第十章　雑則,10,第百九十五条,PROCEDURE,特許権,633,636
10,第十章　雑則,10,第百九十五条,PROCEDURE,出願,673,675
10,第十章　雑則,10,第百九十五条,PROCEDURE,審査,675,677
10,第十章　雑則,10,第百九十五条,PROCEDURE,請求,678,680
10,第十章　雑則,10,第百九十五条,PROCEDURE,出願,825,827
10,第十章　雑則,10,第百九十五条,PROCEDURE,審査,827,829
10,第十章　雑則,10,第百九十五条,PROCEDURE,請求,830,832
10,第十章　雑則,10,第百九十五条,PROCEDURE,出願,932,934
10,第十章　雑則,10,第百九十五条,PROCEDURE,審査,934,936
10,第十章　雑則,10,第百九十五条,PROCEDURE,請求,937,939
10,第十章　雑則,10,第百九十五条,PROCEDURE,出願,975,977
10,第十章　雑則,10,第百九十五条,PROCEDURE,審査,977,979
10,第十章　雑則,10,第百九十五条,PROCEDURE,請求,980,982
10,第十章　雑則,10,第百九十五条,PROCEDURE,出願,1221,1223
10,第十章　雑則,10,第百九十五条,PROCEDURE,審査,1223,1225
10,第十章　雑則,10,第百九十五条,PROCEDURE,請求,1226,1228
10,第十章　雑則,10,第百九十五条,PROCEDURE,出願,1274,1276
10,第十章　雑則,10,第百九十五条,PROCEDURE,出願,1309,1311
10,第十章　雑則,10,第百九十五条,PROCEDURE,審査,1311,1313
10,第十章　雑則,10,第百九十五条,PROCEDURE,請求,1314,1316
10,第十章　雑則,10,第百九十五条,PROCEDURE,請求,1327,1329
10,第十章　雑則,10,第百九十五条,PROCEDURE,出願,1444,1446
10,第十章　雑則,10,第百九十五条,PROCEDURE,請求,1474,1476
10,第十章　雑則,10,第百九十五条,PROCEDURE,請求,1505,1507
10,第十章　雑則,10,第百九十五条,PROCEDURE,請求,1552,1554
10,第十章　雑則,10,第百九十五条,PROCEDURE,請求,1590,1592
10,第十章　雑則,10,第百九十五条,PROCEDURE,請求,1635,1637
10,第十章　雑則,10,第百九十五条,PROCEDURE,請求,1720,1722
10,第十章　雑則,10,第百九十五条,LEGAL_STATUS,出願人,389,392
10,第十章　雑則,10,第百九十五条,LEGAL_STATUS,出願人,512,515
10,第十章　雑則,10,第百九十五条,LEGAL_STATUS,権利,587,589
10,第十章　雑則,10,第百九十五条,LEGAL_STATUS,権利,644,646
10,第十章　雑則,10,第百九十五条,LEGAL_STATUS,権利,786,788
10,第十章　雑則,10,第百九十五条,LEGAL_STATUS,権利,912,914
10,第十章　雑則,11,第百九十五条の二,LAW_REFERENCE,政令,75,77
10,第十章　雑則,11,第百九十五条の二,LAW_REFERENCE,政令,123,125
10,第十章　雑則,11,第百九十五条の二,ARTICLE_REFERENCE,第百九十五条の二,0,8
10,第十章　雑則,11,第百九十五条の二,ARTICLE_REFERENCE,第百九十五条の二,26,34
10,第十章　雑則,11,第百九十五条の二,ARTICLE_REFERENCE,前条,136,138
10,第十章　雑則,11,第百九十五条の二,ARTICLE_REFERENCE,第二項,138,141
10,第十章　雑則,11,第百九十五条の二,MONEY_AMOUNT,手数料,18,21
10,第十章　雑則,11,第百九十五条の二,MONEY_AMOUNT,手数料,99,102
10,第十章　雑則,11,第百九十五条の二,MONEY_AMOUNT,手数料,160,163
10,第十章　雑則,11,第百九十五条の二,ORGANIZATION,特許庁長官,35,40
10,第十章　雑則,11,第百九十五条の二,PROCEDURE,出願,10,12
10,第十章　雑則,11,第百九十五条の二,PROCEDURE,審査,12,14
10,第十章　雑則,11,第百九十五条の二,PROCEDURE,請求,15,17
10,第十章　雑則,11,第百九十五条の二,PROCEDURE,出願,47,49
10,第十章　雑則,11,第百九十五条の二,PROCEDURE,出願,53,55
10,第十章　雑則,11,第百九十五条の二,PROCEDURE,審査,55,57
10,第十章　雑則,11,第百九十五条の二,PROCEDURE,請求,58,60
10,第十章　雑則,11,第百九十五条の二,PROCEDURE,出願,91,93
10,第十章　雑則,11,第百九十五条の二,PROCEDURE,審査,93,95
10,第十章　雑則,11,第百九十五条の二,PROCEDURE,請求,96,98
10,第十章　雑則,11,第百九十五条の二,PROCEDURE,出願,152,154
10,第十章　雑則,11,第百九十五条の二,PROCEDURE,審査,154,156
10,第十章　雑則,11,第百九十五条の二,PROCEDURE,請求,157,159
10,第十章　雑則,12,第百九十五条の二の二,LAW_REFERENCE,政令,66,68
10,第十章　雑則,12,第百九十五条の二の二,LAW_REFERENCE,政令,79,81
10,第十章　雑則,12,第百九十五条の二の二,ARTICLE_REFERENCE,第百九十五条の二,0,8
10,第十章　雑則,12,第百九十五条の二の二,ARTICLE_REFERENCE,第百九十五条の二,11,19
10,第十章　雑則,12,第百九十五条の二の二,ARTICLE_REFERENCE,第百九条の二,56,62
10,第十章　雑則,12,第百九十五条の二の二,ARTICLE_REFERENCE,第一項,62,65
10,第十章　雑則,12,第百九十五条の二の二,ARTICLE_REFERENCE,第百九十五条,92,98
10,第十章　雑則,12,第百九十五条の二の二,ARTICLE_REFERENCE,第二項,98,101
10,第十章　雑則,12,第百九十五条の二の二,MONEY_AMOUNT,手数料,120,123
10,第十章　雑則,12,第百九十五条の二の二,ORGANIZATION,特許庁長官,22,27
10,第十章　雑則,12,第百九十五条の二の二,PROCEDURE,出願,34,36
10,第十章　雑則,12,第百九十五条の二の二,PROCEDURE,出願,40,42
10,第十章　雑則,12,第百九十五条の二の二,PROCEDURE,審査,42,44
10,第十章　雑則,12,第百九十五条の二の二,PROCEDURE,請求,45,47
10,第十章　雑則,12,第百九十五条の二の二,PROCEDURE,出願,112,114
10,第十章　雑則,12,第百九十五条の二の二,PROCEDURE,審査,114,116
10,第十章　雑則,12,第百九十五条の二の二,PROCEDURE,請求,117,119
10,第十章　雑則,13,第百九十五条の三,LAW_REFERENCE,"の三
（行政手続法",6,15
10,第十章　雑則,13,第百九十五条の三,LAW_REFERENCE,の三 この法律又はこの法律に基づく命令の規定による処分については、行政手続法（平成五年法,28,72
10,第十章　雑則,13,第百九十五条の三,ARTICLE_REFERENCE,第百九十五条の三,0,8
10,第十章　雑則,13,第百九十五条の三,ARTICLE_REFERENCE,第百九十五条の三,22,30
10,第十章　雑則,13,第百九十五条の三,ARTICLE_REFERENCE,第八十八号,73,78
10,第十章　雑則,13,第百九十五条の三,ARTICLE_REFERENCE,第二章,79,82
10,第十章　雑則,13,第百九十五条の三,ARTICLE_REFERENCE,第三章,84,87
10,第十章　雑則,13,第百九十五条の三,TIME_PERIOD,五年,69,71
10,第十章　雑則,14,第百九十五条の四,LAW_REFERENCE,"の四
（行政不服審査法",6,17
10,第十章　雑則,14,第百九十五条の四,LAW_REFERENCE,の二第一項の訂正の請求書の却下の決定並びにこの法律の規定により不服を申し立てることができないこととされている処分又はこれらの不作為については、行政不服審査法,100,178
10,第十章　雑則,14,第百九十五条の四,ARTICLE_REFERENCE,第百九十五条の四,0,8
10,第十章　雑則,14,第百九十五条の四,ARTICLE_REFERENCE,第百九十五条の四,32,40
10,第十章　雑則,14,第百九十五条の四,ARTICLE_REFERENCE,第百二十条の五,80,87
10,第十章　雑則,14,第百九十五条の四,ARTICLE_REFERENCE,第二項,87,90
10,第十章　雑則,14,第百九十五条の四,ARTICLE_REFERENCE,第百三十四条の二,94,102
10,第十章　雑則,14,第百九十五条の四,ARTICLE_REFERENCE,第一項,102,105
10,第十章　雑則,14,第百九十五条の四,PROCEDURE,審査,14,16
10,第十章　雑則,14,第百九十五条の四,PROCEDURE,審査,23,25
10,第十章　雑則,14,第百九十五条の四,PROCEDURE,請求,25,27
10,第十章　雑則,14,第百九十五条の四,PROCEDURE,審判,64,66
10,第十章　雑則,14,第百九十五条の四,PROCEDURE,再審,70,72
10,第十章　雑則,14,第百九十五条の四,PROCEDURE,請求,73,75
10,第十章　雑則,14,第百九十五条の四,PROCEDURE,請求,109,111
10,第十章　雑則,14,第百九十五条の四,PROCEDURE,審査,175,177
10,第十章　雑則,14,第百九十五条の四,PROCEDURE,審査,184,186
10,第十章　雑則,14,第百九十五条の四,PROCEDURE,請求,186,188
10,第十章　雑則,14,第百九十五条の四,LEGAL_STATUS,取消,44,46
10,第十章　雑則,14,第百九十五条の四,LEGAL_STATUS,却下,113,115
11,第十一章　罰則,0,第百九十六条,ARTICLE_REFERENCE,第百九十六条,0,6
11,第十一章　罰則,0,第百九十六条,ARTICLE_REFERENCE,第百九十六条,14,20
11,第十一章　罰則,0,第百九十六条,ARTICLE_REFERENCE,第百一条,38,42
11,第十一章　罰則,0,第百九十六条,TIME_PERIOD,十年,85,87
11,第十一章　罰則,0,第百九十六条,MONEY_AMOUNT,千万円,96,99
11,第十一章　罰則,0,第百九十六条,PROCEDURE,特許権,21,24
11,第十一章　罰則,0,第百九十六条,PROCEDURE,特許権,48,51
11,第十一章　罰則,0,第百九十六条,LEGAL_STATUS,侵害,8,10
11,第十一章　罰則,0,第百九十六条,LEGAL_STATUS,侵害,32,34
11,第十一章　罰則,0,第百九十六条,LEGAL_STATUS,侵害,59,61
11,第十一章　罰則,1,第百九十六条の二,ARTICLE_REFERENCE,第百九十六条の二,0,8
11,第十一章　罰則,1,第百九十六条の二,ARTICLE_REFERENCE,第百九十六条の二,9,17
11,第十一章　罰則,1,第百九十六条の二,ARTICLE_REFERENCE,第百一条,18,22
11,第十一章　罰則,1,第百九十六条の二,TIME_PERIOD,五年,60,62
11,第十一章　罰則,1,第百九十六条の二,MONEY_AMOUNT,五百万円,71,75
11,第十一章　罰則,1,第百九十六条の二,PROCEDURE,特許権,28,31
11,第十一章　罰則,1,第百九十六条の二,LEGAL_STATUS,侵害,39,41
11,第十一章　罰則,2,第百九十七条,ARTICLE_REFERENCE,第百九十七条,0,6
11,第十一章　罰則,2,第百九十七条,ARTICLE_REFERENCE,第百九十七条,17,23
11,第十一章　罰則,2,第百九十七条,TIME_PERIOD,三年,75,77
11,第十一章　罰則,2,第百九十七条,MONEY_AMOUNT,三百万円,84,88
11,第十一章　罰則,2,第百九十七条,PROCEDURE,特許権,35,38
11,第十一章　罰則,2,第百九十七条,PROCEDURE,登録,46,48
11,第十一章　罰則,3,第百九十八条,ARTICLE_REFERENCE,第百九十八条,0,6
11,第十一章　罰則,3,第百九十八条,ARTICLE_REFERENCE,第百九十八条,16,22
11,第十一章　罰則,3,第百九十八条,ARTICLE_REFERENCE,第百八十八条,23,29
11,第十一章　罰則,3,第百九十八条,TIME_PERIOD,三年,40,42
11,第十一章　罰則,3,第百九十八条,MONEY_AMOUNT,三百万円,49,53
11,第十一章　罰則,3,第百九十八条,LEGAL_STATUS,違反,33,35
11,第十一章　罰則,4,第百九十九条,LAW_REFERENCE, この法,21,25
11,第十一章　罰則,4,第百九十九条,ARTICLE_REFERENCE,第百九十九条,0,6
11,第十一章　罰則,4,第百九十九条,ARTICLE_REFERENCE,第百九十九条,15,21
11,第十一章　罰則,4,第百九十九条,ARTICLE_REFERENCE,前項,105,107
11,第十一章　罰則,4,第百九十九条,TIME_PERIOD,三月,86,88
11,第十一章　罰則,4,第百九十九条,TIME_PERIOD,以上,88,90
11,第十一章　罰則,4,第百九十九条,TIME_PERIOD,十年,90,92
11,第十一章　罰則,4,第百九十九条,ORGANIZATION,特許庁,48,51
11,第十一章　罰則,5,第二百条,ARTICLE_REFERENCE,第二百条,0,4
11,第十一章　罰則,5,第二百条,ARTICLE_REFERENCE,第二百条,16,20
11,第十一章　罰則,5,第二百条,TIME_PERIOD,一年,79,81
11,第十一章　罰則,5,第二百条,MONEY_AMOUNT,五十万円,88,92
11,第十一章　罰則,5,第二百条,ORGANIZATION,特許庁,21,24
11,第十一章　罰則,5,第二百条,PROCEDURE,出願,52,54
11,第十一章　罰則,5,第二百条,PROCEDURE,発明,56,58
11,第十一章　罰則,6,第二百条の二,ARTICLE_REFERENCE,第二百条の二,0,6
11,第十一章　罰則,6,第二百条の二,ARTICLE_REFERENCE,第二百条の二,7,13
11,第十一章　罰則,6,第二百条の二,TIME_PERIOD,一年,55,57
11,第十一章　罰則,6,第二百条の二,MONEY_AMOUNT,五十万円,64,68
11,第十一章　罰則,7,第二百条の三,ARTICLE_REFERENCE,第二百条の三,0,6
11,第十一章　罰則,7,第二百条の三,ARTICLE_REFERENCE,第二百条の三,20,26
11,第十一章　罰則,7,第二百条の三,ARTICLE_REFERENCE,前項,78,80
11,第十一章　罰則,7,第二百条の三,ARTICLE_REFERENCE,第一項,109,112
11,第十一章　罰則,7,第二百条の三,ARTICLE_REFERENCE,同項,124,126
11,第十一章　罰則,7,第二百条の三,TIME_PERIOD,五年,41,43
11,第十一章　罰則,7,第二百条の三,MONEY_AMOUNT,五百万円,52,56
11,第十一章　罰則,7,第二百条の三,LEGAL_STATUS,違反,14,16
11,第十一章　罰則,7,第二百条の三,LEGAL_STATUS,違反,34,36
11,第十一章　罰則,8,第二百一条,LAW_REFERENCE, 法人の代表者又は法人若しくは人の代理人、使用人その他の従業者が、その法人又は人の業務に関し、次の各号に掲げる規定の違反行為をしたときは、行為者を罰するほか、その法,18,100
11,第十一章　罰則,8,第二百一条,LAW_REFERENCE,第二項の告訴は、その法人又は人に対しても効力を生じ、その法,225,254
11,第十一章　罰則,8,第二百一条,LAW_REFERENCE,第一項の違反行為につき法,321,333
11,第十一章　罰則,8,第二百一条,ARTICLE_REFERENCE,第二百一条,0,5
11,第十一章　罰則,8,第二百一条,ARTICLE_REFERENCE,第二百一条,13,18
11,第十一章　罰則,8,第二百一条,ARTICLE_REFERENCE,各号,67,69
11,第十一章　罰則,8,第二百一条,ARTICLE_REFERENCE,各号,107,109
11,第十一章　罰則,8,第二百一条,ARTICLE_REFERENCE,第百九十六条,140,146
11,第十一章　罰則,8,第二百一条,ARTICLE_REFERENCE,第百九十六条の二,147,155
11,第十一章　罰則,8,第二百一条,ARTICLE_REFERENCE,前条,157,159
11,第十一章　罰則,8,第二百一条,ARTICLE_REFERENCE,第一項,159,162
11,第十一章　罰則,8,第二百一条,ARTICLE_REFERENCE,第百九十七条,175,181
11,第十一章　罰則,8,第二百一条,ARTICLE_REFERENCE,第百九十八条,183,189
11,第十一章　罰則,8,第二百一条,ARTICLE_REFERENCE,前項,202,204
11,第十一章　罰則,8,第二百一条,ARTICLE_REFERENCE,前条,223,225
11,第十一章　罰則,8,第二百一条,ARTICLE_REFERENCE,第二項,225,228
11,第十一章　罰則,8,第二百一条,ARTICLE_REFERENCE,第一項,293,296
11,第十一章　罰則,8,第二百一条,ARTICLE_REFERENCE,第百九十六条,302,308
11,第十一章　罰則,8,第二百一条,ARTICLE_REFERENCE,第百九十六条の二,309,317
11,第十一章　罰則,8,第二百一条,ARTICLE_REFERENCE,前条,319,321
11,第十一章　罰則,8,第二百一条,ARTICLE_REFERENCE,第一項,321,324
11,第十一章　罰則,8,第二百一条,MONEY_AMOUNT,三億円,163,166
11,第十一章　罰則,8,第二百一条,MONEY_AMOUNT,一億円,190,193
11,第十一章　罰則,8,第二百一条,LEGAL_STATUS,代理人,35,38
11,第十一章　罰則,8,第二百一条,LEGAL_STATUS,違反,76,78
11,第十一章　罰則,8,第二百一条,LEGAL_STATUS,効力,245,247
11,第十一章　罰則,8,第二百一条,LEGAL_STATUS,効力,278,280
11,第十一章　罰則,8,第二百一条,LEGAL_STATUS,違反,325,327
11,第十一章　罰則,9,第二百二条,LAW_REFERENCE,第二項から第四項までにおいて準用する場合を含む。）において準用する民事訴訟法第二百七条,71,114
11,第十一章　罰則,9,第二百二条,ARTICLE_REFERENCE,第二百二条,0,5
11,第十一章　罰則,9,第二百二条,ARTICLE_REFERENCE,第二百二条,11,16
11,第十一章　罰則,9,第二百二条,ARTICLE_REFERENCE,第百五十一条,17,23
11,第十一章　罰則,9,第二百二条,ARTICLE_REFERENCE,第七十一条,24,29
11,第十一章　罰則,9,第二百二条,ARTICLE_REFERENCE,第三項,29,32
11,第十一章　罰則,9,第二百二条,ARTICLE_REFERENCE,第百二十条,33,38
11,第十一章　罰則,9,第二百二条,ARTICLE_REFERENCE,第百七十四条,39,45
11,第十一章　罰則,9,第二百二条,ARTICLE_REFERENCE,第一項,45,48
11,第十一章　罰則,9,第二百二条,ARTICLE_REFERENCE,第百七十四条,65,71
11,第十一章　罰則,9,第二百二条,ARTICLE_REFERENCE,第二項,71,74
11,第十一章　罰則,9,第二百二条,ARTICLE_REFERENCE,第四項,76,79
11,第十一章　罰則,9,第二百二条,ARTICLE_REFERENCE,第二百七条,109,114
11,第十一章　罰則,9,第二百二条,ARTICLE_REFERENCE,第一項,114,117
11,第十一章　罰則,9,第二百二条,TIME_PERIOD,から,74,76
11,第十一章　罰則,9,第二百二条,TIME_PERIOD,まで,79,81
11,第十一章　罰則,9,第二百二条,MONEY_AMOUNT,十万円,160,163
11,第十一章　罰則,9,第二百二条,ORGANIZATION,特許庁,129,132
11,第十一章　罰則,10,第二百三条,LAW_REFERENCE, この法,11,15
11,第十一章　罰則,10,第二百三条,ARTICLE_REFERENCE,第二百三条,0,5
11,第十一章　罰則,10,第二百三条,ARTICLE_REFERENCE,第二百三条,6,11
11,第十一章　罰則,10,第二百三条,TIME_PERIOD,から,38,40
11,第十一章　罰則,10,第二百三条,MONEY_AMOUNT,十万円,92,95
11,第十一章　罰則,10,第二百三条,ORGANIZATION,特許庁,22,25
11,第十一章　罰則,11,第二百四条,LAW_REFERENCE, 証拠調又は証拠保全に関し、この法,11,28
11,第十一章　罰則,11,第二百四条,ARTICLE_REFERENCE,第二百四条,0,5
11,第十一章　罰則,11,第二百四条,ARTICLE_REFERENCE,第二百四条,6,11
11,第十一章　罰則,11,第二百四条,TIME_PERIOD,から,51,53
11,第十一章　罰則,11,第二百四条,MONEY_AMOUNT,十万円,101,104
11,第十一章　罰則,11,第二百四条,ORGANIZATION,特許庁,35,38
12,附　則　（昭和四一年七月一日法律第一一一号）　抄,0,第一条,LAW_REFERENCE, この法,14,18
12,附　則　（昭和四一年七月一日法律第一一一号）　抄,0,第一条,LAW_REFERENCE,政令,45,47
12,附　則　（昭和四一年七月一日法律第一一一号）　抄,0,第一条,ARTICLE_REFERENCE,第一条,0,3
12,附　則　（昭和四一年七月一日法律第一一一号）　抄,0,第一条,ARTICLE_REFERENCE,第一条,11,14
12,附　則　（昭和四一年七月一日法律第一一一号）　抄,0,第一条,TIME_PERIOD,から,25,27
12,附　則　（昭和四一年七月一日法律第一一一号）　抄,0,第一条,TIME_PERIOD,六月,31,33
12,附　則　（昭和四一年七月一日法律第一一一号）　抄,0,第一条,TIME_PERIOD,から,52,54
13,附　則　（昭和四五年五月二二日法律第九一号）　抄,0,第一条,LAW_REFERENCE, この法,14,18
13,附　則　（昭和四五年五月二二日法律第九一号）　抄,0,第一条,ARTICLE_REFERENCE,第一条,0,3
13,附　則　（昭和四五年五月二二日法律第九一号）　抄,0,第一条,ARTICLE_REFERENCE,第一条,11,14
13,附　則　（昭和四五年五月二二日法律第九一号）　抄,0,第一条,TIME_PERIOD,四十六年一月一日,23,31
13,附　則　（昭和四五年五月二二日法律第九一号）　抄,0,第一条,TIME_PERIOD,から,31,33
13,附　則　（昭和四五年五月二二日法律第九一号）　抄,1,第二条,LAW_REFERENCE,"
（改正前の特許法",3,12
13,附　則　（昭和四五年五月二二日法律第九一号）　抄,1,第二条,LAW_REFERENCE, この法,20,24
13,附　則　（昭和四五年五月二二日法律第九一号）　抄,1,第二条,ARTICLE_REFERENCE,第二条,0,3
13,附　則　（昭和四五年五月二二日法律第九一号）　抄,1,第二条,ARTICLE_REFERENCE,第二条,17,20
13,附　則　（昭和四五年五月二二日法律第九一号）　抄,1,第二条,TIME_PERIOD,まで,87,89
13,附　則　（昭和四五年五月二二日法律第九一号）　抄,1,第二条,ORGANIZATION,特許庁,32,35
13,附　則　（昭和四五年五月二二日法律第九一号）　抄,1,第二条,PROCEDURE,出願,44,46
13,附　則　（昭和四五年五月二二日法律第九一号）　抄,1,第二条,PROCEDURE,出願,70,72
13,附　則　（昭和四五年五月二二日法律第九一号）　抄,2,第三条,LAW_REFERENCE, この法律の施行前にすでに納付し、又は納付すべきであつた特許料については、改正後の特許法（以下「新特許法,13,65
13,附　則　（昭和四五年五月二二日法律第九一号）　抄,2,第三条,ARTICLE_REFERENCE,第三条,0,3
13,附　則　（昭和四五年五月二二日法律第九一号）　抄,2,第三条,ARTICLE_REFERENCE,第三条,10,13
13,附　則　（昭和四五年五月二二日法律第九一号）　抄,2,第三条,ARTICLE_REFERENCE,第百七条,71,75
13,附　則　（昭和四五年五月二二日法律第九一号）　抄,2,第三条,ARTICLE_REFERENCE,第一項,75,78
13,附　則　（昭和四五年五月二二日法律第九一号）　抄,3,第四条,LAW_REFERENCE, この法律の施行前にした特許出願に係る特許の無効の理由については、新特許法第二十九条,18,60
13,附　則　（昭和四五年五月二二日法律第九一号）　抄,3,第四条,ARTICLE_REFERENCE,第四条,0,3
13,附　則　（昭和四五年五月二二日法律第九一号）　抄,3,第四条,ARTICLE_REFERENCE,第四条,15,18
13,附　則　（昭和四五年五月二二日法律第九一号）　抄,3,第四条,ARTICLE_REFERENCE,第二十九条の二,55,62
13,附　則　（昭和四五年五月二二日法律第九一号）　抄,3,第四条,ARTICLE_REFERENCE,第百二十三条,64,70
13,附　則　（昭和四五年五月二二日法律第九一号）　抄,3,第四条,ARTICLE_REFERENCE,第一項,70,73
13,附　則　（昭和四五年五月二二日法律第九一号）　抄,3,第四条,ARTICLE_REFERENCE,第一号,73,76
13,附　則　（昭和四五年五月二二日法律第九一号）　抄,3,第四条,PROCEDURE,出願,32,34
13,附　則　（昭和四五年五月二二日法律第九一号）　抄,3,第四条,LEGAL_STATUS,無効,8,10
13,附　則　（昭和四五年五月二二日法律第九一号）　抄,3,第四条,LEGAL_STATUS,無効,40,42
13,附　則　（昭和四五年五月二二日法律第九一号）　抄,4,第五条,LAW_REFERENCE, 新特許法第百九十五条,18,29
13,附　則　（昭和四五年五月二二日法律第九一号）　抄,4,第五条,LAW_REFERENCE,第一項の規定は、この法律の施行後に納付すべき手数料について適用する。ただし、この法律の施行前にした特許出願についての同法,29,89
13,附　則　（昭和四五年五月二二日法律第九一号）　抄,4,第五条,ARTICLE_REFERENCE,第五条,0,3
13,附　則　（昭和四五年五月二二日法律第九一号）　抄,4,第五条,ARTICLE_REFERENCE,第五条,15,18
13,附　則　（昭和四五年五月二二日法律第九一号）　抄,4,第五条,ARTICLE_REFERENCE,第百九十五条,23,29
13,附　則　（昭和四五年五月二二日法律第九一号）　抄,4,第五条,ARTICLE_REFERENCE,第一項,29,32
13,附　則　（昭和四五年五月二二日法律第九一号）　抄,4,第五条,ARTICLE_REFERENCE,第四号,91,94
13,附　則　（昭和四五年五月二二日法律第九一号）　抄,4,第五条,MONEY_AMOUNT,手数料,10,13
13,附　則　（昭和四五年五月二二日法律第九一号）　抄,4,第五条,MONEY_AMOUNT,手数料,51,54
13,附　則　（昭和四五年五月二二日法律第九一号）　抄,4,第五条,MONEY_AMOUNT,手数料,95,98
13,附　則　（昭和四五年五月二二日法律第九一号）　抄,4,第五条,PROCEDURE,出願,7,9
13,附　則　（昭和四五年五月二二日法律第九一号）　抄,4,第五条,PROCEDURE,出願,80,82
13,附　則　（昭和四五年五月二二日法律第九一号）　抄,5,第九条,LAW_REFERENCE,政令,5,7
13,附　則　（昭和四五年五月二二日法律第九一号）　抄,5,第九条,LAW_REFERENCE,に定めるもののほか、この法,20,33
13,附　則　（昭和四五年五月二二日法律第九一号）　抄,5,第九条,LAW_REFERENCE,政令,49,51
13,附　則　（昭和四五年五月二二日法律第九一号）　抄,5,第九条,ARTICLE_REFERENCE,第九条,0,3
13,附　則　（昭和四五年五月二二日法律第九一号）　抄,5,第九条,ARTICLE_REFERENCE,第九条,13,16
13,附　則　（昭和四五年五月二二日法律第九一号）　抄,5,第九条,ARTICLE_REFERENCE,各条,18,20
14,附　則　（昭和五〇年六月二五日法律第四六号）　抄,0,第一条,LAW_REFERENCE, この法,14,18
14,附　則　（昭和五〇年六月二五日法律第四六号）　抄,0,第一条,LAW_REFERENCE,の規定中特許法第百七条,76,87
14,附　則　（昭和五〇年六月二五日法律第四六号）　抄,0,第一条,LAW_REFERENCE,第一項の表の改正規定及び同法,87,101
14,附　則　（昭和五〇年六月二五日法律第四六号）　抄,0,第一条,LAW_REFERENCE,の規定中実用新案法第三十一条,112,126
14,附　則　（昭和五〇年六月二五日法律第四六号）　抄,0,第一条,LAW_REFERENCE,第一項の改正規定及び同法,126,138
14,附　則　（昭和五〇年六月二五日法律第四六号）　抄,0,第一条,LAW_REFERENCE,の規定中意匠法第四十二条,149,161
14,附　則　（昭和五〇年六月二五日法律第四六号）　抄,0,第一条,LAW_REFERENCE,第一項及び第二項の改正規定並びに同法,161,179
14,附　則　（昭和五〇年六月二五日法律第四六号）　抄,0,第一条,LAW_REFERENCE,の規定中商標法第四十条,190,201
14,附　則　（昭和五〇年六月二五日法律第四六号）　抄,0,第一条,LAW_REFERENCE,第一項及び第二項の改正規定並びに同法,201,219
14,附　則　（昭和五〇年六月二五日法律第四六号）　抄,0,第一条,LAW_REFERENCE,の規定中特許法第十七条,262,273
14,附　則　（昭和五〇年六月二五日法律第四六号）　抄,0,第一条,LAW_REFERENCE,の規定中実用新案法第十三条,327,340
14,附　則　（昭和五〇年六月二五日法律第四六号）　抄,0,第一条,LAW_REFERENCE,の規定中商標法第四条,354,364
14,附　則　（昭和五〇年六月二五日法律第四六号）　抄,0,第一条,ARTICLE_REFERENCE,第一条,0,3
14,附　則　（昭和五〇年六月二五日法律第四六号）　抄,0,第一条,ARTICLE_REFERENCE,第一条,11,14
14,附　則　（昭和五〇年六月二五日法律第四六号）　抄,0,第一条,ARTICLE_REFERENCE,各号,44,46
14,附　則　（昭和五〇年六月二五日法律第四六号）　抄,0,第一条,ARTICLE_REFERENCE,各号,56,58
14,附　則　（昭和五〇年六月二五日法律第四六号）　抄,0,第一条,ARTICLE_REFERENCE,第一条,73,76
14,附　則　（昭和五〇年六月二五日法律第四六号）　抄,0,第一条,ARTICLE_REFERENCE,第百七条,83,87
14,附　則　（昭和五〇年六月二五日法律第四六号）　抄,0,第一条,ARTICLE_REFERENCE,第一項,87,90
14,附　則　（昭和五〇年六月二五日法律第四六号）　抄,0,第一条,ARTICLE_REFERENCE,第二条,109,112
14,附　則　（昭和五〇年六月二五日法律第四六号）　抄,0,第一条,ARTICLE_REFERENCE,第三十一条,121,126
14,附　則　（昭和五〇年六月二五日法律第四六号）　抄,0,第一条,ARTICLE_REFERENCE,第一項,126,129
14,附　則　（昭和五〇年六月二五日法律第四六号）　抄,0,第一条,ARTICLE_REFERENCE,第三条,146,149
14,附　則　（昭和五〇年六月二五日法律第四六号）　抄,0,第一条,ARTICLE_REFERENCE,第四十二条,156,161
14,附　則　（昭和五〇年六月二五日法律第四六号）　抄,0,第一条,ARTICLE_REFERENCE,第一項,161,164
14,附　則　（昭和五〇年六月二五日法律第四六号）　抄,0,第一条,ARTICLE_REFERENCE,第二項,166,169
14,附　則　（昭和五〇年六月二五日法律第四六号）　抄,0,第一条,ARTICLE_REFERENCE,第四条,187,190
14,附　則　（昭和五〇年六月二五日法律第四六号）　抄,0,第一条,ARTICLE_REFERENCE,第四十条,197,201
14,附　則　（昭和五〇年六月二五日法律第四六号）　抄,0,第一条,ARTICLE_REFERENCE,第一項,201,204
14,附　則　（昭和五〇年六月二五日法律第四六号）　抄,0,第一条,ARTICLE_REFERENCE,第二項,206,209
14,附　則　（昭和五〇年六月二五日法律第四六号）　抄,0,第一条,ARTICLE_REFERENCE,次条,229,231
14,附　則　（昭和五〇年六月二五日法律第四六号）　抄,0,第一条,ARTICLE_REFERENCE,第二項,231,234
14,附　則　（昭和五〇年六月二五日法律第四六号）　抄,0,第一条,ARTICLE_REFERENCE,附則,235,237
14,附　則　（昭和五〇年六月二五日法律第四六号）　抄,0,第一条,ARTICLE_REFERENCE,第三条,237,240
14,附　則　（昭和五〇年六月二五日法律第四六号）　抄,0,第一条,ARTICLE_REFERENCE,第二項,240,243
14,附　則　（昭和五〇年六月二五日法律第四六号）　抄,0,第一条,ARTICLE_REFERENCE,第四条,245,248
14,附　則　（昭和五〇年六月二五日法律第四六号）　抄,0,第一条,ARTICLE_REFERENCE,第一条,259,262
14,附　則　（昭和五〇年六月二五日法律第四六号）　抄,0,第一条,ARTICLE_REFERENCE,第十七条,269,273
14,附　則　（昭和五〇年六月二五日法律第四六号）　抄,0,第一条,ARTICLE_REFERENCE,第一項,273,276
14,附　則　（昭和五〇年六月二五日法律第四六号）　抄,0,第一条,ARTICLE_REFERENCE,第六十四条,289,294
14,附　則　（昭和五〇年六月二五日法律第四六号）　抄,0,第一条,ARTICLE_REFERENCE,第十七条の三,298,304
14,附　則　（昭和五〇年六月二五日法律第四六号）　抄,0,第一条,ARTICLE_REFERENCE,第六十四条,306,311
14,附　則　（昭和五〇年六月二五日法律第四六号）　抄,0,第一条,ARTICLE_REFERENCE,第二条,324,327
14,附　則　（昭和五〇年六月二五日法律第四六号）　抄,0,第一条,ARTICLE_REFERENCE,第十三条の二,336,342
14,附　則　（昭和五〇年六月二五日法律第四六号）　抄,0,第一条,ARTICLE_REFERENCE,第一項,342,345
14,附　則　（昭和五〇年六月二五日法律第四六号）　抄,0,第一条,ARTICLE_REFERENCE,第四条,351,354
14,附　則　（昭和五〇年六月二五日法律第四六号）　抄,0,第一条,ARTICLE_REFERENCE,第四条,361,364
14,附　則　（昭和五〇年六月二五日法律第四六号）　抄,0,第一条,ARTICLE_REFERENCE,第一項,364,367
14,附　則　（昭和五〇年六月二五日法律第四六号）　抄,0,第一条,ARTICLE_REFERENCE,第二号,367,370
14,附　則　（昭和五〇年六月二五日法律第四六号）　抄,0,第一条,ARTICLE_REFERENCE,第九条,372,375
14,附　則　（昭和五〇年六月二五日法律第四六号）　抄,0,第一条,ARTICLE_REFERENCE,第一項,375,378
14,附　則　（昭和五〇年六月二五日法律第四六号）　抄,0,第一条,ARTICLE_REFERENCE,第五条,386,389
14,附　則　（昭和五〇年六月二五日法律第四六号）　抄,0,第一条,ARTICLE_REFERENCE,第二十条,541,545
14,附　則　（昭和五〇年六月二五日法律第四六号）　抄,0,第一条,ARTICLE_REFERENCE,同条,557,559
14,附　則　（昭和五〇年六月二五日法律第四六号）　抄,0,第一条,ARTICLE_REFERENCE,第一条,560,563
14,附　則　（昭和五〇年六月二五日法律第四六号）　抄,0,第一条,ARTICLE_REFERENCE,第十二条,565,569
14,附　則　（昭和五〇年六月二五日法律第四六号）　抄,0,第一条,TIME_PERIOD,五十一年一月一日,23,31
14,附　則　（昭和五〇年六月二五日法律第四六号）　抄,0,第一条,TIME_PERIOD,から,31,33
14,附　則　（昭和五〇年六月二五日法律第四六号）　抄,0,第一条,TIME_PERIOD,から,63,65
14,附　則　（昭和五〇年六月二五日法律第四六号）　抄,0,第一条,TIME_PERIOD,千九百年十二月十四日,393,403
14,附　則　（昭和五〇年六月二五日法律第四六号）　抄,0,第一条,TIME_PERIOD,千九百十一年六月二日,411,421
14,附　則　（昭和五〇年六月二五日法律第四六号）　抄,0,第一条,TIME_PERIOD,千九百二十五年十一月六日,429,441
14,附　則　（昭和五〇年六月二五日法律第四六号）　抄,0,第一条,TIME_PERIOD,千九百三十四年六月二日,447,458
14,附　則　（昭和五〇年六月二五日法律第四六号）　抄,0,第一条,TIME_PERIOD,千九百五十八年十月三十一日,465,478
14,附　則　（昭和五〇年六月二五日法律第四六号）　抄,0,第一条,TIME_PERIOD,千九百六十七年七月十四日,486,498
14,附　則　（昭和五〇年六月二五日法律第四六号）　抄,0,第一条,TIME_PERIOD,千八百八十三年三月二十日,524,536
14,附　則　（昭和五〇年六月二五日法律第四六号）　抄,0,第一条,TIME_PERIOD,から,563,565
14,附　則　（昭和五〇年六月二五日法律第四六号）　抄,0,第一条,TIME_PERIOD,まで,569,571
14,附　則　（昭和五〇年六月二五日法律第四六号）　抄,0,第一条,PROCEDURE,意匠,153,155
14,附　則　（昭和五〇年六月二五日法律第四六号）　抄,0,第一条,PROCEDURE,商標,194,196
14,附　則　（昭和五〇年六月二五日法律第四六号）　抄,0,第一条,PROCEDURE,商標,358,360
14,附　則　（昭和五〇年六月二五日法律第四六号）　抄,0,第一条,LEGAL_STATUS,効力,575,577
14,附　則　（昭和五〇年六月二五日法律第四六号）　抄,1,第二条,LAW_REFERENCE,"
（特許法",3,8
14,附　則　（昭和五〇年六月二五日法律第四六号）　抄,1,第二条,LAW_REFERENCE, この法律の施行の際現に特許庁に係属している特許出願については、改正後の特許法第百九十五条,23,68
14,附　則　（昭和五〇年六月二五日法律第四六号）　抄,1,第二条,LAW_REFERENCE,ただし書第一号に定める日前に既に納付し、又は納付すべきであつた特許料については、改正後の特許法第百七条,129,180
14,附　則　（昭和五〇年六月二五日法律第四六号）　抄,1,第二条,LAW_REFERENCE,第一項の規定にかかわらず、なお従前の例による。 ３ この法,180,209
14,附　則　（昭和五〇年六月二五日法律第四六号）　抄,1,第二条,ARTICLE_REFERENCE,第二条,0,3
14,附　則　（昭和五〇年六月二五日法律第四六号）　抄,1,第二条,ARTICLE_REFERENCE,第二条,20,23
14,附　則　（昭和五〇年六月二五日法律第四六号）　抄,1,第二条,ARTICLE_REFERENCE,第百九十五条,62,68
14,附　則　（昭和五〇年六月二五日法律第四六号）　抄,1,第二条,ARTICLE_REFERENCE,第一項,68,71
14,附　則　（昭和五〇年六月二五日法律第四六号）　抄,1,第二条,ARTICLE_REFERENCE,前条,127,129
14,附　則　（昭和五〇年六月二五日法律第四六号）　抄,1,第二条,ARTICLE_REFERENCE,第一号,133,136
14,附　則　（昭和五〇年六月二五日法律第四六号）　抄,1,第二条,ARTICLE_REFERENCE,第百七条,176,180
14,附　則　（昭和五〇年六月二五日法律第四六号）　抄,1,第二条,ARTICLE_REFERENCE,第一項,180,183
14,附　則　（昭和五〇年六月二五日法律第四六号）　抄,1,第二条,TIME_PERIOD,まで,110,112
14,附　則　（昭和五〇年六月二五日法律第四六号）　抄,1,第二条,MONEY_AMOUNT,手数料,82,85
14,附　則　（昭和五〇年六月二五日法律第四六号）　抄,1,第二条,ORGANIZATION,特許庁,35,38
14,附　則　（昭和五〇年六月二五日法律第四六号）　抄,1,第二条,PROCEDURE,出願,47,49
14,附　則　（昭和五〇年六月二五日法律第四六号）　抄,1,第二条,PROCEDURE,出願,93,95
14,附　則　（昭和五〇年六月二五日法律第四六号）　抄,1,第二条,PROCEDURE,出願,219,221
14,附　則　（昭和五〇年六月二五日法律第四六号）　抄,1,第二条,LEGAL_STATUS,無効,227,229
15,附　則　（昭和五三年四月二六日法律第三〇号）　抄,0,第一条,LAW_REFERENCE, この法,14,18
15,附　則　（昭和五三年四月二六日法律第三〇号）　抄,0,第一条,ARTICLE_REFERENCE,第一条,0,3
15,附　則　（昭和五三年四月二六日法律第三〇号）　抄,0,第一条,ARTICLE_REFERENCE,第一条,11,14
15,附　則　（昭和五三年四月二六日法律第三〇号）　抄,0,第一条,TIME_PERIOD,から,38,40
15,附　則　（昭和五三年四月二六日法律第三〇号）　抄,0,第一条,LEGAL_STATUS,効力,31,33
16,附　則　（昭和五七年八月二四日法律第八三号）　抄,0,第一条,LAW_REFERENCE, この法,14,18
16,附　則　（昭和五七年八月二四日法律第八三号）　抄,0,第一条,ARTICLE_REFERENCE,第一条,0,3
16,附　則　（昭和五七年八月二四日法律第八三号）　抄,0,第一条,ARTICLE_REFERENCE,第一条,11,14
16,附　則　（昭和五七年八月二四日法律第八三号）　抄,0,第一条,TIME_PERIOD,五十七年十月一日,23,31
16,附　則　（昭和五七年八月二四日法律第八三号）　抄,0,第一条,TIME_PERIOD,から,31,33
17,附　則　（昭和五九年五月一日法律第二四号）　抄,0,第一条,LAW_REFERENCE, この法,14,18
17,附　則　（昭和五九年五月一日法律第二四号）　抄,0,第一条,ARTICLE_REFERENCE,第一条,0,3
17,附　則　（昭和五九年五月一日法律第二四号）　抄,0,第一条,ARTICLE_REFERENCE,第一条,11,14
17,附　則　（昭和五九年五月一日法律第二四号）　抄,0,第一条,TIME_PERIOD,五十九年七月一日,23,31
17,附　則　（昭和五九年五月一日法律第二四号）　抄,0,第一条,TIME_PERIOD,から,31,33
17,附　則　（昭和五九年五月一日法律第二四号）　抄,1,第八条,LAW_REFERENCE,までの規定による改正後の特許法、実用新案法、意匠法、商標法,39,68
17,附　則　（昭和五九年五月一日法律第二四号）　抄,1,第八条,LAW_REFERENCE,約に基づく国際出願等に関する法律の規定にかかわらず、この法,75,104
17,附　則　（昭和五九年五月一日法律第二四号）　抄,1,第八条,ARTICLE_REFERENCE,第八条,0,3
17,附　則　（昭和五九年五月一日法律第二四号）　抄,1,第八条,ARTICLE_REFERENCE,第八条,26,29
17,附　則　（昭和五九年五月一日法律第二四号）　抄,1,第八条,ARTICLE_REFERENCE,附則,30,32
17,附　則　（昭和五九年五月一日法律第二四号）　抄,1,第八条,ARTICLE_REFERENCE,第三条,32,35
17,附　則　（昭和五九年五月一日法律第二四号）　抄,1,第八条,ARTICLE_REFERENCE,前条,37,39
17,附　則　（昭和五九年五月一日法律第二四号）　抄,1,第八条,TIME_PERIOD,から,35,37
17,附　則　（昭和五九年五月一日法律第二四号）　抄,1,第八条,TIME_PERIOD,まで,39,41
17,附　則　（昭和五九年五月一日法律第二四号）　抄,1,第八条,TIME_PERIOD,から,110,112
17,附　則　（昭和五九年五月一日法律第二四号）　抄,1,第八条,TIME_PERIOD,二週間,112,115
17,附　則　（昭和五九年五月一日法律第二四号）　抄,1,第八条,TIME_PERIOD,以内,115,117
17,附　則　（昭和五九年五月一日法律第二四号）　抄,1,第八条,MONEY_AMOUNT,手数料,128,131
17,附　則　（昭和五九年五月一日法律第二四号）　抄,1,第八条,MONEY_AMOUNT,登録料,132,135
17,附　則　（昭和五九年五月一日法律第二四号）　抄,1,第八条,MONEY_AMOUNT,登録料,139,142
17,附　則　（昭和五九年五月一日法律第二四号）　抄,1,第八条,PROCEDURE,意匠,61,63
17,附　則　（昭和五九年五月一日法律第二四号）　抄,1,第八条,PROCEDURE,商標,65,67
17,附　則　（昭和五九年五月一日法律第二四号）　抄,1,第八条,PROCEDURE,出願,82,84
17,附　則　（昭和五九年五月一日法律第二四号）　抄,1,第八条,PROCEDURE,登録,132,134
17,附　則　（昭和五九年五月一日法律第二四号）　抄,1,第八条,PROCEDURE,登録,139,141
18,附　則　（昭和六〇年五月二八日法律第四一号）　抄,0,第一条,LAW_REFERENCE, この法,14,18
18,附　則　（昭和六〇年五月二八日法律第四一号）　抄,0,第一条,LAW_REFERENCE,政令,45,47
18,附　則　（昭和六〇年五月二八日法律第四一号）　抄,0,第一条,ARTICLE_REFERENCE,第一条,0,3
18,附　則　（昭和六〇年五月二八日法律第四一号）　抄,0,第一条,ARTICLE_REFERENCE,第一条,11,14
18,附　則　（昭和六〇年五月二八日法律第四一号）　抄,0,第一条,TIME_PERIOD,から,25,27
18,附　則　（昭和六〇年五月二八日法律第四一号）　抄,0,第一条,TIME_PERIOD,六月,31,33
18,附　則　（昭和六〇年五月二八日法律第四一号）　抄,0,第一条,TIME_PERIOD,から,52,54
18,附　則　（昭和六〇年五月二八日法律第四一号）　抄,1,第二条,LAW_REFERENCE, この法律の施行前にした追加の特許出願であつてこの法律の施行の際現に特許庁に係属しているもの又はこの法律の施行の際現に存する追加の特許権については、この法律による改正前の特許法の規定は、この法,14,110
18,附　則　（昭和六〇年五月二八日法律第四一号）　抄,1,第二条,ARTICLE_REFERENCE,第二条,0,3
18,附　則　（昭和六〇年五月二八日法律第四一号）　抄,1,第二条,ARTICLE_REFERENCE,第二条,11,14
18,附　則　（昭和六〇年五月二八日法律第四一号）　抄,1,第二条,ORGANIZATION,特許庁,48,51
18,附　則　（昭和六〇年五月二八日法律第四一号）　抄,1,第二条,PROCEDURE,出願,31,33
18,附　則　（昭和六〇年五月二八日法律第四一号）　抄,1,第二条,PROCEDURE,特許権,79,82
18,附　則　（昭和六〇年五月二八日法律第四一号）　抄,1,第二条,LEGAL_STATUS,効力,121,123
18,附　則　（昭和六〇年五月二八日法律第四一号）　抄,2,第三条,LAW_REFERENCE, 特許出願又は実用新案登録出願の願書に添付した明細書又は図面についてのこの法律の施行前にした補正（出願公告をすべき旨の決定の謄本の送達前にしたものに限る。）であつて、当該願書に添付した明細書又は図面の要旨を変更するものであるとして決定をもつて却下されたものについては、この法律による改正前の特許法及び実用新案法の規定は、この法,7,170
18,附　則　（昭和六〇年五月二八日法律第四一号）　抄,2,第三条,ARTICLE_REFERENCE,第三条,0,3
18,附　則　（昭和六〇年五月二八日法律第四一号）　抄,2,第三条,ARTICLE_REFERENCE,第三条,4,7
18,附　則　（昭和六〇年五月二八日法律第四一号）　抄,2,第三条,PROCEDURE,出願,10,12
18,附　則　（昭和六〇年五月二八日法律第四一号）　抄,2,第三条,PROCEDURE,登録,18,20
18,附　則　（昭和六〇年五月二八日法律第四一号）　抄,2,第三条,PROCEDURE,出願,20,22
18,附　則　（昭和六〇年五月二八日法律第四一号）　抄,2,第三条,PROCEDURE,明細書,30,33
18,附　則　（昭和六〇年五月二八日法律第四一号）　抄,2,第三条,PROCEDURE,図面,35,37
18,附　則　（昭和六〇年五月二八日法律第四一号）　抄,2,第三条,PROCEDURE,出願,56,58
18,附　則　（昭和六〇年五月二八日法律第四一号）　抄,2,第三条,PROCEDURE,公告,58,60
18,附　則　（昭和六〇年五月二八日法律第四一号）　抄,2,第三条,PROCEDURE,明細書,99,102
18,附　則　（昭和六〇年五月二八日法律第四一号）　抄,2,第三条,PROCEDURE,図面,104,106
18,附　則　（昭和六〇年五月二八日法律第四一号）　抄,2,第三条,LEGAL_STATUS,却下,128,130
18,附　則　（昭和六〇年五月二八日法律第四一号）　抄,2,第三条,LEGAL_STATUS,効力,181,183
18,附　則　（昭和六〇年五月二八日法律第四一号）　抄,3,第四条,LAW_REFERENCE, この法,7,11
18,附　則　（昭和六〇年五月二八日法律第四一号）　抄,3,第四条,ARTICLE_REFERENCE,第四条,0,3
18,附　則　（昭和六〇年五月二八日法律第四一号）　抄,3,第四条,ARTICLE_REFERENCE,第四条,4,7
18,附　則　（昭和六〇年五月二八日法律第四一号）　抄,4,第五条,LAW_REFERENCE,政令,5,7
18,附　則　（昭和六〇年五月二八日法律第四一号）　抄,4,第五条,LAW_REFERENCE,に定めるもののほか、この法,20,33
18,附　則　（昭和六〇年五月二八日法律第四一号）　抄,4,第五条,LAW_REFERENCE,政令,49,51
18,附　則　（昭和六〇年五月二八日法律第四一号）　抄,4,第五条,ARTICLE_REFERENCE,第五条,0,3
18,附　則　（昭和六〇年五月二八日法律第四一号）　抄,4,第五条,ARTICLE_REFERENCE,第五条,13,16
19,附　則　（昭和六二年五月二五日法律第二七号）　抄,0,第一条,LAW_REFERENCE, この法,14,18
19,附　則　（昭和六二年五月二五日法律第二七号）　抄,0,第一条,LAW_REFERENCE,の規定中意匠法第十五条,84,95
19,附　則　（昭和六二年五月二五日法律第二七号）　抄,0,第一条,LAW_REFERENCE,第一項に後段を加える改正規定、同法第四十二条,95,117
19,附　則　（昭和六二年五月二五日法律第二七号）　抄,0,第一条,LAW_REFERENCE,第一項及び第二項の改正規定、同法第四十九条,117,138
19,附　則　（昭和六二年五月二五日法律第二七号）　抄,0,第一条,LAW_REFERENCE,の改正規定並びに同法,138,148
19,附　則　（昭和六二年五月二五日法律第二七号）　抄,0,第一条,LAW_REFERENCE,の規定中商標法第十三条,159,170
19,附　則　（昭和六二年五月二五日法律第二七号）　抄,0,第一条,LAW_REFERENCE,第一項に後段を加える改正規定、同法第四十条,170,191
19,附　則　（昭和六二年五月二五日法律第二七号）　抄,0,第一条,LAW_REFERENCE,第一項及び第二項の改正規定並びに同法,191,209
19,附　則　（昭和六二年五月二五日法律第二七号）　抄,0,第一条,LAW_REFERENCE,の規定中特許法第百八十四条,265,278
19,附　則　（昭和六二年五月二五日法律第二七号）　抄,0,第一条,LAW_REFERENCE,の四第一項から第四項までの改正規定、同法第百八十四条,278,304
19,附　則　（昭和六二年五月二五日法律第二七号）　抄,0,第一条,LAW_REFERENCE,の五第一項並びに第二項第一号及び第四号の改正規定、同法第百八十四条,304,337
19,附　則　（昭和六二年五月二五日法律第二七号）　抄,0,第一条,LAW_REFERENCE,の六第二項の改正規定、同法第百八十四条,337,356
19,附　則　（昭和六二年五月二五日法律第二七号）　抄,0,第一条,LAW_REFERENCE,の七第一項の改正規定、同法第百八十四条,356,375
19,附　則　（昭和六二年五月二五日法律第二七号）　抄,0,第一条,LAW_REFERENCE,の八の改正規定、同法第百八十四条,375,391
19,附　則　（昭和六二年五月二五日法律第二七号）　抄,0,第一条,LAW_REFERENCE,の九第一項の改正規定、同法第百八十四条,391,410
19,附　則　（昭和六二年五月二五日法律第二七号）　抄,0,第一条,LAW_REFERENCE,の十の二第一項及び第二項の改正規定、同法第百八十四条,410,436
19,附　則　（昭和六二年五月二五日法律第二七号）　抄,0,第一条,LAW_REFERENCE,の十一第一項の改正規定、同法第百八十四条,436,456
19,附　則　（昭和六二年五月二五日法律第二七号）　抄,0,第一条,LAW_REFERENCE,の十一の二の改正規定、同法第百八十四条,456,475
19,附　則　（昭和六二年五月二五日法律第二七号）　抄,0,第一条,LAW_REFERENCE,の十一の三第四項の改正規定、同法第百八十四条,475,497
19,附　則　（昭和六二年五月二五日法律第二七号）　抄,0,第一条,LAW_REFERENCE,の十二の改正規定、同法第百八十四条,497,514
19,附　則　（昭和六二年五月二五日法律第二七号）　抄,0,第一条,LAW_REFERENCE,の十三の改正規定並びに同法第百八十四条,514,533
19,附　則　（昭和六二年五月二五日法律第二七号）　抄,0,第一条,LAW_REFERENCE,の規定中実用新案法第四十八条,548,562
19,附　則　（昭和六二年五月二五日法律第二七号）　抄,0,第一条,LAW_REFERENCE,の四第一項から第四項までの改正規定、同法第四十八条,562,587
19,附　則　（昭和六二年五月二五日法律第二七号）　抄,0,第一条,LAW_REFERENCE,の五第一項並びに第二項第一号及び第四号の改正規定、同法第四十八条,587,619
19,附　則　（昭和六二年五月二五日法律第二七号）　抄,0,第一条,LAW_REFERENCE,の六第二項の改正規定、同法第四十八条,619,637
19,附　則　（昭和六二年五月二五日法律第二七号）　抄,0,第一条,LAW_REFERENCE,の七第一項及び第二項の改正規定、同法第四十八条,637,660
19,附　則　（昭和六二年五月二五日法律第二七号）　抄,0,第一条,LAW_REFERENCE,の八第一項の改正規定、同法第四十八条,660,678
19,附　則　（昭和六二年五月二五日法律第二七号）　抄,0,第一条,LAW_REFERENCE,の八の二第四項の改正規定、同法第四十八条,678,698
19,附　則　（昭和六二年五月二五日法律第二七号）　抄,0,第一条,LAW_REFERENCE,の九の改正規定、同法第四十八条,698,713
19,附　則　（昭和六二年五月二五日法律第二七号）　抄,0,第一条,LAW_REFERENCE,の十の改正規定並びに同法第四十八条,713,730
19,附　則　（昭和六二年五月二五日法律第二七号）　抄,0,第一条,LAW_REFERENCE,の規定中意匠法第十三条,747,758
19,附　則　（昭和六二年五月二五日法律第二七号）　抄,0,第一条,ARTICLE_REFERENCE,第一条,0,3
19,附　則　（昭和六二年五月二五日法律第二七号）　抄,0,第一条,ARTICLE_REFERENCE,第一条,11,14
19,附　則　（昭和六二年五月二五日法律第二七号）　抄,0,第一条,ARTICLE_REFERENCE,各号,44,46
19,附　則　（昭和六二年五月二五日法律第二七号）　抄,0,第一条,ARTICLE_REFERENCE,各号,56,58
19,附　則　（昭和六二年五月二五日法律第二七号）　抄,0,第一条,ARTICLE_REFERENCE,第一条,73,76
19,附　則　（昭和六二年五月二五日法律第二七号）　抄,0,第一条,ARTICLE_REFERENCE,第三条,77,80
19,附　則　（昭和六二年五月二五日法律第二七号）　抄,0,第一条,ARTICLE_REFERENCE,第五条,81,84
19,附　則　（昭和六二年五月二五日法律第二七号）　抄,0,第一条,ARTICLE_REFERENCE,第十五条,91,95
19,附　則　（昭和六二年五月二五日法律第二七号）　抄,0,第一条,ARTICLE_REFERENCE,第一項,95,98
19,附　則　（昭和六二年五月二五日法律第二七号）　抄,0,第一条,ARTICLE_REFERENCE,第四十二条,112,117
19,附　則　（昭和六二年五月二五日法律第二七号）　抄,0,第一条,ARTICLE_REFERENCE,第一項,117,120
19,附　則　（昭和六二年五月二五日法律第二七号）　抄,0,第一条,ARTICLE_REFERENCE,第二項,122,125
19,附　則　（昭和六二年五月二五日法律第二七号）　抄,0,第一条,ARTICLE_REFERENCE,第四十九条,133,138
19,附　則　（昭和六二年五月二五日法律第二七号）　抄,0,第一条,ARTICLE_REFERENCE,第六条,156,159
19,附　則　（昭和六二年五月二五日法律第二七号）　抄,0,第一条,ARTICLE_REFERENCE,第十三条,166,170
19,附　則　（昭和六二年五月二五日法律第二七号）　抄,0,第一条,ARTICLE_REFERENCE,第一項,170,173
19,附　則　（昭和六二年五月二五日法律第二七号）　抄,0,第一条,ARTICLE_REFERENCE,第四十条,187,191
19,附　則　（昭和六二年五月二五日法律第二七号）　抄,0,第一条,ARTICLE_REFERENCE,第一項,191,194
19,附　則　（昭和六二年五月二五日法律第二七号）　抄,0,第一条,ARTICLE_REFERENCE,第二項,196,199
19,附　則　（昭和六二年五月二五日法律第二七号）　抄,0,第一条,ARTICLE_REFERENCE,次条,219,221
19,附　則　（昭和六二年五月二五日法律第二七号）　抄,0,第一条,ARTICLE_REFERENCE,附則,222,224
19,附　則　（昭和六二年五月二五日法律第二七号）　抄,0,第一条,ARTICLE_REFERENCE,第四条,224,227
19,附　則　（昭和六二年五月二五日法律第二七号）　抄,0,第一条,ARTICLE_REFERENCE,第六条,228,231
19,附　則　（昭和六二年五月二五日法律第二七号）　抄,0,第一条,ARTICLE_REFERENCE,第七条,232,235
19,附　則　（昭和六二年五月二五日法律第二七号）　抄,0,第一条,ARTICLE_REFERENCE,第八条,236,239
19,附　則　（昭和六二年五月二五日法律第二七号）　抄,0,第一条,ARTICLE_REFERENCE,第十一条,241,245
19,附　則　（昭和六二年五月二五日法律第二七号）　抄,0,第一条,ARTICLE_REFERENCE,第二条,262,265
19,附　則　（昭和六二年五月二五日法律第二七号）　抄,0,第一条,ARTICLE_REFERENCE,第百八十四条の四,272,280
19,附　則　（昭和六二年五月二五日法律第二七号）　抄,0,第一条,ARTICLE_REFERENCE,第一項,280,283
19,附　則　（昭和六二年五月二五日法律第二七号）　抄,0,第一条,ARTICLE_REFERENCE,第四項,285,288
19,附　則　（昭和六二年五月二五日法律第二七号）　抄,0,第一条,ARTICLE_REFERENCE,第百八十四条の五,298,306
19,附　則　（昭和六二年五月二五日法律第二七号）　抄,0,第一条,ARTICLE_REFERENCE,第一項,306,309
19,附　則　（昭和六二年五月二五日法律第二七号）　抄,0,第一条,ARTICLE_REFERENCE,第二項,312,315
19,附　則　（昭和六二年五月二五日法律第二七号）　抄,0,第一条,ARTICLE_REFERENCE,第一号,315,318
19,附　則　（昭和六二年五月二五日法律第二七号）　抄,0,第一条,ARTICLE_REFERENCE,第四号,320,323
19,附　則　（昭和六二年五月二五日法律第二七号）　抄,0,第一条,ARTICLE_REFERENCE,第百八十四条の六,331,339
19,附　則　（昭和六二年五月二五日法律第二七号）　抄,0,第一条,ARTICLE_REFERENCE,第二項,339,342
19,附　則　（昭和六二年五月二五日法律第二七号）　抄,0,第一条,ARTICLE_REFERENCE,第百八十四条の七,350,358
19,附　則　（昭和六二年五月二五日法律第二七号）　抄,0,第一条,ARTICLE_REFERENCE,第一項,358,361
19,附　則　（昭和六二年五月二五日法律第二七号）　抄,0,第一条,ARTICLE_REFERENCE,第百八十四条の八,369,377
19,附　則　（昭和六二年五月二五日法律第二七号）　抄,0,第一条,ARTICLE_REFERENCE,第百八十四条の九,385,393
19,附　則　（昭和六二年五月二五日法律第二七号）　抄,0,第一条,ARTICLE_REFERENCE,第一項,393,396
19,附　則　（昭和六二年五月二五日法律第二七号）　抄,0,第一条,ARTICLE_REFERENCE,第百八十四条の十,404,412
19,附　則　（昭和六二年五月二五日法律第二七号）　抄,0,第一条,ARTICLE_REFERENCE,第一項,414,417
19,附　則　（昭和六二年五月二五日法律第二七号）　抄,0,第一条,ARTICLE_REFERENCE,第二項,419,422
19,附　則　（昭和六二年五月二五日法律第二七号）　抄,0,第一条,ARTICLE_REFERENCE,第百八十四条の十一,430,439
19,附　則　（昭和六二年五月二五日法律第二七号）　抄,0,第一条,ARTICLE_REFERENCE,第一項,439,442
19,附　則　（昭和六二年五月二五日法律第二七号）　抄,0,第一条,ARTICLE_REFERENCE,第百八十四条の十一,450,459
19,附　則　（昭和六二年五月二五日法律第二七号）　抄,0,第一条,ARTICLE_REFERENCE,第百八十四条の十一,469,478
19,附　則　（昭和六二年五月二五日法律第二七号）　抄,0,第一条,ARTICLE_REFERENCE,第四項,480,483
19,附　則　（昭和六二年五月二五日法律第二七号）　抄,0,第一条,ARTICLE_REFERENCE,第百八十四条の十二,491,500
19,附　則　（昭和六二年五月二五日法律第二七号）　抄,0,第一条,ARTICLE_REFERENCE,第百八十四条の十三,508,517
19,附　則　（昭和六二年五月二五日法律第二七号）　抄,0,第一条,ARTICLE_REFERENCE,第百八十四条の十六,527,536
19,附　則　（昭和六二年五月二五日法律第二七号）　抄,0,第一条,ARTICLE_REFERENCE,第五項,536,539
19,附　則　（昭和六二年五月二五日法律第二七号）　抄,0,第一条,ARTICLE_REFERENCE,第四条,545,548
19,附　則　（昭和六二年五月二五日法律第二七号）　抄,0,第一条,ARTICLE_REFERENCE,第四十八条の四,557,564
19,附　則　（昭和六二年五月二五日法律第二七号）　抄,0,第一条,ARTICLE_REFERENCE,第一項,564,567
19,附　則　（昭和六二年五月二五日法律第二七号）　抄,0,第一条,ARTICLE_REFERENCE,第四項,569,572
19,附　則　（昭和六二年五月二五日法律第二七号）　抄,0,第一条,ARTICLE_REFERENCE,第四十八条の五,582,589
19,附　則　（昭和六二年五月二五日法律第二七号）　抄,0,第一条,ARTICLE_REFERENCE,第一項,589,592
19,附　則　（昭和六二年五月二五日法律第二七号）　抄,0,第一条,ARTICLE_REFERENCE,第二項,595,598
19,附　則　（昭和六二年五月二五日法律第二七号）　抄,0,第一条,ARTICLE_REFERENCE,第一号,598,601
19,附　則　（昭和六二年五月二五日法律第二七号）　抄,0,第一条,ARTICLE_REFERENCE,第四号,603,606
19,附　則　（昭和六二年五月二五日法律第二七号）　抄,0,第一条,ARTICLE_REFERENCE,第四十八条の六,614,621
19,附　則　（昭和六二年五月二五日法律第二七号）　抄,0,第一条,ARTICLE_REFERENCE,第二項,621,624
19,附　則　（昭和六二年五月二五日法律第二七号）　抄,0,第一条,ARTICLE_REFERENCE,第四十八条の七,632,639
19,附　則　（昭和六二年五月二五日法律第二七号）　抄,0,第一条,ARTICLE_REFERENCE,第一項,639,642
19,附　則　（昭和六二年五月二五日法律第二七号）　抄,0,第一条,ARTICLE_REFERENCE,第二項,644,647
19,附　則　（昭和六二年五月二五日法律第二七号）　抄,0,第一条,ARTICLE_REFERENCE,第四十八条の八,655,662
19,附　則　（昭和六二年五月二五日法律第二七号）　抄,0,第一条,ARTICLE_REFERENCE,第一項,662,665
19,附　則　（昭和六二年五月二五日法律第二七号）　抄,0,第一条,ARTICLE_REFERENCE,第四十八条の八,673,680
19,附　則　（昭和六二年五月二五日法律第二七号）　抄,0,第一条,ARTICLE_REFERENCE,第四項,682,685
19,附　則　（昭和六二年五月二五日法律第二七号）　抄,0,第一条,ARTICLE_REFERENCE,第四十八条の九,693,700
19,附　則　（昭和六二年五月二五日法律第二七号）　抄,0,第一条,ARTICLE_REFERENCE,第四十八条の十,708,715
19,附　則　（昭和六二年五月二五日法律第二七号）　抄,0,第一条,ARTICLE_REFERENCE,第四十八条の十四,725,733
19,附　則　（昭和六二年五月二五日法律第二七号）　抄,0,第一条,ARTICLE_REFERENCE,第五項,733,736
19,附　則　（昭和六二年五月二五日法律第二七号）　抄,0,第一条,ARTICLE_REFERENCE,第五条,744,747
19,附　則　（昭和六二年五月二五日法律第二七号）　抄,0,第一条,ARTICLE_REFERENCE,第十三条の二,754,760
19,附　則　（昭和六二年五月二五日法律第二七号）　抄,0,第一条,ARTICLE_REFERENCE,第一項,760,763
19,附　則　（昭和六二年五月二五日法律第二七号）　抄,0,第一条,ARTICLE_REFERENCE,第二項,765,768
19,附　則　（昭和六二年五月二五日法律第二七号）　抄,0,第一条,ARTICLE_REFERENCE,第六十四条,803,808
19,附　則　（昭和六二年五月二五日法律第二七号）　抄,0,第一条,ARTICLE_REFERENCE,同条,820,822
19,附　則　（昭和六二年五月二五日法律第二七号）　抄,0,第一条,TIME_PERIOD,六十三年一月一日,23,31
19,附　則　（昭和六二年五月二五日法律第二七号）　抄,0,第一条,TIME_PERIOD,から,31,33
19,附　則　（昭和六二年五月二五日法律第二七号）　抄,0,第一条,TIME_PERIOD,から,63,65
19,附　則　（昭和六二年五月二五日法律第二七号）　抄,0,第一条,TIME_PERIOD,六十二年六月一日,251,259
19,附　則　（昭和六二年五月二五日法律第二七号）　抄,0,第一条,TIME_PERIOD,から,283,285
19,附　則　（昭和六二年五月二五日法律第二七号）　抄,0,第一条,TIME_PERIOD,まで,288,290
19,附　則　（昭和六二年五月二五日法律第二七号）　抄,0,第一条,TIME_PERIOD,から,567,569
19,附　則　（昭和六二年五月二五日法律第二七号）　抄,0,第一条,TIME_PERIOD,まで,572,574
19,附　則　（昭和六二年五月二五日法律第二七号）　抄,0,第一条,TIME_PERIOD,千九百七十年六月十九日,774,785
19,附　則　（昭和六二年五月二五日法律第二七号）　抄,0,第一条,PROCEDURE,意匠,88,90
19,附　則　（昭和六二年五月二五日法律第二七号）　抄,0,第一条,PROCEDURE,商標,163,165
19,附　則　（昭和六二年五月二五日法律第二七号）　抄,0,第一条,PROCEDURE,意匠,751,753
19,附　則　（昭和六二年五月二五日法律第二七号）　抄,0,第一条,LEGAL_STATUS,効力,835,837
19,附　則　（昭和六二年五月二五日法律第二七号）　抄,1,第二条,LAW_REFERENCE,の規定による特許法,8,17
19,附　則　（昭和六二年五月二五日法律第二七号）　抄,1,第二条,LAW_REFERENCE,ただし書第一号に定める日前に既に納付した特許料又は同日前に納付すべきであつた特許料であつて特許法第百九条,35,87
19,附　則　（昭和六二年五月二五日法律第二七号）　抄,1,第二条,LAW_REFERENCE,の規定による改正後の特許法第百七条,134,151
19,附　則　（昭和六二年五月二五日法律第二七号）　抄,1,第二条,LAW_REFERENCE,ただし書第一号に定める日前に設定の登録をした特許権に係る特許法第百二十三条,179,216
19,附　則　（昭和六二年五月二五日法律第二七号）　抄,1,第二条,LAW_REFERENCE,の規定による改正前の特許法第百二十四条,231,250
19,附　則　（昭和六二年五月二五日法律第二七号）　抄,1,第二条,ARTICLE_REFERENCE,第二条,0,3
19,附　則　（昭和六二年五月二五日法律第二七号）　抄,1,第二条,ARTICLE_REFERENCE,第一条,5,8
19,附　則　（昭和六二年五月二五日法律第二七号）　抄,1,第二条,ARTICLE_REFERENCE,第二条,29,32
19,附　則　（昭和六二年五月二五日法律第二七号）　抄,1,第二条,ARTICLE_REFERENCE,前条,33,35
19,附　則　（昭和六二年五月二五日法律第二七号）　抄,1,第二条,ARTICLE_REFERENCE,第一号,39,42
19,附　則　（昭和六二年五月二五日法律第二七号）　抄,1,第二条,ARTICLE_REFERENCE,第百九条,83,87
19,附　則　（昭和六二年五月二五日法律第二七号）　抄,1,第二条,ARTICLE_REFERENCE,第一条,131,134
19,附　則　（昭和六二年五月二五日法律第二七号）　抄,1,第二条,ARTICLE_REFERENCE,第百七条,147,151
19,附　則　（昭和六二年五月二五日法律第二七号）　抄,1,第二条,ARTICLE_REFERENCE,第一項,151,154
19,附　則　（昭和六二年五月二五日法律第二七号）　抄,1,第二条,ARTICLE_REFERENCE,前条,177,179
19,附　則　（昭和六二年五月二五日法律第二七号）　抄,1,第二条,ARTICLE_REFERENCE,第一号,183,186
19,附　則　（昭和六二年五月二五日法律第二七号）　抄,1,第二条,ARTICLE_REFERENCE,第百二十三条,210,216
19,附　則　（昭和六二年五月二五日法律第二七号）　抄,1,第二条,ARTICLE_REFERENCE,第一項,216,219
19,附　則　（昭和六二年五月二五日法律第二七号）　抄,1,第二条,ARTICLE_REFERENCE,第一条,228,231
19,附　則　（昭和六二年五月二五日法律第二七号）　抄,1,第二条,ARTICLE_REFERENCE,第百二十四条,244,250
19,附　則　（昭和六二年五月二五日法律第二七号）　抄,1,第二条,PROCEDURE,登録,196,198
19,附　則　（昭和六二年五月二五日法律第二七号）　抄,1,第二条,PROCEDURE,特許権,201,204
19,附　則　（昭和六二年五月二五日法律第二七号）　抄,1,第二条,PROCEDURE,審判,220,222
19,附　則　（昭和六二年五月二五日法律第二七号）　抄,1,第二条,LEGAL_STATUS,効力,265,267
19,附　則　（昭和六二年五月二五日法律第二七号）　抄,2,第三条,LAW_REFERENCE,の規定による特許法,8,17
19,附　則　（昭和六二年五月二五日法律第二七号）　抄,2,第三条,LAW_REFERENCE,の規定による改正後の特許法（以下「新特許法,36,57
19,附　則　（昭和六二年五月二五日法律第二七号）　抄,2,第三条,LAW_REFERENCE,第三項の規定は、この法律の施行後にした特許出願について適用し、この法律の施行前にした特許出願については、なお従前の例による。 ２ 新特許法第五十五条,154,228
19,附　則　（昭和六二年五月二五日法律第二七号）　抄,2,第三条,LAW_REFERENCE,（実用新案法第十三条,233,243
19,附　則　（昭和六二年五月二五日法律第二七号）　抄,2,第三条,LAW_REFERENCE,において準用する場合を含む。）の規定は、この法律の施行後に出願公告がされる特許出願又は実用新案登録出願について適用し、この法律の施行前に出願公告がされた特許出願又は実用新案登録出願については、なお従前の例による。 ３ この法律の施行前にした特許出願に係る特許料の納付についての特許法第百七条,243,388
19,附　則　（昭和六二年五月二五日法律第二七号）　抄,2,第三条,LAW_REFERENCE,第一項の規定の適用については、同項の表に掲げる特許料の金額は、次の表に掲げる金額とする。 各年の区分 金額 第一年から第三年まで 毎年千五百円に一発明（特許請求の範囲に記載された一発明をいう。以下この表において同じ。）につき千円を加えた額 第四年から第六年まで 毎年四千八百円に一発明につき二千九百円を加えた額 第七年から第九年まで 毎年一万四千三百円に一発明につき八千八百円を加えた額 第十年から第二十五年まで 毎年四万七千五百円に一発明につき二万九千六百円を加えた額 ４ この法律の施行前にした特許出願に係る手数料の納付についての特許法第百九十五条,388,664
19,附　則　（昭和六二年五月二五日法律第二七号）　抄,2,第三条,ARTICLE_REFERENCE,第三条,0,3
19,附　則　（昭和六二年五月二五日法律第二七号）　抄,2,第三条,ARTICLE_REFERENCE,第二条,5,8
19,附　則　（昭和六二年五月二五日法律第二七号）　抄,2,第三条,ARTICLE_REFERENCE,第三条,29,32
19,附　則　（昭和六二年五月二五日法律第二七号）　抄,2,第三条,ARTICLE_REFERENCE,第二条,33,36
19,附　則　（昭和六二年五月二五日法律第二七号）　抄,2,第三条,ARTICLE_REFERENCE,第三十六条,63,68
19,附　則　（昭和六二年五月二五日法律第二七号）　抄,2,第三条,ARTICLE_REFERENCE,第四項,68,71
19,附　則　（昭和六二年五月二五日法律第二七号）　抄,2,第三条,ARTICLE_REFERENCE,第五項,73,76
19,附　則　（昭和六二年五月二五日法律第二七号）　抄,2,第三条,ARTICLE_REFERENCE,第三十七条,77,82
19,附　則　（昭和六二年五月二五日法律第二七号）　抄,2,第三条,ARTICLE_REFERENCE,第四十九条,83,88
19,附　則　（昭和六二年五月二五日法律第二七号）　抄,2,第三条,ARTICLE_REFERENCE,第三号,88,91
19,附　則　（昭和六二年五月二五日法律第二七号）　抄,2,第三条,ARTICLE_REFERENCE,第五十五条,92,97
19,附　則　（昭和六二年五月二五日法律第二七号）　抄,2,第三条,ARTICLE_REFERENCE,第一項,97,100
19,附　則　（昭和六二年五月二五日法律第二七号）　抄,2,第三条,ARTICLE_REFERENCE,第百二十三条,105,111
19,附　則　（昭和六二年五月二五日法律第二七号）　抄,2,第三条,ARTICLE_REFERENCE,第一項,111,114
19,附　則　（昭和六二年五月二五日法律第二七号）　抄,2,第三条,ARTICLE_REFERENCE,各号,114,116
19,附　則　（昭和六二年五月二五日法律第二七号）　抄,2,第三条,ARTICLE_REFERENCE,第三号,125,128
19,附　則　（昭和六二年五月二五日法律第二七号）　抄,2,第三条,ARTICLE_REFERENCE,第百五十五条,129,135
19,附　則　（昭和六二年五月二五日法律第二七号）　抄,2,第三条,ARTICLE_REFERENCE,第三項,135,138
19,附　則　（昭和六二年五月二五日法律第二七号）　抄,2,第三条,ARTICLE_REFERENCE,第百八十五条,139,145
19,附　則　（昭和六二年五月二五日法律第二七号）　抄,2,第三条,ARTICLE_REFERENCE,第百九十五条,148,154
19,附　則　（昭和六二年五月二五日法律第二七号）　抄,2,第三条,ARTICLE_REFERENCE,第三項,154,157
19,附　則　（昭和六二年五月二五日法律第二七号）　抄,2,第三条,ARTICLE_REFERENCE,第五十五条,223,228
19,附　則　（昭和六二年五月二五日法律第二七号）　抄,2,第三条,ARTICLE_REFERENCE,第一項,228,231
19,附　則　（昭和六二年五月二五日法律第二七号）　抄,2,第三条,ARTICLE_REFERENCE,第十三条,239,243
19,附　則　（昭和六二年五月二五日法律第二七号）　抄,2,第三条,ARTICLE_REFERENCE,第百七条,384,388
19,附　則　（昭和六二年五月二五日法律第二七号）　抄,2,第三条,ARTICLE_REFERENCE,第一項,388,391
19,附　則　（昭和六二年五月二五日法律第二七号）　抄,2,第三条,ARTICLE_REFERENCE,同項,403,405
19,附　則　（昭和六二年五月二五日法律第二七号）　抄,2,第三条,ARTICLE_REFERENCE,第百九十五条,658,664
19,附　則　（昭和六二年五月二五日法律第二七号）　抄,2,第三条,ARTICLE_REFERENCE,第二項,664,667
19,附　則　（昭和六二年五月二五日法律第二七号）　抄,2,第三条,ARTICLE_REFERENCE,第六号,681,684
19,附　則　（昭和六二年五月二五日法律第二七号）　抄,2,第三条,ARTICLE_REFERENCE,第十一号,771,775
19,附　則　（昭和六二年五月二五日法律第二七号）　抄,2,第三条,TIME_PERIOD,一年,443,445
19,附　則　（昭和六二年五月二五日法律第二七号）　抄,2,第三条,TIME_PERIOD,から,445,447
19,附　則　（昭和六二年五月二五日法律第二七号）　抄,2,第三条,TIME_PERIOD,三年,448,450
19,附　則　（昭和六二年五月二五日法律第二七号）　抄,2,第三条,TIME_PERIOD,まで,450,452
19,附　則　（昭和六二年五月二五日法律第二七号）　抄,2,第三条,TIME_PERIOD,四年,509,511
19,附　則　（昭和六二年五月二五日法律第二七号）　抄,2,第三条,TIME_PERIOD,から,511,513
19,附　則　（昭和六二年五月二五日法律第二七号）　抄,2,第三条,TIME_PERIOD,六年,514,516
19,附　則　（昭和六二年五月二五日法律第二七号）　抄,2,第三条,TIME_PERIOD,まで,516,518
19,附　則　（昭和六二年五月二五日法律第二七号）　抄,2,第三条,TIME_PERIOD,七年,545,547
19,附　則　（昭和六二年五月二五日法律第二七号）　抄,2,第三条,TIME_PERIOD,から,547,549
19,附　則　（昭和六二年五月二五日法律第二七号）　抄,2,第三条,TIME_PERIOD,九年,550,552
19,附　則　（昭和六二年五月二五日法律第二七号）　抄,2,第三条,TIME_PERIOD,まで,552,554
19,附　則　（昭和六二年五月二五日法律第二七号）　抄,2,第三条,TIME_PERIOD,十年,583,585
19,附　則　（昭和六二年五月二五日法律第二七号）　抄,2,第三条,TIME_PERIOD,から,585,587
19,附　則　（昭和六二年五月二五日法律第二七号）　抄,2,第三条,TIME_PERIOD,二十五年,588,592
19,附　則　（昭和六二年五月二五日法律第二七号）　抄,2,第三条,TIME_PERIOD,まで,592,594
19,附　則　（昭和六二年五月二五日法律第二七号）　抄,2,第三条,MONEY_AMOUNT,千五百円,455,459
19,附　則　（昭和六二年五月二五日法律第二七号）　抄,2,第三条,MONEY_AMOUNT,千円,500,502
19,附　則　（昭和六二年五月二五日法律第二七号）　抄,2,第三条,MONEY_AMOUNT,四千八百円,521,526
19,附　則　（昭和六二年五月二五日法律第二七号）　抄,2,第三条,MONEY_AMOUNT,二千九百円,533,538
19,附　則　（昭和六二年五月二五日法律第二七号）　抄,2,第三条,MONEY_AMOUNT,一万四千三百円,557,564
19,附　則　（昭和六二年五月二五日法律第二七号）　抄,2,第三条,MONEY_AMOUNT,八千八百円,571,576
19,附　則　（昭和六二年五月二五日法律第二七号）　抄,2,第三条,MONEY_AMOUNT,四万七千五百円,597,604
19,附　則　（昭和六二年五月二五日法律第二七号）　抄,2,第三条,MONEY_AMOUNT,二万九千六百円,611,618
19,附　則　（昭和六二年五月二五日法律第二七号）　抄,2,第三条,MONEY_AMOUNT,手数料,644,647
19,附　則　（昭和六二年五月二五日法律第二七号）　抄,2,第三条,MONEY_AMOUNT,十六万八千六百円,686,694
19,附　則　（昭和六二年五月二五日法律第二七号）　抄,2,第三条,MONEY_AMOUNT,四千円,702,705
19,附　則　（昭和六二年五月二五日法律第二七号）　抄,2,第三条,MONEY_AMOUNT,十五万四千六百円,712,720
19,附　則　（昭和六二年五月二五日法律第二七号）　抄,2,第三条,MONEY_AMOUNT,一万八千円,761,766
19,附　則　（昭和六二年五月二五日法律第二七号）　抄,2,第三条,MONEY_AMOUNT,四万九千五百円,777,784
19,附　則　（昭和六二年五月二五日法律第二七号）　抄,2,第三条,MONEY_AMOUNT,五千五百円,792,797
19,附　則　（昭和六二年五月二五日法律第二七号）　抄,2,第三条,MONEY_AMOUNT,二万七千五百円,804,811
19,附　則　（昭和六二年五月二五日法律第二七号）　抄,2,第三条,MONEY_AMOUNT,二万七千五百円,818,825
19,附　則　（昭和六二年五月二五日法律第二七号）　抄,2,第三条,PROCEDURE,出願,175,177
19,附　則　（昭和六二年五月二五日法律第二七号）　抄,2,第三条,PROCEDURE,出願,198,200
19,附　則　（昭和六二年五月二五日法律第二七号）　抄,2,第三条,PROCEDURE,出願,272,274
19,附　則　（昭和六二年五月二五日法律第二七号）　抄,2,第三条,PROCEDURE,公告,274,276
19,附　則　（昭和六二年五月二五日法律第二七号）　抄,2,第三条,PROCEDURE,出願,282,284
19,附　則　（昭和六二年五月二五日法律第二七号）　抄,2,第三条,PROCEDURE,登録,290,292
19,附　則　（昭和六二年五月二五日法律第二七号）　抄,2,第三条,PROCEDURE,出願,292,294
19,附　則　（昭和六二年五月二五日法律第二七号）　抄,2,第三条,PROCEDURE,出願,311,313
19,附　則　（昭和六二年五月二五日法律第二七号）　抄,2,第三条,PROCEDURE,公告,313,315
19,附　則　（昭和六二年五月二五日法律第二七号）　抄,2,第三条,PROCEDURE,出願,321,323
19,附　則　（昭和六二年五月二五日法律第二七号）　抄,2,第三条,PROCEDURE,登録,329,331
19,附　則　（昭和六二年五月二五日法律第二七号）　抄,2,第三条,PROCEDURE,出願,331,333
19,附　則　（昭和六二年五月二五日法律第二七号）　抄,2,第三条,PROCEDURE,出願,365,367
19,附　則　（昭和六二年五月二五日法律第二七号）　抄,2,第三条,PROCEDURE,発明,461,463
19,附　則　（昭和六二年五月二五日法律第二七号）　抄,2,第三条,PROCEDURE,請求,466,468
19,附　則　（昭和六二年五月二五日法律第二七号）　抄,2,第三条,PROCEDURE,発明,478,480
19,附　則　（昭和六二年五月二五日法律第二七号）　抄,2,第三条,PROCEDURE,発明,528,530
19,附　則　（昭和六二年五月二五日法律第二七号）　抄,2,第三条,PROCEDURE,発明,566,568
19,附　則　（昭和六二年五月二五日法律第二七号）　抄,2,第三条,PROCEDURE,発明,606,608
19,附　則　（昭和六二年五月二五日法律第二七号）　抄,2,第三条,PROCEDURE,出願,639,641
19,附　則　（昭和六二年五月二五日法律第二七号）　抄,2,第三条,PROCEDURE,請求項,696,699
19,附　則　（昭和六二年五月二五日法律第二七号）　抄,2,第三条,PROCEDURE,発明,722,724
19,附　則　（昭和六二年五月二五日法律第二七号）　抄,2,第三条,PROCEDURE,請求,727,729
19,附　則　（昭和六二年五月二五日法律第二七号）　抄,2,第三条,PROCEDURE,発明,739,741
19,附　則　（昭和六二年五月二五日法律第二七号）　抄,2,第三条,PROCEDURE,請求項,786,789
19,附　則　（昭和六二年五月二五日法律第二七号）　抄,2,第三条,PROCEDURE,発明,813,815
19,附　則　（昭和六二年五月二五日法律第二七号）　抄,3,第九条,LAW_REFERENCE, 追加の特許権及び旧法第七十五条,23,39
19,附　則　（昭和六二年五月二五日法律第二七号）　抄,3,第九条,LAW_REFERENCE,第一項の規定により追加の特許権が独立の特許権になつたときの当該独立の特許権については、新特許法第六十七条,39,91
19,附　則　（昭和六二年五月二五日法律第二七号）　抄,3,第九条,LAW_REFERENCE,第三項の規定にかかわらず、特許権の存続期間の延長登録の出願をすることができない。 ２ 特許権の存続期間の延長登録の出願があつた場合において、その特許権に係る追加の特許権があるときは、その追加の特許権の存続期間は、原特許権とともに延長されたものとみなす。ただし、原特許権の存続期間の延長登録の出願について拒絶をすべき旨の査定が確定し、又はその存続期間を延長した旨の登録があつたときは、この限りでない。 ３ 特許権の存続期間を延長した旨の登録があつた場合において、その特許権に係る追加の特許権があるときは、原特許権の存続期間が延長された期間についてその追加の特許権の存続期間を延長した旨の登録をする。 ４ 特許権の存続期間の延長登録を無効にすべき旨の審決が確定した場合において、その特許権に追加の特許権があるときは、その追加の特許権の当該延長登録による存続期間の延長は、初めからされなかつたものとみなす。ただし、原特許権の存続期間の延長登録が新特許法第百二十五条,91,520
19,附　則　（昭和六二年五月二五日法律第二七号）　抄,3,第九条,ARTICLE_REFERENCE,第九条,0,3
19,附　則　（昭和六二年五月二五日法律第二七号）　抄,3,第九条,ARTICLE_REFERENCE,第九条,20,23
19,附　則　（昭和六二年五月二五日法律第二七号）　抄,3,第九条,ARTICLE_REFERENCE,第七十五条,34,39
19,附　則　（昭和六二年五月二五日法律第二七号）　抄,3,第九条,ARTICLE_REFERENCE,第一項,39,42
19,附　則　（昭和六二年五月二五日法律第二七号）　抄,3,第九条,ARTICLE_REFERENCE,第六十七条,86,91
19,附　則　（昭和六二年五月二五日法律第二七号）　抄,3,第九条,ARTICLE_REFERENCE,第三項,91,94
19,附　則　（昭和六二年五月二五日法律第二七号）　抄,3,第九条,ARTICLE_REFERENCE,第百二十五条の二,514,522
19,附　則　（昭和六二年五月二五日法律第二七号）　抄,3,第九条,ARTICLE_REFERENCE,第一項,522,525
19,附　則　（昭和六二年五月二五日法律第二七号）　抄,3,第九条,ARTICLE_REFERENCE,第三号,525,528
19,附　則　（昭和六二年五月二五日法律第二七号）　抄,3,第九条,TIME_PERIOD,から,476,478
19,附　則　（昭和六二年五月二五日法律第二七号）　抄,3,第九条,PROCEDURE,特許権,8,11
19,附　則　（昭和六二年五月二五日法律第二七号）　抄,3,第九条,PROCEDURE,特許権,27,30
19,附　則　（昭和六二年五月二五日法律第二七号）　抄,3,第九条,PROCEDURE,特許権,51,54
19,附　則　（昭和六二年五月二五日法律第二七号）　抄,3,第九条,PROCEDURE,特許権,58,61
19,附　則　（昭和六二年五月二五日法律第二七号）　抄,3,第九条,PROCEDURE,特許権,73,76
19,附　則　（昭和六二年五月二五日法律第二七号）　抄,3,第九条,PROCEDURE,特許権,104,107
19,附　則　（昭和六二年五月二五日法律第二七号）　抄,3,第九条,PROCEDURE,登録,115,117
19,附　則　（昭和六二年五月二五日法律第二七号）　抄,3,第九条,PROCEDURE,出願,118,120
19,附　則　（昭和六二年五月二五日法律第二七号）　抄,3,第九条,PROCEDURE,特許権,134,137
19,附　則　（昭和六二年五月二五日法律第二七号）　抄,3,第九条,PROCEDURE,登録,145,147
19,附　則　（昭和六二年五月二五日法律第二七号）　抄,3,第九条,PROCEDURE,出願,148,150
19,附　則　（昭和六二年五月二五日法律第二七号）　抄,3,第九条,PROCEDURE,特許権,163,166
19,附　則　（昭和六二年五月二五日法律第二七号）　抄,3,第九条,PROCEDURE,特許権,172,175
19,附　則　（昭和六二年五月二五日法律第二七号）　抄,3,第九条,PROCEDURE,特許権,187,190
19,附　則　（昭和六二年五月二五日法律第二七号）　抄,3,第九条,PROCEDURE,特許権,198,201
19,附　則　（昭和六二年五月二五日法律第二七号）　抄,3,第九条,PROCEDURE,特許権,222,225
19,附　則　（昭和六二年五月二五日法律第二七号）　抄,3,第九条,PROCEDURE,登録,233,235
19,附　則　（昭和六二年五月二五日法律第二七号）　抄,3,第九条,PROCEDURE,出願,236,238
19,附　則　（昭和六二年五月二五日法律第二七号）　抄,3,第九条,PROCEDURE,登録,272,274
19,附　則　（昭和六二年五月二五日法律第二七号）　抄,3,第九条,PROCEDURE,特許権,293,296
19,附　則　（昭和六二年五月二五日法律第二七号）　抄,3,第九条,PROCEDURE,登録,308,310
19,附　則　（昭和六二年五月二五日法律第二七号）　抄,3,第九条,PROCEDURE,特許権,323,326
19,附　則　（昭和六二年五月二五日法律第二七号）　抄,3,第九条,PROCEDURE,特許権,332,335
19,附　則　（昭和六二年五月二五日法律第二七号）　抄,3,第九条,PROCEDURE,特許権,343,346
19,附　則　（昭和六二年五月二五日法律第二七号）　抄,3,第九条,PROCEDURE,特許権,368,371
19,附　則　（昭和六二年五月二五日法律第二七号）　抄,3,第九条,PROCEDURE,登録,383,385
19,附　則　（昭和六二年五月二五日法律第二七号）　抄,3,第九条,PROCEDURE,特許権,392,395
19,附　則　（昭和六二年五月二五日法律第二七号）　抄,3,第九条,PROCEDURE,登録,403,405
19,附　則　（昭和六二年五月二五日法律第二七号）　抄,3,第九条,PROCEDURE,特許権,430,433
19,附　則　（昭和六二年五月二五日法律第二七号）　抄,3,第九条,PROCEDURE,特許権,437,440
19,附　則　（昭和六二年五月二五日法律第二七号）　抄,3,第九条,PROCEDURE,特許権,452,455
19,附　則　（昭和六二年五月二五日法律第二七号）　抄,3,第九条,PROCEDURE,登録,460,462
19,附　則　（昭和六二年五月二五日法律第二七号）　抄,3,第九条,PROCEDURE,特許権,496,499
19,附　則　（昭和六二年五月二五日法律第二七号）　抄,3,第九条,PROCEDURE,登録,507,509
19,附　則　（昭和六二年五月二五日法律第二七号）　抄,3,第九条,PROCEDURE,発明,544,546
19,附　則　（昭和六二年五月二五日法律第二七号）　抄,3,第九条,PROCEDURE,登録,572,574
19,附　則　（昭和六二年五月二五日法律第二七号）　抄,3,第九条,PROCEDURE,特許権,611,614
19,附　則　（昭和六二年五月二五日法律第二七号）　抄,3,第九条,LEGAL_STATUS,拒絶,242,244
19,附　則　（昭和六二年五月二五日法律第二七号）　抄,3,第九条,LEGAL_STATUS,無効,406,408
19,附　則　（昭和六二年五月二五日法律第二七号）　抄,3,第九条,LEGAL_STATUS,無効,575,577
19,附　則　（昭和六二年五月二五日法律第二七号）　抄,4,第十一条,LAW_REFERENCE,政令,6,8
19,附　則　（昭和六二年五月二五日法律第二七号）　抄,4,第十一条,LAW_REFERENCE,に定めるもののほか、この法,36,49
19,附　則　（昭和六二年五月二五日法律第二七号）　抄,4,第十一条,LAW_REFERENCE,政令,65,67
19,附　則　（昭和六二年五月二五日法律第二七号）　抄,4,第十一条,ARTICLE_REFERENCE,第十一条,0,4
19,附　則　（昭和六二年五月二五日法律第二七号）　抄,4,第十一条,ARTICLE_REFERENCE,第十一条,14,18
19,附　則　（昭和六二年五月二五日法律第二七号）　抄,4,第十一条,ARTICLE_REFERENCE,附則,19,21
19,附　則　（昭和六二年五月二五日法律第二七号）　抄,4,第十一条,ARTICLE_REFERENCE,第二条,21,24
19,附　則　（昭和六二年五月二五日法律第二七号）　抄,4,第十一条,ARTICLE_REFERENCE,第六条,26,29
19,附　則　（昭和六二年五月二五日法律第二七号）　抄,4,第十一条,ARTICLE_REFERENCE,第八条,33,36
19,附　則　（昭和六二年五月二五日法律第二七号）　抄,4,第十一条,TIME_PERIOD,から,24,26
19,附　則　（昭和六二年五月二五日法律第二七号）　抄,4,第十一条,TIME_PERIOD,まで,29,31
20,附　則　（昭和六三年一二月一三日法律第九一号）　抄,0,第一条,LAW_REFERENCE, この法,14,18
20,附　則　（昭和六三年一二月一三日法律第九一号）　抄,0,第一条,LAW_REFERENCE,政令,45,47
20,附　則　（昭和六三年一二月一三日法律第九一号）　抄,0,第一条,ARTICLE_REFERENCE,第一条,0,3
20,附　則　（昭和六三年一二月一三日法律第九一号）　抄,0,第一条,ARTICLE_REFERENCE,第一条,11,14
20,附　則　（昭和六三年一二月一三日法律第九一号）　抄,0,第一条,TIME_PERIOD,から,25,27
20,附　則　（昭和六三年一二月一三日法律第九一号）　抄,0,第一条,TIME_PERIOD,六月,31,33
20,附　則　（昭和六三年一二月一三日法律第九一号）　抄,0,第一条,TIME_PERIOD,から,52,54
21,附　則　（平成二年六月一三日法律第三〇号）　抄,0,第一条,LAW_REFERENCE, この法,14,18
21,附　則　（平成二年六月一三日法律第三〇号）　抄,0,第一条,LAW_REFERENCE,政令,45,47
21,附　則　（平成二年六月一三日法律第三〇号）　抄,0,第一条,LAW_REFERENCE,中印紙をもつてする歳入金納付に関する法律（昭和二十三年法,273,301
21,附　則　（平成二年六月一三日法律第三〇号）　抄,0,第一条,LAW_REFERENCE,政令,346,348
21,附　則　（平成二年六月一三日法律第三〇号）　抄,0,第一条,ARTICLE_REFERENCE,第一条,0,3
21,附　則　（平成二年六月一三日法律第三〇号）　抄,0,第一条,ARTICLE_REFERENCE,第一条,11,14
21,附　則　（平成二年六月一三日法律第三〇号）　抄,0,第一条,ARTICLE_REFERENCE,第九条,63,66
21,附　則　（平成二年六月一三日法律第三〇号）　抄,0,第一条,ARTICLE_REFERENCE,第十四条,67,71
21,附　則　（平成二年六月一三日法律第三〇号）　抄,0,第一条,ARTICLE_REFERENCE,第十五条,72,76
21,附　則　（平成二年六月一三日法律第三〇号）　抄,0,第一条,ARTICLE_REFERENCE,第二項,76,79
21,附　則　（平成二年六月一三日法律第三〇号）　抄,0,第一条,ARTICLE_REFERENCE,第十六条,80,84
21,附　則　（平成二年六月一三日法律第三〇号）　抄,0,第一条,ARTICLE_REFERENCE,第十五条,85,89
21,附　則　（平成二年六月一三日法律第三〇号）　抄,0,第一条,ARTICLE_REFERENCE,第一項,89,92
21,附　則　（平成二年六月一三日法律第三〇号）　抄,0,第一条,ARTICLE_REFERENCE,第三項,94,97
21,附　則　（平成二年六月一三日法律第三〇号）　抄,0,第一条,ARTICLE_REFERENCE,第十七条,111,115
21,附　則　（平成二年六月一三日法律第三〇号）　抄,0,第一条,ARTICLE_REFERENCE,第十九条,117,121
21,附　則　（平成二年六月一三日法律第三〇号）　抄,0,第一条,ARTICLE_REFERENCE,第二十一条,124,129
21,附　則　（平成二年六月一三日法律第三〇号）　抄,0,第一条,ARTICLE_REFERENCE,第二十二条,130,135
21,附　則　（平成二年六月一三日法律第三〇号）　抄,0,第一条,ARTICLE_REFERENCE,第二十四条,136,141
21,附　則　（平成二年六月一三日法律第三〇号）　抄,0,第一条,ARTICLE_REFERENCE,第二十九条,143,148
21,附　則　（平成二年六月一三日法律第三〇号）　抄,0,第一条,ARTICLE_REFERENCE,第三十条,151,155
21,附　則　（平成二年六月一三日法律第三〇号）　抄,0,第一条,ARTICLE_REFERENCE,第三号,156,159
21,附　則　（平成二年六月一三日法律第三〇号）　抄,0,第一条,ARTICLE_REFERENCE,第三十二条,165,170
21,附　則　（平成二年六月一三日法律第三〇号）　抄,0,第一条,ARTICLE_REFERENCE,第三十四条,171,176
21,附　則　（平成二年六月一三日法律第三〇号）　抄,0,第一条,ARTICLE_REFERENCE,第三十六条,177,182
21,附　則　（平成二年六月一三日法律第三〇号）　抄,0,第一条,ARTICLE_REFERENCE,第三十七条,183,188
21,附　則　（平成二年六月一三日法律第三〇号）　抄,0,第一条,ARTICLE_REFERENCE,第三十九条,189,194
21,附　則　（平成二年六月一三日法律第三〇号）　抄,0,第一条,ARTICLE_REFERENCE,第二十三条,195,200
21,附　則　（平成二年六月一三日法律第三〇号）　抄,0,第一条,ARTICLE_REFERENCE,第三十条,201,205
21,附　則　（平成二年六月一三日法律第三〇号）　抄,0,第一条,ARTICLE_REFERENCE,第三号,205,208
21,附　則　（平成二年六月一三日法律第三〇号）　抄,0,第一条,ARTICLE_REFERENCE,第三十一条,209,214
21,附　則　（平成二年六月一三日法律第三〇号）　抄,0,第一条,ARTICLE_REFERENCE,第三十五条,216,221
21,附　則　（平成二年六月一三日法律第三〇号）　抄,0,第一条,ARTICLE_REFERENCE,第四十一条,235,240
21,附　則　（平成二年六月一三日法律第三〇号）　抄,0,第一条,ARTICLE_REFERENCE,第四十二条,241,246
21,附　則　（平成二年六月一三日法律第三〇号）　抄,0,第一条,ARTICLE_REFERENCE,第四十四条,247,252
21,附　則　（平成二年六月一三日法律第三〇号）　抄,0,第一条,ARTICLE_REFERENCE,第二号,252,255
21,附　則　（平成二年六月一三日法律第三〇号）　抄,0,第一条,ARTICLE_REFERENCE,附則,257,259
21,附　則　（平成二年六月一三日法律第三〇号）　抄,0,第一条,ARTICLE_REFERENCE,第九条,259,262
21,附　則　（平成二年六月一三日法律第三〇号）　抄,0,第一条,ARTICLE_REFERENCE,附則,268,270
21,附　則　（平成二年六月一三日法律第三〇号）　抄,0,第一条,ARTICLE_REFERENCE,第三条,270,273
21,附　則　（平成二年六月一三日法律第三〇号）　抄,0,第一条,ARTICLE_REFERENCE,第百四十二号,302,308
21,附　則　（平成二年六月一三日法律第三〇号）　抄,0,第一条,ARTICLE_REFERENCE,第二条,309,312
21,附　則　（平成二年六月一三日法律第三〇号）　抄,0,第一条,ARTICLE_REFERENCE,第二項,312,315
21,附　則　（平成二年六月一三日法律第三〇号）　抄,0,第一条,TIME_PERIOD,から,25,27
21,附　則　（平成二年六月一三日法律第三〇号）　抄,0,第一条,TIME_PERIOD,一年,31,33
21,附　則　（平成二年六月一三日法律第三〇号）　抄,0,第一条,TIME_PERIOD,から,52,54
21,附　則　（平成二年六月一三日法律第三〇号）　抄,0,第一条,TIME_PERIOD,から,115,117
21,附　則　（平成二年六月一三日法律第三〇号）　抄,0,第一条,TIME_PERIOD,まで,121,123
21,附　則　（平成二年六月一三日法律第三〇号）　抄,0,第一条,TIME_PERIOD,から,141,143
21,附　則　（平成二年六月一三日法律第三〇号）　抄,0,第一条,TIME_PERIOD,まで,148,150
21,附　則　（平成二年六月一三日法律第三〇号）　抄,0,第一条,TIME_PERIOD,二十三年,296,300
21,附　則　（平成二年六月一三日法律第三〇号）　抄,0,第一条,TIME_PERIOD,から,326,328
21,附　則　（平成二年六月一三日法律第三〇号）　抄,0,第一条,TIME_PERIOD,六月,332,334
21,附　則　（平成二年六月一三日法律第三〇号）　抄,0,第一条,TIME_PERIOD,から,353,355
21,附　則　（平成二年六月一三日法律第三〇号）　抄,1,第九条,LAW_REFERENCE,政令,5,7
21,附　則　（平成二年六月一三日法律第三〇号）　抄,1,第九条,LAW_REFERENCE, この法律の施行の日前において電子情報処理組織を整備する場合の手続その他この法,16,55
21,附　則　（平成二年六月一三日法律第三〇号）　抄,1,第九条,LAW_REFERENCE,政令,71,73
21,附　則　（平成二年六月一三日法律第三〇号）　抄,1,第九条,ARTICLE_REFERENCE,第九条,0,3
21,附　則　（平成二年六月一三日法律第三〇号）　抄,1,第九条,ARTICLE_REFERENCE,第九条,13,16
22,附　則　（平成五年四月二三日法律第二六号）　抄,0,第一条,LAW_REFERENCE, この法,14,18
22,附　則　（平成五年四月二三日法律第二六号）　抄,0,第一条,LAW_REFERENCE,政令,45,47
22,附　則　（平成五年四月二三日法律第二六号）　抄,0,第一条,LAW_REFERENCE,の規定中特許法第百七条,66,77
22,附　則　（平成五年四月二三日法律第二六号）　抄,0,第一条,LAW_REFERENCE,第一項の表の改正規定及び同法,77,91
22,附　則　（平成五年四月二三日法律第二六号）　抄,0,第一条,LAW_REFERENCE,の規定中意匠法第四十二条,182,194
22,附　則　（平成五年四月二三日法律第二六号）　抄,0,第一条,LAW_REFERENCE,第一項及び第二項の改正規定並びに同法,194,212
22,附　則　（平成五年四月二三日法律第二六号）　抄,0,第一条,LAW_REFERENCE,の規定中商標法第四十条,223,234
22,附　則　（平成五年四月二三日法律第二六号）　抄,0,第一条,LAW_REFERENCE,第一項及び第二項の改正規定並びに同法,234,252
22,附　則　（平成五年四月二三日法律第二六号）　抄,0,第一条,ARTICLE_REFERENCE,第一条,0,3
22,附　則　（平成五年四月二三日法律第二六号）　抄,0,第一条,ARTICLE_REFERENCE,第一条,11,14
22,附　則　（平成五年四月二三日法律第二六号）　抄,0,第一条,ARTICLE_REFERENCE,第一条,63,66
22,附　則　（平成五年四月二三日法律第二六号）　抄,0,第一条,ARTICLE_REFERENCE,第百七条,73,77
22,附　則　（平成五年四月二三日法律第二六号）　抄,0,第一条,ARTICLE_REFERENCE,第一項,77,80
22,附　則　（平成五年四月二三日法律第二六号）　抄,0,第一条,ARTICLE_REFERENCE,第六号,101,104
22,附　則　（平成五年四月二三日法律第二六号）　抄,0,第一条,ARTICLE_REFERENCE,第十二号,135,139
22,附　則　（平成五年四月二三日法律第二六号）　抄,0,第一条,ARTICLE_REFERENCE,第十三号,142,146
22,附　則　（平成五年四月二三日法律第二六号）　抄,0,第一条,ARTICLE_REFERENCE,第十一号,151,155
22,附　則　（平成五年四月二三日法律第二六号）　抄,0,第一条,ARTICLE_REFERENCE,第二条,172,175
22,附　則　（平成五年四月二三日法律第二六号）　抄,0,第一条,ARTICLE_REFERENCE,第四条,179,182
22,附　則　（平成五年四月二三日法律第二六号）　抄,0,第一条,ARTICLE_REFERENCE,第四十二条,189,194
22,附　則　（平成五年四月二三日法律第二六号）　抄,0,第一条,ARTICLE_REFERENCE,第一項,194,197
22,附　則　（平成五年四月二三日法律第二六号）　抄,0,第一条,ARTICLE_REFERENCE,第二項,199,202
22,附　則　（平成五年四月二三日法律第二六号）　抄,0,第一条,ARTICLE_REFERENCE,第五条,220,223
22,附　則　（平成五年四月二三日法律第二六号）　抄,0,第一条,ARTICLE_REFERENCE,第四十条,230,234
22,附　則　（平成五年四月二三日法律第二六号）　抄,0,第一条,ARTICLE_REFERENCE,第一項,234,237
22,附　則　（平成五年四月二三日法律第二六号）　抄,0,第一条,ARTICLE_REFERENCE,第二項,239,242
22,附　則　（平成五年四月二三日法律第二六号）　抄,0,第一条,ARTICLE_REFERENCE,次条,260,262
22,附　則　（平成五年四月二三日法律第二六号）　抄,0,第一条,ARTICLE_REFERENCE,第三項,262,265
22,附　則　（平成五年四月二三日法律第二六号）　抄,0,第一条,ARTICLE_REFERENCE,附則,268,270
22,附　則　（平成五年四月二三日法律第二六号）　抄,0,第一条,ARTICLE_REFERENCE,第三条,270,273
22,附　則　（平成五年四月二三日法律第二六号）　抄,0,第一条,ARTICLE_REFERENCE,第六条,274,277
22,附　則　（平成五年四月二三日法律第二六号）　抄,0,第一条,ARTICLE_REFERENCE,第十条,279,282
22,附　則　（平成五年四月二三日法律第二六号）　抄,0,第一条,ARTICLE_REFERENCE,第十七条,286,290
22,附　則　（平成五年四月二三日法律第二六号）　抄,0,第一条,TIME_PERIOD,から,25,27
22,附　則　（平成五年四月二三日法律第二六号）　抄,0,第一条,TIME_PERIOD,一年,31,33
22,附　則　（平成五年四月二三日法律第二六号）　抄,0,第一条,TIME_PERIOD,から,52,54
22,附　則　（平成五年四月二三日法律第二六号）　抄,0,第一条,TIME_PERIOD,から,277,279
22,附　則　（平成五年四月二三日法律第二六号）　抄,0,第一条,TIME_PERIOD,まで,282,284
22,附　則　（平成五年四月二三日法律第二六号）　抄,0,第一条,TIME_PERIOD,五年七月一日,297,303
22,附　則　（平成五年四月二三日法律第二六号）　抄,0,第一条,TIME_PERIOD,から,303,305
22,附　則　（平成五年四月二三日法律第二六号）　抄,0,第一条,PROCEDURE,請求,107,109
22,附　則　（平成五年四月二三日法律第二六号）　抄,0,第一条,PROCEDURE,公告,109,111
22,附　則　（平成五年四月二三日法律第二六号）　抄,0,第一条,PROCEDURE,意匠,186,188
22,附　則　（平成五年四月二三日法律第二六号）　抄,0,第一条,PROCEDURE,商標,227,229
22,附　則　（平成五年四月二三日法律第二六号）　抄,1,第二条,LAW_REFERENCE,"
（特許法",3,8
22,附　則　（平成五年四月二三日法律第二六号）　抄,1,第二条,LAW_REFERENCE, この法,23,27
22,附　則　（平成五年四月二三日法律第二六号）　抄,1,第二条,LAW_REFERENCE,の規定による改正後の特許法（以下「新特許法,73,94
22,附　則　（平成五年四月二三日法律第二六号）　抄,1,第二条,LAW_REFERENCE,第一項及び第二項の規定により納付すべき手数料を除き、その特許出願又は審判若しくは再審について査定又は審決が確定するまでは、なお従前の例による。 ２ この法,106,183
22,附　則　（平成五年四月二三日法律第二六号）　抄,1,第二条,LAW_REFERENCE,の規定による改正前の特許法（以下「旧特許法,333,354
22,附　則　（平成五年四月二三日法律第二六号）　抄,1,第二条,LAW_REFERENCE,第一項の規定により既に納付した特許料又は同日前に同項の規定により納付すべきであった特許料であって旧特許法第百九条,364,420
22,附　則　（平成五年四月二三日法律第二六号）　抄,1,第二条,LAW_REFERENCE,の規定によりその納付が猶予されたもの（その猶予期間内に納付するものに限る。）については、新特許法第百七条,420,472
22,附　則　（平成五年四月二三日法律第二六号）　抄,1,第二条,LAW_REFERENCE,第一項の規定にかかわらず、なお従前の例による。 ４ 新特許法第百二十三条,472,508
22,附　則　（平成五年四月二三日法律第二六号）　抄,1,第二条,LAW_REFERENCE,の十五第一項の規定は、この法律の施行後にした特許出願に係る特許について適用し、この法律の施行前にした特許出願に係る特許については、なお従前の例による。 ５ 新特許法第百二十三条,522,610
22,附　則　（平成五年四月二三日法律第二六号）　抄,1,第二条,LAW_REFERENCE,第一項第七号の規定は、この法律の施行後に新特許法の規定による訂正をする特許について適用し、この法律の施行前に旧特許法の規定による訂正をした特許及びこの法律の施行後に旧特許法の規定による訂正をする特許については、なお従前の例による。 ６ この法律の施行前に請求された旧特許法第百二十三条,610,752
22,附　則　（平成五年四月二三日法律第二六号）　抄,1,第二条,LAW_REFERENCE,の十五第一項の審判が特許庁に係属している場合におけるこの法律の施行後に訂正をする特許についての新特許法第百二十六条,763,820
22,附　則　（平成五年四月二三日法律第二六号）　抄,1,第二条,LAW_REFERENCE,第一項の審判が特許庁に係属している場合を除き」とあるのは、「特許権者は」とする。 ７ この法律の施行前に請求された旧特許法第百二十六条,851,918
22,附　則　（平成五年四月二三日法律第二六号）　抄,1,第二条,LAW_REFERENCE,第一項の審判による明細書又は図面の訂正についての旧特許法第百二十九条,918,952
22,附　則　（平成五年四月二三日法律第二六号）　抄,1,第二条,LAW_REFERENCE,第一項の審判については、新特許法第百九十五条,952,974
22,附　則　（平成五年四月二三日法律第二六号）　抄,1,第二条,LAW_REFERENCE,第一項及び第二項の規定により納付すべき手数料を除き、なお従前の例による。 ８ この法律の施行前に請求された旧特許法の規定による審判の確定審決及びこの法律の施行後に請求される旧特許法の規定による審判（旧特許法第百二十一条,974,1083
22,附　則　（平成五年四月二三日法律第二六号）　抄,1,第二条,LAW_REFERENCE,第一項の審判に限る。）の確定審決に対する再審については、新特許法第百九十五条,1104,1142
22,附　則　（平成五年四月二三日法律第二六号）　抄,1,第二条,LAW_REFERENCE,第一項及び第二項の規定により納付すべき手数料を除き、なお従前の例による。 ９ この法律の施行前にした特許出願に係る旧特許法第百二十二条,1142,1209
22,附　則　（平成五年四月二三日法律第二六号）　抄,1,第二条,LAW_REFERENCE,第一項の審判及びこの法律の施行後に請求される旧特許法第百二十九条,1209,1241
22,附　則　（平成五年四月二三日法律第二六号）　抄,1,第二条,LAW_REFERENCE,第一項の審判並びにこれらの確定審決に対する再審並びにこの法律の施行前に請求された同項の審判の確定審決に対する再審（以下この項において「審判・再審」という。）に係る手数料の納付については、審判・再審を新特許法別表第十号に規定する審判又は再審とみなして、新特許法第百九十五条,1241,1376
22,附　則　（平成五年四月二三日法律第二六号）　抄,1,第二条,LAW_REFERENCE,第二項の規定を適用する。この場合において、その審判・再審が特許法等の一部を改正する法律（昭和六十二年法律第二十七号。以下「昭和六十二年法」という。）の施行前にした特許出願に係るものであるときは、同号中「四万九千五百円に一請求項につき五千五百円」とあるのは、「二万七千五百円に一発明につき二万七千五百円」とする。 １０ この法律の施行前に請求された旧特許法第百二十六条,1376,1559
22,附　則　（平成五年四月二三日法律第二六号）　抄,1,第二条,LAW_REFERENCE,第一項の審判及びその確定審決に対する再審において、旧特許法第百六十五条,1559,1594
22,附　則　（平成五年四月二三日法律第二六号）　抄,1,第二条,LAW_REFERENCE,第一項（旧特許法第百七十四条,1594,1608
22,附　則　（平成五年四月二三日法律第二六号）　抄,1,第二条,LAW_REFERENCE,第四項において準用する場合を含む。）において準用する旧特許法第五十五条,1608,1643
22,附　則　（平成五年四月二三日法律第二六号）　抄,1,第二条,LAW_REFERENCE,第一項の申立て（以下この項において「請求公告異議申立て」という。）があった場合における手数料の納付については、請求公告異議申立てを新特許法別表第六号に規定する特許異議の申立てとみなして、新特許法第百九十五条,1643,1746
22,附　則　（平成五年四月二三日法律第二六号）　抄,1,第二条,ARTICLE_REFERENCE,第二条,0,3
22,附　則　（平成五年四月二三日法律第二六号）　抄,1,第二条,ARTICLE_REFERENCE,第二条,20,23
22,附　則　（平成五年四月二三日法律第二六号）　抄,1,第二条,ARTICLE_REFERENCE,第一条,70,73
22,附　則　（平成五年四月二三日法律第二六号）　抄,1,第二条,ARTICLE_REFERENCE,第百九十五条,100,106
22,附　則　（平成五年四月二三日法律第二六号）　抄,1,第二条,ARTICLE_REFERENCE,第一項,106,109
22,附　則　（平成五年四月二三日法律第二六号）　抄,1,第二条,ARTICLE_REFERENCE,第二項,111,114
22,附　則　（平成五年四月二三日法律第二六号）　抄,1,第二条,ARTICLE_REFERENCE,前条,316,318
22,附　則　（平成五年四月二三日法律第二六号）　抄,1,第二条,ARTICLE_REFERENCE,第一条,330,333
22,附　則　（平成五年四月二三日法律第二六号）　抄,1,第二条,ARTICLE_REFERENCE,第百七条,360,364
22,附　則　（平成五年四月二三日法律第二六号）　抄,1,第二条,ARTICLE_REFERENCE,第一項,364,367
22,附　則　（平成五年四月二三日法律第二六号）　抄,1,第二条,ARTICLE_REFERENCE,同項,388,390
22,附　則　（平成五年四月二三日法律第二六号）　抄,1,第二条,ARTICLE_REFERENCE,第百九条,416,420
22,附　則　（平成五年四月二三日法律第二六号）　抄,1,第二条,ARTICLE_REFERENCE,第百七条,468,472
22,附　則　（平成五年四月二三日法律第二六号）　抄,1,第二条,ARTICLE_REFERENCE,第一項,472,475
22,附　則　（平成五年四月二三日法律第二六号）　抄,1,第二条,ARTICLE_REFERENCE,第百二十三条,502,508
22,附　則　（平成五年四月二三日法律第二六号）　抄,1,第二条,ARTICLE_REFERENCE,第一項,508,511
22,附　則　（平成五年四月二三日法律第二六号）　抄,1,第二条,ARTICLE_REFERENCE,第一号,511,514
22,附　則　（平成五年四月二三日法律第二六号）　抄,1,第二条,ARTICLE_REFERENCE,第百八十四条の十五,516,525
22,附　則　（平成五年四月二三日法律第二六号）　抄,1,第二条,ARTICLE_REFERENCE,第一項,525,528
22,附　則　（平成五年四月二三日法律第二六号）　抄,1,第二条,ARTICLE_REFERENCE,第百二十三条,604,610
22,附　則　（平成五年四月二三日法律第二六号）　抄,1,第二条,ARTICLE_REFERENCE,第一項,610,613
22,附　則　（平成五年四月二三日法律第二六号）　抄,1,第二条,ARTICLE_REFERENCE,第七号,613,616
22,附　則　（平成五年四月二三日法律第二六号）　抄,1,第二条,ARTICLE_REFERENCE,第百二十三条,746,752
22,附　則　（平成五年四月二三日法律第二六号）　抄,1,第二条,ARTICLE_REFERENCE,第一項,752,755
22,附　則　（平成五年四月二三日法律第二六号）　抄,1,第二条,ARTICLE_REFERENCE,第百八十四条の十五,757,766
22,附　則　（平成五年四月二三日法律第二六号）　抄,1,第二条,ARTICLE_REFERENCE,第一項,766,769
22,附　則　（平成五年四月二三日法律第二六号）　抄,1,第二条,ARTICLE_REFERENCE,第百二十六条,814,820
22,附　則　（平成五年四月二三日法律第二六号）　抄,1,第二条,ARTICLE_REFERENCE,第一項,820,823
22,附　則　（平成五年四月二三日法律第二六号）　抄,1,第二条,ARTICLE_REFERENCE,同項,835,837
22,附　則　（平成五年四月二三日法律第二六号）　抄,1,第二条,ARTICLE_REFERENCE,第百二十三条,845,851
22,附　則　（平成五年四月二三日法律第二六号）　抄,1,第二条,ARTICLE_REFERENCE,第一項,851,854
22,附　則　（平成五年四月二三日法律第二六号）　抄,1,第二条,ARTICLE_REFERENCE,第百二十六条,912,918
22,附　則　（平成五年四月二三日法律第二六号）　抄,1,第二条,ARTICLE_REFERENCE,第一項,918,921
22,附　則　（平成五年四月二三日法律第二六号）　抄,1,第二条,ARTICLE_REFERENCE,第百二十九条,946,952
22,附　則　（平成五年四月二三日法律第二六号）　抄,1,第二条,ARTICLE_REFERENCE,第一項,952,955
22,附　則　（平成五年四月二三日法律第二六号）　抄,1,第二条,ARTICLE_REFERENCE,第百九十五条,968,974
22,附　則　（平成五年四月二三日法律第二六号）　抄,1,第二条,ARTICLE_REFERENCE,第一項,974,977
22,附　則　（平成五年四月二三日法律第二六号）　抄,1,第二条,ARTICLE_REFERENCE,第二項,979,982
22,附　則　（平成五年四月二三日法律第二六号）　抄,1,第二条,ARTICLE_REFERENCE,第百二十一条,1077,1083
22,附　則　（平成五年四月二三日法律第二六号）　抄,1,第二条,ARTICLE_REFERENCE,第一項,1083,1086
22,附　則　（平成五年四月二三日法律第二六号）　抄,1,第二条,ARTICLE_REFERENCE,第百二十二条,1087,1093
22,附　則　（平成五年四月二三日法律第二六号）　抄,1,第二条,ARTICLE_REFERENCE,第一項,1093,1096
22,附　則　（平成五年四月二三日法律第二六号）　抄,1,第二条,ARTICLE_REFERENCE,第百二十九条,1098,1104
22,附　則　（平成五年四月二三日法律第二六号）　抄,1,第二条,ARTICLE_REFERENCE,第一項,1104,1107
22,附　則　（平成五年四月二三日法律第二六号）　抄,1,第二条,ARTICLE_REFERENCE,第百九十五条,1136,1142
22,附　則　（平成五年四月二三日法律第二六号）　抄,1,第二条,ARTICLE_REFERENCE,第一項,1142,1145
22,附　則　（平成五年四月二三日法律第二六号）　抄,1,第二条,ARTICLE_REFERENCE,第二項,1147,1150
22,附　則　（平成五年四月二三日法律第二六号）　抄,1,第二条,ARTICLE_REFERENCE,第百二十二条,1203,1209
22,附　則　（平成五年四月二三日法律第二六号）　抄,1,第二条,ARTICLE_REFERENCE,第一項,1209,1212
22,附　則　（平成五年四月二三日法律第二六号）　抄,1,第二条,ARTICLE_REFERENCE,第百二十九条,1235,1241
22,附　則　（平成五年四月二三日法律第二六号）　抄,1,第二条,ARTICLE_REFERENCE,第一項,1241,1244
22,附　則　（平成五年四月二三日法律第二六号）　抄,1,第二条,ARTICLE_REFERENCE,同項,1281,1283
22,附　則　（平成五年四月二三日法律第二六号）　抄,1,第二条,ARTICLE_REFERENCE,第十号,1346,1349
22,附　則　（平成五年四月二三日法律第二六号）　抄,1,第二条,ARTICLE_REFERENCE,第百九十五条,1370,1376
22,附　則　（平成五年四月二三日法律第二六号）　抄,1,第二条,ARTICLE_REFERENCE,第二項,1376,1379
22,附　則　（平成五年四月二三日法律第二六号）　抄,1,第二条,ARTICLE_REFERENCE,第二十七号,1428,1433
22,附　則　（平成五年四月二三日法律第二六号）　抄,1,第二条,ARTICLE_REFERENCE,同号,1473,1475
22,附　則　（平成五年四月二三日法律第二六号）　抄,1,第二条,ARTICLE_REFERENCE,第百二十六条,1553,1559
22,附　則　（平成五年四月二三日法律第二六号）　抄,1,第二条,ARTICLE_REFERENCE,第一項,1559,1562
22,附　則　（平成五年四月二三日法律第二六号）　抄,1,第二条,ARTICLE_REFERENCE,第百六十五条,1588,1594
22,附　則　（平成五年四月二三日法律第二六号）　抄,1,第二条,ARTICLE_REFERENCE,第一項,1594,1597
22,附　則　（平成五年四月二三日法律第二六号）　抄,1,第二条,ARTICLE_REFERENCE,第百七十四条,1602,1608
22,附　則　（平成五年四月二三日法律第二六号）　抄,1,第二条,ARTICLE_REFERENCE,第四項,1608,1611
22,附　則　（平成五年四月二三日法律第二六号）　抄,1,第二条,ARTICLE_REFERENCE,第五十五条,1638,1643
22,附　則　（平成五年四月二三日法律第二六号）　抄,1,第二条,ARTICLE_REFERENCE,第一項,1643,1646
22,附　則　（平成五年四月二三日法律第二六号）　抄,1,第二条,ARTICLE_REFERENCE,第六号,1714,1717
22,附　則　（平成五年四月二三日法律第二六号）　抄,1,第二条,ARTICLE_REFERENCE,第百九十五条,1740,1746
22,附　則　（平成五年四月二三日法律第二六号）　抄,1,第二条,ARTICLE_REFERENCE,第二項,1746,1749
22,附　則　（平成五年四月二三日法律第二六号）　抄,1,第二条,TIME_PERIOD,まで,163,165
22,附　則　（平成五年四月二三日法律第二六号）　抄,1,第二条,TIME_PERIOD,六十二年,1422,1426
22,附　則　（平成五年四月二三日法律第二六号）　抄,1,第二条,TIME_PERIOD,六十二年,1439,1443
22,附　則　（平成五年四月二三日法律第二六号）　抄,1,第二条,MONEY_AMOUNT,手数料,125,128
22,附　則　（平成五年四月二三日法律第二六号）　抄,1,第二条,MONEY_AMOUNT,手数料,993,996
22,附　則　（平成五年四月二三日法律第二六号）　抄,1,第二条,MONEY_AMOUNT,手数料,1161,1164
22,附　則　（平成五年四月二三日法律第二六号）　抄,1,第二条,MONEY_AMOUNT,手数料,1322,1325
22,附　則　（平成五年四月二三日法律第二六号）　抄,1,第二条,MONEY_AMOUNT,四万九千五百円,1477,1484
22,附　則　（平成五年四月二三日法律第二六号）　抄,1,第二条,MONEY_AMOUNT,五千五百円,1492,1497
22,附　則　（平成五年四月二三日法律第二六号）　抄,1,第二条,MONEY_AMOUNT,二万七千五百円,1505,1512
22,附　則　（平成五年四月二三日法律第二六号）　抄,1,第二条,MONEY_AMOUNT,二万七千五百円,1519,1526
22,附　則　（平成五年四月二三日法律第二六号）　抄,1,第二条,MONEY_AMOUNT,手数料,1686,1689
22,附　則　（平成五年四月二三日法律第二六号）　抄,1,第二条,ORGANIZATION,特許庁,35,38
22,附　則　（平成五年四月二三日法律第二六号）　抄,1,第二条,ORGANIZATION,特許庁,773,776
22,附　則　（平成五年四月二三日法律第二六号）　抄,1,第二条,ORGANIZATION,特許庁,858,861
22,附　則　（平成五年四月二三日法律第二六号）　抄,1,第二条,PROCEDURE,出願,47,49
22,附　則　（平成五年四月二三日法律第二六号）　抄,1,第二条,PROCEDURE,審判,56,58
22,附　則　（平成五年四月二三日法律第二六号）　抄,1,第二条,PROCEDURE,再審,62,64
22,附　則　（平成五年四月二三日法律第二六号）　抄,1,第二条,PROCEDURE,出願,136,138
22,附　則　（平成五年四月二三日法律第二六号）　抄,1,第二条,PROCEDURE,審判,140,142
22,附　則　（平成五年四月二三日法律第二六号）　抄,1,第二条,PROCEDURE,再審,146,148
22,附　則　（平成五年四月二三日法律第二六号）　抄,1,第二条,PROCEDURE,出願,193,195
22,附　則　（平成五年四月二三日法律第二六号）　抄,1,第二条,PROCEDURE,明細書,203,206
22,附　則　（平成五年四月二三日法律第二六号）　抄,1,第二条,PROCEDURE,図面,208,210
22,附　則　（平成五年四月二三日法律第二六号）　抄,1,第二条,PROCEDURE,出願,214,216
22,附　則　（平成五年四月二三日法律第二六号）　抄,1,第二条,PROCEDURE,公告,216,218
22,附　則　（平成五年四月二三日法律第二六号）　抄,1,第二条,PROCEDURE,特許権,253,256
22,附　則　（平成五年四月二三日法律第二六号）　抄,1,第二条,PROCEDURE,登録,260,262
22,附　則　（平成五年四月二三日法律第二六号）　抄,1,第二条,PROCEDURE,出願,281,283
22,附　則　（平成五年四月二三日法律第二六号）　抄,1,第二条,PROCEDURE,出願,289,291
22,附　則　（平成五年四月二三日法律第二六号）　抄,1,第二条,PROCEDURE,特許権,294,297
22,附　則　（平成五年四月二三日法律第二六号）　抄,1,第二条,PROCEDURE,出願,546,548
22,附　則　（平成五年四月二三日法律第二六号）　抄,1,第二条,PROCEDURE,出願,574,576
22,附　則　（平成五年四月二三日法律第二六号）　抄,1,第二条,PROCEDURE,請求,737,739
22,附　則　（平成五年四月二三日法律第二六号）　抄,1,第二条,PROCEDURE,審判,770,772
22,附　則　（平成五年四月二三日法律第二六号）　抄,1,第二条,PROCEDURE,特許権,839,842
22,附　則　（平成五年四月二三日法律第二六号）　抄,1,第二条,PROCEDURE,審判,855,857
22,附　則　（平成五年四月二三日法律第二六号）　抄,1,第二条,PROCEDURE,特許権,881,884
22,附　則　（平成五年四月二三日法律第二六号）　抄,1,第二条,PROCEDURE,請求,903,905
22,附　則　（平成五年四月二三日法律第二六号）　抄,1,第二条,PROCEDURE,審判,922,924
22,附　則　（平成五年四月二三日法律第二六号）　抄,1,第二条,PROCEDURE,明細書,927,930
22,附　則　（平成五年四月二三日法律第二六号）　抄,1,第二条,PROCEDURE,図面,932,934
22,附　則　（平成五年四月二三日法律第二六号）　抄,1,第二条,PROCEDURE,審判,956,958
22,附　則　（平成五年四月二三日法律第二六号）　抄,1,第二条,PROCEDURE,請求,1022,1024
22,附　則　（平成五年四月二三日法律第二六号）　抄,1,第二条,PROCEDURE,審判,1037,1039
22,附　則　（平成五年四月二三日法律第二六号）　抄,1,第二条,PROCEDURE,請求,1055,1057
22,附　則　（平成五年四月二三日法律第二六号）　抄,1,第二条,PROCEDURE,審判,1070,1072
22,附　則　（平成五年四月二三日法律第二六号）　抄,1,第二条,PROCEDURE,審判,1108,1110
22,附　則　（平成五年四月二三日法律第二六号）　抄,1,第二条,PROCEDURE,再審,1124,1126
22,附　則　（平成五年四月二三日法律第二六号）　抄,1,第二条,PROCEDURE,出願,1194,1196
22,附　則　（平成五年四月二三日法律第二六号）　抄,1,第二条,PROCEDURE,審判,1213,1215
22,附　則　（平成五年四月二三日法律第二六号）　抄,1,第二条,PROCEDURE,請求,1226,1228
22,附　則　（平成五年四月二三日法律第二六号）　抄,1,第二条,PROCEDURE,審判,1245,1247
22,附　則　（平成五年四月二三日法律第二六号）　抄,1,第二条,PROCEDURE,再審,1262,1264
22,附　則　（平成五年四月二三日法律第二六号）　抄,1,第二条,PROCEDURE,請求,1276,1278
22,附　則　（平成五年四月二三日法律第二六号）　抄,1,第二条,PROCEDURE,審判,1284,1286
22,附　則　（平成五年四月二三日法律第二六号）　抄,1,第二条,PROCEDURE,再審,1295,1297
22,附　則　（平成五年四月二三日法律第二六号）　抄,1,第二条,PROCEDURE,審判,1308,1310
22,附　則　（平成五年四月二三日法律第二六号）　抄,1,第二条,PROCEDURE,再審,1311,1313
22,附　則　（平成五年四月二三日法律第二六号）　抄,1,第二条,PROCEDURE,審判,1334,1336
22,附　則　（平成五年四月二三日法律第二六号）　抄,1,第二条,PROCEDURE,再審,1337,1339
22,附　則　（平成五年四月二三日法律第二六号）　抄,1,第二条,PROCEDURE,審判,1354,1356
22,附　則　（平成五年四月二三日法律第二六号）　抄,1,第二条,PROCEDURE,再審,1358,1360
22,附　則　（平成五年四月二三日法律第二六号）　抄,1,第二条,PROCEDURE,審判,1399,1401
22,附　則　（平成五年四月二三日法律第二六号）　抄,1,第二条,PROCEDURE,再審,1402,1404
22,附　則　（平成五年四月二三日法律第二六号）　抄,1,第二条,PROCEDURE,出願,1459,1461
22,附　則　（平成五年四月二三日法律第二六号）　抄,1,第二条,PROCEDURE,請求項,1486,1489
22,附　則　（平成五年四月二三日法律第二六号）　抄,1,第二条,PROCEDURE,発明,1514,1516
22,附　則　（平成五年四月二三日法律第二六号）　抄,1,第二条,PROCEDURE,請求,1544,1546
22,附　則　（平成五年四月二三日法律第二六号）　抄,1,第二条,PROCEDURE,審判,1563,1565
22,附　則　（平成五年四月二三日法律第二六号）　抄,1,第二条,PROCEDURE,再審,1577,1579
22,附　則　（平成五年四月二三日法律第二六号）　抄,1,第二条,PROCEDURE,請求,1661,1663
22,附　則　（平成五年四月二三日法律第二六号）　抄,1,第二条,PROCEDURE,公告,1663,1665
22,附　則　（平成五年四月二三日法律第二六号）　抄,1,第二条,PROCEDURE,異議申立て,1665,1670
22,附　則　（平成五年四月二三日法律第二六号）　抄,1,第二条,PROCEDURE,請求,1698,1700
22,附　則　（平成五年四月二三日法律第二六号）　抄,1,第二条,PROCEDURE,公告,1700,1702
22,附　則　（平成五年四月二三日法律第二六号）　抄,1,第二条,PROCEDURE,異議申立て,1702,1707
22,附　則　（平成五年四月二三日法律第二六号）　抄,2,第十条,LAW_REFERENCE,"
（昭和六十二年法",3,12
22,附　則　（平成五年四月二三日法律第二六号）　抄,2,第十条,LAW_REFERENCE,の規定による改正前の昭和六十二年法,49,66
22,附　則　（平成五年四月二三日法律第二六号）　抄,2,第十条,LAW_REFERENCE,第三項の規定により読み替えて適用される旧特許法第百七条,71,98
22,附　則　（平成五年四月二三日法律第二六号）　抄,2,第十条,LAW_REFERENCE,第一項の規定により既に納付した特許料又は同日前に同項の規定により納付すべきであった特許料であって旧特許法第百九条,98,154
22,附　則　（平成五年四月二三日法律第二六号）　抄,2,第十条,LAW_REFERENCE,の規定による改正後の昭和六十二年法,200,217
22,附　則　（平成五年四月二三日法律第二六号）　抄,2,第十条,LAW_REFERENCE,第三項の規定により読み替えて適用される旧特許法第百七条,222,249
22,附　則　（平成五年四月二三日法律第二六号）　抄,2,第十条,ARTICLE_REFERENCE,第十条,0,3
22,附　則　（平成五年四月二三日法律第二六号）　抄,2,第十条,ARTICLE_REFERENCE,第十条,26,29
22,附　則　（平成五年四月二三日法律第二六号）　抄,2,第十条,ARTICLE_REFERENCE,附則,30,32
22,附　則　（平成五年四月二三日法律第二六号）　抄,2,第十条,ARTICLE_REFERENCE,第一条,32,35
22,附　則　（平成五年四月二三日法律第二六号）　抄,2,第十条,ARTICLE_REFERENCE,前条,47,49
22,附　則　（平成五年四月二三日法律第二六号）　抄,2,第十条,ARTICLE_REFERENCE,附則,66,68
22,附　則　（平成五年四月二三日法律第二六号）　抄,2,第十条,ARTICLE_REFERENCE,第三条,68,71
22,附　則　（平成五年四月二三日法律第二六号）　抄,2,第十条,ARTICLE_REFERENCE,第三項,71,74
22,附　則　（平成五年四月二三日法律第二六号）　抄,2,第十条,ARTICLE_REFERENCE,第百七条,94,98
22,附　則　（平成五年四月二三日法律第二六号）　抄,2,第十条,ARTICLE_REFERENCE,第一項,98,101
22,附　則　（平成五年四月二三日法律第二六号）　抄,2,第十条,ARTICLE_REFERENCE,同項,122,124
22,附　則　（平成五年四月二三日法律第二六号）　抄,2,第十条,ARTICLE_REFERENCE,第百九条,150,154
22,附　則　（平成五年四月二三日法律第二六号）　抄,2,第十条,ARTICLE_REFERENCE,前条,198,200
22,附　則　（平成五年四月二三日法律第二六号）　抄,2,第十条,ARTICLE_REFERENCE,附則,217,219
22,附　則　（平成五年四月二三日法律第二六号）　抄,2,第十条,ARTICLE_REFERENCE,第三条,219,222
22,附　則　（平成五年四月二三日法律第二六号）　抄,2,第十条,ARTICLE_REFERENCE,第三項,222,225
22,附　則　（平成五年四月二三日法律第二六号）　抄,2,第十条,ARTICLE_REFERENCE,第百七条,245,249
22,附　則　（平成五年四月二三日法律第二六号）　抄,2,第十条,ARTICLE_REFERENCE,第一項,249,252
22,附　則　（平成五年四月二三日法律第二六号）　抄,2,第十条,TIME_PERIOD,六十二年,7,11
22,附　則　（平成五年四月二三日法律第二六号）　抄,2,第十条,TIME_PERIOD,六十二年,61,65
22,附　則　（平成五年四月二三日法律第二六号）　抄,2,第十条,TIME_PERIOD,六十二年,212,216
22,附　則　（平成五年四月二三日法律第二六号）　抄,3,第十六条,LAW_REFERENCE, この法,25,29
22,附　則　（平成五年四月二三日法律第二六号）　抄,3,第十六条,LAW_REFERENCE,第一項、第七項又は第八項の規定によりなお従前の例によるものとされた審判又は再審の審決に係るこの法律の施行後にした行為に対する罰則の適用については、なお従前の例による。ただし、旧特許法第百九十七条,72,169
22,附　則　（平成五年四月二三日法律第二六号）　抄,3,第十六条,ARTICLE_REFERENCE,第十六条,0,4
22,附　則　（平成五年四月二三日法律第二六号）　抄,3,第十六条,ARTICLE_REFERENCE,第十六条,21,25
22,附　則　（平成五年四月二三日法律第二六号）　抄,3,第十六条,ARTICLE_REFERENCE,附則,67,69
22,附　則　（平成五年四月二三日法律第二六号）　抄,3,第十六条,ARTICLE_REFERENCE,第二条,69,72
22,附　則　（平成五年四月二三日法律第二六号）　抄,3,第十六条,ARTICLE_REFERENCE,第一項,72,75
22,附　則　（平成五年四月二三日法律第二六号）　抄,3,第十六条,ARTICLE_REFERENCE,第七項,76,79
22,附　則　（平成五年四月二三日法律第二六号）　抄,3,第十六条,ARTICLE_REFERENCE,第八項,81,84
22,附　則　（平成五年四月二三日法律第二六号）　抄,3,第十六条,ARTICLE_REFERENCE,第百九十七条,163,169
22,附　則　（平成五年四月二三日法律第二六号）　抄,3,第十六条,MONEY_AMOUNT,二十万円,171,175
22,附　則　（平成五年四月二三日法律第二六号）　抄,3,第十六条,MONEY_AMOUNT,三百万円,183,187
22,附　則　（平成五年四月二三日法律第二六号）　抄,3,第十六条,PROCEDURE,審判,105,107
22,附　則　（平成五年四月二三日法律第二六号）　抄,3,第十六条,PROCEDURE,再審,109,111
22,附　則　（平成五年四月二三日法律第二六号）　抄,4,第十七条,LAW_REFERENCE,政令,6,8
22,附　則　（平成五年四月二三日法律第二六号）　抄,4,第十七条,LAW_REFERENCE,に定めるもののほか、この法,43,56
22,附　則　（平成五年四月二三日法律第二六号）　抄,4,第十七条,LAW_REFERENCE,政令,72,74
22,附　則　（平成五年四月二三日法律第二六号）　抄,4,第十七条,ARTICLE_REFERENCE,第十七条,0,4
22,附　則　（平成五年四月二三日法律第二六号）　抄,4,第十七条,ARTICLE_REFERENCE,第十七条,14,18
22,附　則　（平成五年四月二三日法律第二六号）　抄,4,第十七条,ARTICLE_REFERENCE,附則,19,21
22,附　則　（平成五年四月二三日法律第二六号）　抄,4,第十七条,ARTICLE_REFERENCE,第二条,21,24
22,附　則　（平成五年四月二三日法律第二六号）　抄,4,第十七条,ARTICLE_REFERENCE,第六条,26,29
22,附　則　（平成五年四月二三日法律第二六号）　抄,4,第十七条,ARTICLE_REFERENCE,第八条,32,35
22,附　則　（平成五年四月二三日法律第二六号）　抄,4,第十七条,ARTICLE_REFERENCE,第十条,36,39
22,附　則　（平成五年四月二三日法律第二六号）　抄,4,第十七条,ARTICLE_REFERENCE,前条,41,43
22,附　則　（平成五年四月二三日法律第二六号）　抄,4,第十七条,TIME_PERIOD,から,24,26
22,附　則　（平成五年四月二三日法律第二六号）　抄,4,第十七条,TIME_PERIOD,まで,29,31
23,附　則　（平成五年一一月一二日法律第八九号）　抄,0,第一条,LAW_REFERENCE, この法律は、行政手続法（平成五年法,14,32
23,附　則　（平成五年一一月一二日法律第八九号）　抄,0,第一条,ARTICLE_REFERENCE,第一条,0,3
23,附　則　（平成五年一一月一二日法律第八九号）　抄,0,第一条,ARTICLE_REFERENCE,第一条,11,14
23,附　則　（平成五年一一月一二日法律第八九号）　抄,0,第一条,ARTICLE_REFERENCE,第八十八号,33,38
23,附　則　（平成五年一一月一二日法律第八九号）　抄,0,第一条,TIME_PERIOD,五年,29,31
23,附　則　（平成五年一一月一二日法律第八九号）　抄,0,第一条,TIME_PERIOD,から,44,46
23,附　則　（平成五年一一月一二日法律第八九号）　抄,1,第十五条,LAW_REFERENCE,政令,6,8
23,附　則　（平成五年一一月一二日法律第八九号）　抄,1,第十五条,LAW_REFERENCE,までに定めるもののほか、この法,28,43
23,附　則　（平成五年一一月一二日法律第八九号）　抄,1,第十五条,LAW_REFERENCE,政令,60,62
23,附　則　（平成五年一一月一二日法律第八九号）　抄,1,第十五条,ARTICLE_REFERENCE,第十五条,0,4
23,附　則　（平成五年一一月一二日法律第八九号）　抄,1,第十五条,ARTICLE_REFERENCE,第十五条,14,18
23,附　則　（平成五年一一月一二日法律第八九号）　抄,1,第十五条,ARTICLE_REFERENCE,附則,19,21
23,附　則　（平成五年一一月一二日法律第八九号）　抄,1,第十五条,ARTICLE_REFERENCE,第二条,21,24
23,附　則　（平成五年一一月一二日法律第八九号）　抄,1,第十五条,ARTICLE_REFERENCE,前条,26,28
23,附　則　（平成五年一一月一二日法律第八九号）　抄,1,第十五条,TIME_PERIOD,から,24,26
23,附　則　（平成五年一一月一二日法律第八九号）　抄,1,第十五条,TIME_PERIOD,まで,28,30
24,附　則　（平成六年一二月一四日法律第一一六号）　抄,0,第一条,LAW_REFERENCE, この法,14,18
24,附　則　（平成六年一二月一四日法律第一一六号）　抄,0,第一条,LAW_REFERENCE,中特許法第三十条,74,82
24,附　則　（平成六年一二月一四日法律第一一六号）　抄,0,第一条,LAW_REFERENCE,の規定（商標法第十条,94,104
24,附　則　（平成六年一二月一四日法律第一一六号）　抄,0,第一条,LAW_REFERENCE,中実用新案法第三条,229,238
24,附　則　（平成六年一二月一四日法律第一一六号）　抄,0,第一条,LAW_REFERENCE,の二第一項の改正規定（「出願公告」を「特許法第六十六条,238,265
24,附　則　（平成六年一二月一四日法律第一一六号）　抄,0,第一条,LAW_REFERENCE,第三項の規定により同項各号に掲げる事項を掲載した特許公報の発行」に改める部分に限る。）、同法第十条,265,314
24,附　則　（平成六年一二月一四日法律第一一六号）　抄,0,第一条,LAW_REFERENCE,第三項の改正規定、同法第四十五条,338,354
24,附　則　（平成六年一二月一四日法律第一一六号）　抄,0,第一条,LAW_REFERENCE,に一項を加える部分を除く。）、同法第五十条,362,383
24,附　則　（平成六年一二月一四日法律第一一六号）　抄,0,第一条,LAW_REFERENCE,第二項第四号」に改める部分に限る。）、同法第五十三条,438,464
24,附　則　（平成六年一二月一四日法律第一一六号）　抄,0,第一条,LAW_REFERENCE,第二項の改正規定並びに同法第六十二条,464,482
24,附　則　（平成六年一二月一四日法律第一一六号）　抄,0,第一条,LAW_REFERENCE,中意匠法第十三条,526,534
24,附　則　（平成六年一二月一四日法律第一一六号）　抄,0,第一条,LAW_REFERENCE,中弁理士法第五条,580,588
24,附　則　（平成六年一二月一四日法律第一一六号）　抄,0,第一条,ARTICLE_REFERENCE,第一条,0,3
24,附　則　（平成六年一二月一四日法律第一一六号）　抄,0,第一条,ARTICLE_REFERENCE,第一条,11,14
24,附　則　（平成六年一二月一四日法律第一一六号）　抄,0,第一条,ARTICLE_REFERENCE,各号,42,44
24,附　則　（平成六年一二月一四日法律第一一六号）　抄,0,第一条,ARTICLE_REFERENCE,各号,54,56
24,附　則　（平成六年一二月一四日法律第一一六号）　抄,0,第一条,ARTICLE_REFERENCE,第一条,71,74
24,附　則　（平成六年一二月一四日法律第一一六号）　抄,0,第一条,ARTICLE_REFERENCE,第三十条,78,82
24,附　則　（平成六年一二月一四日法律第一一六号）　抄,0,第一条,ARTICLE_REFERENCE,第三項,82,85
24,附　則　（平成六年一二月一四日法律第一一六号）　抄,0,第一条,ARTICLE_REFERENCE,第五条,91,94
24,附　則　（平成六年一二月一四日法律第一一六号）　抄,0,第一条,ARTICLE_REFERENCE,第十条,101,104
24,附　則　（平成六年一二月一四日法律第一一六号）　抄,0,第一条,ARTICLE_REFERENCE,第三項,104,107
24,附　則　（平成六年一二月一四日法律第一一六号）　抄,0,第一条,ARTICLE_REFERENCE,第十三条,108,112
24,附　則　（平成六年一二月一四日法律第一一六号）　抄,0,第一条,ARTICLE_REFERENCE,第一項,112,115
24,附　則　（平成六年一二月一四日法律第一一六号）　抄,0,第一条,ARTICLE_REFERENCE,第四十四条,116,121
24,附　則　（平成六年一二月一四日法律第一一六号）　抄,0,第一条,ARTICLE_REFERENCE,第二項,121,124
24,附　則　（平成六年一二月一四日法律第一一六号）　抄,0,第一条,ARTICLE_REFERENCE,第六十三条の二,126,133
24,附　則　（平成六年一二月一四日法律第一一六号）　抄,0,第一条,ARTICLE_REFERENCE,第九条,145,148
24,附　則　（平成六年一二月一四日法律第一一六号）　抄,0,第一条,ARTICLE_REFERENCE,第二条,219,222
24,附　則　（平成六年一二月一四日法律第一一六号）　抄,0,第一条,ARTICLE_REFERENCE,第三条,226,229
24,附　則　（平成六年一二月一四日法律第一一六号）　抄,0,第一条,ARTICLE_REFERENCE,第三条の二,235,240
24,附　則　（平成六年一二月一四日法律第一一六号）　抄,0,第一条,ARTICLE_REFERENCE,第一項,240,243
24,附　則　（平成六年一二月一四日法律第一一六号）　抄,0,第一条,ARTICLE_REFERENCE,第六十六条,260,265
24,附　則　（平成六年一二月一四日法律第一一六号）　抄,0,第一条,ARTICLE_REFERENCE,第三項,265,268
24,附　則　（平成六年一二月一四日法律第一一六号）　抄,0,第一条,ARTICLE_REFERENCE,同項,274,276
24,附　則　（平成六年一二月一四日法律第一一六号）　抄,0,第一条,ARTICLE_REFERENCE,各号,276,278
24,附　則　（平成六年一二月一四日法律第一一六号）　抄,0,第一条,ARTICLE_REFERENCE,第十条,311,314
24,附　則　（平成六年一二月一四日法律第一一六号）　抄,0,第一条,ARTICLE_REFERENCE,第五項,314,317
24,附　則　（平成六年一二月一四日法律第一一六号）　抄,0,第一条,ARTICLE_REFERENCE,第六項,319,322
24,附　則　（平成六年一二月一四日法律第一一六号）　抄,0,第一条,ARTICLE_REFERENCE,第十四条,323,327
24,附　則　（平成六年一二月一四日法律第一一六号）　抄,0,第一条,ARTICLE_REFERENCE,第四項,327,330
24,附　則　（平成六年一二月一四日法律第一一六号）　抄,0,第一条,ARTICLE_REFERENCE,第三十九条,333,338
24,附　則　（平成六年一二月一四日法律第一一六号）　抄,0,第一条,ARTICLE_REFERENCE,第三項,338,341
24,附　則　（平成六年一二月一四日法律第一一六号）　抄,0,第一条,ARTICLE_REFERENCE,第四十五条,349,354
24,附　則　（平成六年一二月一四日法律第一一六号）　抄,0,第一条,ARTICLE_REFERENCE,同条,360,362
24,附　則　（平成六年一二月一四日法律第一一六号）　抄,0,第一条,ARTICLE_REFERENCE,第五十条の二,379,385
24,附　則　（平成六年一二月一四日法律第一一六号）　抄,0,第一条,ARTICLE_REFERENCE,第百七十四条,392,398
24,附　則　（平成六年一二月一四日法律第一一六号）　抄,0,第一条,ARTICLE_REFERENCE,第二項,398,401
24,附　則　（平成六年一二月一四日法律第一一六号）　抄,0,第一条,ARTICLE_REFERENCE,第百七十四条,404,410
24,附　則　（平成六年一二月一四日法律第一一六号）　抄,0,第一条,ARTICLE_REFERENCE,第三項,410,413
24,附　則　（平成六年一二月一四日法律第一一六号）　抄,0,第一条,ARTICLE_REFERENCE,第百九十三条,417,423
24,附　則　（平成六年一二月一四日法律第一一六号）　抄,0,第一条,ARTICLE_REFERENCE,第二項,423,426
24,附　則　（平成六年一二月一四日法律第一一六号）　抄,0,第一条,ARTICLE_REFERENCE,第五号,426,429
24,附　則　（平成六年一二月一四日法律第一一六号）　抄,0,第一条,ARTICLE_REFERENCE,第百九十三条,432,438
24,附　則　（平成六年一二月一四日法律第一一六号）　抄,0,第一条,ARTICLE_REFERENCE,第二項,438,441
24,附　則　（平成六年一二月一四日法律第一一六号）　抄,0,第一条,ARTICLE_REFERENCE,第四号,441,444
24,附　則　（平成六年一二月一四日法律第一一六号）　抄,0,第一条,ARTICLE_REFERENCE,第五十三条,459,464
24,附　則　（平成六年一二月一四日法律第一一六号）　抄,0,第一条,ARTICLE_REFERENCE,第二項,464,467
24,附　則　（平成六年一二月一四日法律第一一六号）　抄,0,第一条,ARTICLE_REFERENCE,第六十二条,477,482
24,附　則　（平成六年一二月一四日法律第一一六号）　抄,0,第一条,ARTICLE_REFERENCE,第百七十四条,489,495
24,附　則　（平成六年一二月一四日法律第一一六号）　抄,0,第一条,ARTICLE_REFERENCE,第二項,495,498
24,附　則　（平成六年一二月一四日法律第一一六号）　抄,0,第一条,ARTICLE_REFERENCE,第百七十四条,501,507
24,附　則　（平成六年一二月一四日法律第一一六号）　抄,0,第一条,ARTICLE_REFERENCE,第三項,507,510
24,附　則　（平成六年一二月一四日法律第一一六号）　抄,0,第一条,ARTICLE_REFERENCE,第四条,523,526
24,附　則　（平成六年一二月一四日法律第一一六号）　抄,0,第一条,ARTICLE_REFERENCE,第十三条,530,534
24,附　則　（平成六年一二月一四日法律第一一六号）　抄,0,第一条,ARTICLE_REFERENCE,第三項,534,537
24,附　則　（平成六年一二月一四日法律第一一六号）　抄,0,第一条,ARTICLE_REFERENCE,第十九条,538,542
24,附　則　（平成六年一二月一四日法律第一一六号）　抄,0,第一条,ARTICLE_REFERENCE,第五十八条,543,548
24,附　則　（平成六年一二月一四日法律第一一六号）　抄,0,第一条,ARTICLE_REFERENCE,第六十八条,549,554
24,附　則　（平成六年一二月一四日法律第一一六号）　抄,0,第一条,ARTICLE_REFERENCE,第一項,554,557
24,附　則　（平成六年一二月一四日法律第一一六号）　抄,0,第一条,ARTICLE_REFERENCE,第七十五条,559,564
24,附　則　（平成六年一二月一四日法律第一一六号）　抄,0,第一条,ARTICLE_REFERENCE,第六条,570,573
24,附　則　（平成六年一二月一四日法律第一一六号）　抄,0,第一条,ARTICLE_REFERENCE,第七条,577,580
24,附　則　（平成六年一二月一四日法律第一一六号）　抄,0,第一条,ARTICLE_REFERENCE,第五条,585,588
24,附　則　（平成六年一二月一四日法律第一一六号）　抄,0,第一条,ARTICLE_REFERENCE,附則,596,598
24,附　則　（平成六年一二月一四日法律第一一六号）　抄,0,第一条,ARTICLE_REFERENCE,第八条,598,601
24,附　則　（平成六年一二月一四日法律第一一六号）　抄,0,第一条,ARTICLE_REFERENCE,第九条,602,605
24,附　則　（平成六年一二月一四日法律第一一六号）　抄,0,第一条,ARTICLE_REFERENCE,第十条,606,609
24,附　則　（平成六年一二月一四日法律第一一六号）　抄,0,第一条,ARTICLE_REFERENCE,第二項,609,612
24,附　則　（平成六年一二月一四日法律第一一六号）　抄,0,第一条,ARTICLE_REFERENCE,第十七条,613,617
24,附　則　（平成六年一二月一四日法律第一一六号）　抄,0,第一条,ARTICLE_REFERENCE,第十九条,619,623
24,附　則　（平成六年一二月一四日法律第一一六号）　抄,0,第一条,TIME_PERIOD,七年七月一日,23,29
24,附　則　（平成六年一二月一四日法律第一一六号）　抄,0,第一条,TIME_PERIOD,から,29,31
24,附　則　（平成六年一二月一四日法律第一一六号）　抄,0,第一条,TIME_PERIOD,から,61,63
24,附　則　（平成六年一二月一四日法律第一一六号）　抄,0,第一条,TIME_PERIOD,七年七月一日,154,160
24,附　則　（平成六年一二月一四日法律第一一六号）　抄,0,第一条,TIME_PERIOD,八年一月一日,629,635
24,附　則　（平成六年一二月一四日法律第一一六号）　抄,0,第一条,PROCEDURE,商標,98,100
24,附　則　（平成六年一二月一四日法律第一一六号）　抄,0,第一条,PROCEDURE,出願,250,252
24,附　則　（平成六年一二月一四日法律第一一六号）　抄,0,第一条,PROCEDURE,公告,252,254
24,附　則　（平成六年一二月一四日法律第一一六号）　抄,0,第一条,PROCEDURE,意匠,527,529
24,附　則　（平成六年一二月一四日法律第一一六号）　抄,0,第一条,LEGAL_STATUS,効力,188,190
24,附　則　（平成六年一二月一四日法律第一一六号）　抄,1,第二条,LAW_REFERENCE,の規定による改正後の特許法（以下「新特許法,35,56
24,附　則　（平成六年一二月一四日法律第一一六号）　抄,1,第二条,LAW_REFERENCE,の規定による改正後の実用新案法（以下「新実用新案法,73,98
24,附　則　（平成六年一二月一四日法律第一一六号）　抄,1,第二条,LAW_REFERENCE,の規定による改正後の意匠法（以下「新意匠法,115,136
24,附　則　（平成六年一二月一四日法律第一一六号）　抄,1,第二条,LAW_REFERENCE,の規定による改正後の商標法（以下「新商標法,154,175
24,附　則　（平成六年一二月一四日法律第一一六号）　抄,1,第二条,ARTICLE_REFERENCE,第二条,0,3
24,附　則　（平成六年一二月一四日法律第一一六号）　抄,1,第二条,ARTICLE_REFERENCE,第二条,28,31
24,附　則　（平成六年一二月一四日法律第一一六号）　抄,1,第二条,ARTICLE_REFERENCE,第一条,32,35
24,附　則　（平成六年一二月一四日法律第一一六号）　抄,1,第二条,ARTICLE_REFERENCE,第四十三条の二,62,69
24,附　則　（平成六年一二月一四日法律第一一六号）　抄,1,第二条,ARTICLE_REFERENCE,第三条,70,73
24,附　則　（平成六年一二月一四日法律第一一六号）　抄,1,第二条,ARTICLE_REFERENCE,第十一条,104,108
24,附　則　（平成六年一二月一四日法律第一一六号）　抄,1,第二条,ARTICLE_REFERENCE,第一項,108,111
24,附　則　（平成六年一二月一四日法律第一一六号）　抄,1,第二条,ARTICLE_REFERENCE,第四条,112,115
24,附　則　（平成六年一二月一四日法律第一一六号）　抄,1,第二条,ARTICLE_REFERENCE,第十五条,142,146
24,附　則　（平成六年一二月一四日法律第一一六号）　抄,1,第二条,ARTICLE_REFERENCE,第一項,146,149
24,附　則　（平成六年一二月一四日法律第一一六号）　抄,1,第二条,ARTICLE_REFERENCE,第五条,151,154
24,附　則　（平成六年一二月一四日法律第一一六号）　抄,1,第二条,ARTICLE_REFERENCE,第十三条,181,185
24,附　則　（平成六年一二月一四日法律第一一六号）　抄,1,第二条,ARTICLE_REFERENCE,第一項,185,188
24,附　則　（平成六年一二月一四日法律第一一六号）　抄,1,第二条,TIME_PERIOD,七年七月一日,214,220
24,附　則　（平成六年一二月一四日法律第一一六号）　抄,1,第二条,PROCEDURE,意匠,125,127
24,附　則　（平成六年一二月一四日法律第一一六号）　抄,1,第二条,PROCEDURE,意匠,133,135
24,附　則　（平成六年一二月一四日法律第一一六号）　抄,1,第二条,PROCEDURE,商標,164,166
24,附　則　（平成六年一二月一四日法律第一一六号）　抄,1,第二条,PROCEDURE,商標,172,174
24,附　則　（平成六年一二月一四日法律第一一六号）　抄,1,第二条,PROCEDURE,出願,239,241
24,附　則　（平成六年一二月一四日法律第一一六号）　抄,1,第二条,PROCEDURE,登録,246,248
24,附　則　（平成六年一二月一四日法律第一一六号）　抄,1,第二条,PROCEDURE,出願,248,250
24,附　則　（平成六年一二月一四日法律第一一六号）　抄,1,第二条,PROCEDURE,意匠,251,253
24,附　則　（平成六年一二月一四日法律第一一六号）　抄,1,第二条,PROCEDURE,登録,253,255
24,附　則　（平成六年一二月一四日法律第一一六号）　抄,1,第二条,PROCEDURE,出願,255,257
24,附　則　（平成六年一二月一四日法律第一一六号）　抄,1,第二条,PROCEDURE,商標,259,261
24,附　則　（平成六年一二月一四日法律第一一六号）　抄,1,第二条,PROCEDURE,登録,261,263
24,附　則　（平成六年一二月一四日法律第一一六号）　抄,1,第二条,PROCEDURE,出願,263,265
24,附　則　（平成六年一二月一四日法律第一一六号）　抄,2,第三条,LAW_REFERENCE,"
（原子核変換の方法",3,13
24,附　則　（平成六年一二月一四日法律第一一六号）　抄,2,第三条,LAW_REFERENCE, この法律の施行の際現に特許庁に係属している特許出願（特許をすべき旨の査定の謄本の送達があったものを除く。）であって、当該特許出願の願書に最初に添付した明細書又は図面に原子核変換の方法により製造されるべき物質の発明が記載されていたものの出願人は、この法律の施行の日から六月以内に限り、当該発明に関する事項について願書に添付した明細書又は図面について補正をすることができる。 ２ 前項の規定による補正は、出願公告をすべき旨の決定の謄本の送達前にした補正とみなす。 ３ 原子核変換の方法により製造されるべき物質の発明についての特許権については、この法律の公布の日前に日本国内において当該発明の実施である事業をしている者又はその事業の準備をしている者は、その実施又は準備をしている発明及び事業の目的の範囲内において、通常実施権を有する。 ４ 新特許法第八十条,42,418
24,附　則　（平成六年一二月一四日法律第一一六号）　抄,2,第三条,ARTICLE_REFERENCE,第三条,0,3
24,附　則　（平成六年一二月一四日法律第一一六号）　抄,2,第三条,ARTICLE_REFERENCE,第三条,39,42
24,附　則　（平成六年一二月一四日法律第一一六号）　抄,2,第三条,ARTICLE_REFERENCE,前項,231,233
24,附　則　（平成六年一二月一四日法律第一一六号）　抄,2,第三条,ARTICLE_REFERENCE,第八十条,414,418
24,附　則　（平成六年一二月一四日法律第一一六号）　抄,2,第三条,ARTICLE_REFERENCE,第二項,418,421
24,附　則　（平成六年一二月一四日法律第一一六号）　抄,2,第三条,ARTICLE_REFERENCE,第九十九条,423,428
24,附　則　（平成六年一二月一四日法律第一一六号）　抄,2,第三条,ARTICLE_REFERENCE,第二項,428,431
24,附　則　（平成六年一二月一四日法律第一一六号）　抄,2,第三条,ARTICLE_REFERENCE,前項,436,438
24,附　則　（平成六年一二月一四日法律第一一六号）　抄,2,第三条,TIME_PERIOD,から,174,176
24,附　則　（平成六年一二月一四日法律第一一六号）　抄,2,第三条,TIME_PERIOD,六月以内,176,180
24,附　則　（平成六年一二月一四日法律第一一六号）　抄,2,第三条,ORGANIZATION,特許庁,54,57
24,附　則　（平成六年一二月一四日法律第一一六号）　抄,2,第三条,PROCEDURE,発明,26,28
24,附　則　（平成六年一二月一四日法律第一一六号）　抄,2,第三条,PROCEDURE,出願,66,68
24,附　則　（平成六年一二月一四日法律第一一六号）　抄,2,第三条,PROCEDURE,出願,105,107
24,附　則　（平成六年一二月一四日法律第一一六号）　抄,2,第三条,PROCEDURE,明細書,118,121
24,附　則　（平成六年一二月一四日法律第一一六号）　抄,2,第三条,PROCEDURE,図面,123,125
24,附　則　（平成六年一二月一四日法律第一一六号）　抄,2,第三条,PROCEDURE,発明,147,149
24,附　則　（平成六年一二月一四日法律第一一六号）　抄,2,第三条,PROCEDURE,出願,160,162
24,附　則　（平成六年一二月一四日法律第一一六号）　抄,2,第三条,PROCEDURE,発明,186,188
24,附　則　（平成六年一二月一四日法律第一一六号）　抄,2,第三条,PROCEDURE,明細書,205,208
24,附　則　（平成六年一二月一四日法律第一一六号）　抄,2,第三条,PROCEDURE,図面,210,212
24,附　則　（平成六年一二月一四日法律第一一六号）　抄,2,第三条,PROCEDURE,出願,243,245
24,附　則　（平成六年一二月一四日法律第一一六号）　抄,2,第三条,PROCEDURE,公告,245,247
24,附　則　（平成六年一二月一四日法律第一一六号）　抄,2,第三条,PROCEDURE,発明,296,298
24,附　則　（平成六年一二月一四日法律第一一六号）　抄,2,第三条,PROCEDURE,特許権,303,306
24,附　則　（平成六年一二月一四日法律第一一六号）　抄,2,第三条,PROCEDURE,発明,333,335
24,附　則　（平成六年一二月一四日法律第一一六号）　抄,2,第三条,PROCEDURE,発明,379,381
24,附　則　（平成六年一二月一四日法律第一一六号）　抄,2,第三条,LEGAL_STATUS,出願人,160,163
24,附　則　（平成六年一二月一四日法律第一一六号）　抄,3,第四条,LAW_REFERENCE, 新特許法第六十七条,26,36
24,附　則　（平成六年一二月一四日法律第一一六号）　抄,3,第四条,LAW_REFERENCE,第一項の規定は、この法律の施行前に存続期間（存続期間の延長登録に係る特許権にあっては、当該延長登録前の存続期間）が満了した特許権及び特許法等の一部を改正する法律（昭和六十年法,36,123
24,附　則　（平成六年一二月一四日法律第一一六号）　抄,3,第四条,LAW_REFERENCE,の規定によりなおその効力を有するものとされた同法第一条,135,162
24,附　則　（平成六年一二月一四日法律第一一六号）　抄,3,第四条,LAW_REFERENCE,の規定による改正前の特許法（第三項において「昭和六十年旧特許法,162,193
24,附　則　（平成六年一二月一四日法律第一一六号）　抄,3,第四条,LAW_REFERENCE,第一項の独立の特許権（以下単に「独立の特許権」という。）については、適用しない。 ２ この法律の施行の際現に存する存続期間の延長登録に係る特許権（独立の特許権を除く。）であって、この法律の施行前に当該延長登録前の存続期間が満了したものの当該延長登録後の存続期間がその特許出願の日から二十年に満たないときは、その存続期間はその特許出願の日から二十年をもって終了するものとする。 ３ この法律の施行の際現に存する独立の特許権についての昭和六十年旧特許法第六十七条,204,433
24,附　則　（平成六年一二月一四日法律第一一六号）　抄,3,第四条,LAW_REFERENCE,第三項の規定の適用については、同項中「原特許権の残存期間」とあるのは、「特許法等の一部を改正する法律（平成六年法律第百十六号。以下「改正法」という。）の施行前に原特許権が無効にされなかつたもの又は消滅しなかつたものとして、改正法第一条,433,550
24,附　則　（平成六年一二月一四日法律第一一六号）　抄,3,第四条,LAW_REFERENCE,の規定による改正後の特許法第六十七条,550,568
24,附　則　（平成六年一二月一四日法律第一一六号）　抄,3,第四条,LAW_REFERENCE,第一項並びに改正法,568,577
24,附　則　（平成六年一二月一四日法律第一一六号）　抄,3,第四条,LAW_REFERENCE,第一項及び第二項の規定を適用した場合における原特許権の残存期間」とする。 ４ 新特許法第六十八条,582,630
24,附　則　（平成六年一二月一四日法律第一一六号）　抄,3,第四条,LAW_REFERENCE,の二の規定は、第二項の規定により特許権の存続期間が延長された場合及び前項の規定により存続期間の延長登録に係る独立の特許権であって、この法律の施行前に当該延長登録前の存続期間が満了したものの存続期間が延長された場合に準用する。 ５ 第二項に規定する特許権又は前項に規定する独立の特許権に係る原特許権の存続期間の延長登録に係る新特許法第百二十五条,630,801
24,附　則　（平成六年一二月一四日法律第一一六号）　抄,3,第四条,LAW_REFERENCE,の二第一項の審判については、同項第三号中「期間を超えているとき」とあるのは、「期間を超えたことにより、その特許権又はその特許権の追加の特許権で独立の特許権となつたものが特許法等の一部を改正する法律（平成六年法,801,905
24,附　則　（平成六年一二月一四日法律第一一六号）　抄,3,第四条,ARTICLE_REFERENCE,第四条,0,3
24,附　則　（平成六年一二月一四日法律第一一六号）　抄,3,第四条,ARTICLE_REFERENCE,第四条,23,26
24,附　則　（平成六年一二月一四日法律第一一六号）　抄,3,第四条,ARTICLE_REFERENCE,第六十七条,31,36
24,附　則　（平成六年一二月一四日法律第一一六号）　抄,3,第四条,ARTICLE_REFERENCE,第一項,36,39
24,附　則　（平成六年一二月一四日法律第一一六号）　抄,3,第四条,ARTICLE_REFERENCE,第四十一号,124,129
24,附　則　（平成六年一二月一四日法律第一一六号）　抄,3,第四条,ARTICLE_REFERENCE,附則,130,132
24,附　則　（平成六年一二月一四日法律第一一六号）　抄,3,第四条,ARTICLE_REFERENCE,第二条,132,135
24,附　則　（平成六年一二月一四日法律第一一六号）　抄,3,第四条,ARTICLE_REFERENCE,第一条,159,162
24,附　則　（平成六年一二月一四日法律第一一六号）　抄,3,第四条,ARTICLE_REFERENCE,第三項,176,179
24,附　則　（平成六年一二月一四日法律第一一六号）　抄,3,第四条,ARTICLE_REFERENCE,第七十五条,199,204
24,附　則　（平成六年一二月一四日法律第一一六号）　抄,3,第四条,ARTICLE_REFERENCE,第一項,204,207
24,附　則　（平成六年一二月一四日法律第一一六号）　抄,3,第四条,ARTICLE_REFERENCE,第六十七条,428,433
24,附　則　（平成六年一二月一四日法律第一一六号）　抄,3,第四条,ARTICLE_REFERENCE,第三項,433,436
24,附　則　（平成六年一二月一四日法律第一一六号）　抄,3,第四条,ARTICLE_REFERENCE,同項,448,450
24,附　則　（平成六年一二月一四日法律第一一六号）　抄,3,第四条,ARTICLE_REFERENCE,第百十六号,490,495
24,附　則　（平成六年一二月一四日法律第一一六号）　抄,3,第四条,ARTICLE_REFERENCE,第一条,547,550
24,附　則　（平成六年一二月一四日法律第一一六号）　抄,3,第四条,ARTICLE_REFERENCE,第六十七条,563,568
24,附　則　（平成六年一二月一四日法律第一一六号）　抄,3,第四条,ARTICLE_REFERENCE,第一項,568,571
24,附　則　（平成六年一二月一四日法律第一一六号）　抄,3,第四条,ARTICLE_REFERENCE,附則,577,579
24,附　則　（平成六年一二月一四日法律第一一六号）　抄,3,第四条,ARTICLE_REFERENCE,第四条,579,582
24,附　則　（平成六年一二月一四日法律第一一六号）　抄,3,第四条,ARTICLE_REFERENCE,第一項,582,585
24,附　則　（平成六年一二月一四日法律第一一六号）　抄,3,第四条,ARTICLE_REFERENCE,第二項,587,590
24,附　則　（平成六年一二月一四日法律第一一六号）　抄,3,第四条,ARTICLE_REFERENCE,第六十八条の二,625,632
24,附　則　（平成六年一二月一四日法律第一一六号）　抄,3,第四条,ARTICLE_REFERENCE,第二項,637,640
24,附　則　（平成六年一二月一四日法律第一一六号）　抄,3,第四条,ARTICLE_REFERENCE,前項,664,666
24,附　則　（平成六年一二月一四日法律第一一六号）　抄,3,第四条,ARTICLE_REFERENCE,第二項,745,748
24,附　則　（平成六年一二月一四日法律第一一六号）　抄,3,第四条,ARTICLE_REFERENCE,前項,758,760
24,附　則　（平成六年一二月一四日法律第一一六号）　抄,3,第四条,ARTICLE_REFERENCE,第百二十五条の二,795,803
24,附　則　（平成六年一二月一四日法律第一一六号）　抄,3,第四条,ARTICLE_REFERENCE,第一項,803,806
24,附　則　（平成六年一二月一四日法律第一一六号）　抄,3,第四条,ARTICLE_REFERENCE,同項,815,817
24,附　則　（平成六年一二月一四日法律第一一六号）　抄,3,第四条,ARTICLE_REFERENCE,第三号,817,820
24,附　則　（平成六年一二月一四日法律第一一六号）　抄,3,第四条,ARTICLE_REFERENCE,第百十六号,906,911
24,附　則　（平成六年一二月一四日法律第一一六号）　抄,3,第四条,TIME_PERIOD,六十年,119,122
24,附　則　（平成六年一二月一四日法律第一一六号）　抄,3,第四条,TIME_PERIOD,六十年,186,189
24,附　則　（平成六年一二月一四日法律第一一六号）　抄,3,第四条,TIME_PERIOD,出願の日,339,343
24,附　則　（平成六年一二月一四日法律第一一六号）　抄,3,第四条,TIME_PERIOD,から,343,345
24,附　則　（平成六年一二月一四日法律第一一六号）　抄,3,第四条,TIME_PERIOD,二十年,345,348
24,附　則　（平成六年一二月一四日法律第一一六号）　抄,3,第四条,TIME_PERIOD,出願の日,368,372
24,附　則　（平成六年一二月一四日法律第一一六号）　抄,3,第四条,TIME_PERIOD,から,372,374
24,附　則　（平成六年一二月一四日法律第一一六号）　抄,3,第四条,TIME_PERIOD,二十年,374,377
24,附　則　（平成六年一二月一四日法律第一一六号）　抄,3,第四条,TIME_PERIOD,六十年,421,424
24,附　則　（平成六年一二月一四日法律第一一六号）　抄,3,第四条,TIME_PERIOD,六年,486,488
24,附　則　（平成六年一二月一四日法律第一一六号）　抄,3,第四条,TIME_PERIOD,六年,902,904
24,附　則　（平成六年一二月一四日法律第一一六号）　抄,3,第四条,PROCEDURE,登録,65,67
24,附　則　（平成六年一二月一四日法律第一一六号）　抄,3,第四条,PROCEDURE,特許権,70,73
24,附　則　（平成六年一二月一四日法律第一一六号）　抄,3,第四条,PROCEDURE,登録,83,85
24,附　則　（平成六年一二月一四日法律第一一六号）　抄,3,第四条,PROCEDURE,特許権,97,100
24,附　則　（平成六年一二月一四日法律第一一六号）　抄,3,第四条,PROCEDURE,特許権,211,214
24,附　則　（平成六年一二月一四日法律第一一六号）　抄,3,第四条,PROCEDURE,特許権,223,226
24,附　則　（平成六年一二月一四日法律第一一六号）　抄,3,第四条,PROCEDURE,登録,268,270
24,附　則　（平成六年一二月一四日法律第一一六号）　抄,3,第四条,PROCEDURE,特許権,273,276
24,附　則　（平成六年一二月一四日法律第一一六号）　抄,3,第四条,PROCEDURE,特許権,280,283
24,附　則　（平成六年一二月一四日法律第一一六号）　抄,3,第四条,PROCEDURE,登録,306,308
24,附　則　（平成六年一二月一四日法律第一一六号）　抄,3,第四条,PROCEDURE,登録,326,328
24,附　則　（平成六年一二月一四日法律第一一六号）　抄,3,第四条,PROCEDURE,出願,339,341
24,附　則　（平成六年一二月一四日法律第一一六号）　抄,3,第四条,PROCEDURE,出願,368,370
24,附　則　（平成六年一二月一四日法律第一一六号）　抄,3,第四条,PROCEDURE,特許権,411,414
24,附　則　（平成六年一二月一四日法律第一一六号）　抄,3,第四条,PROCEDURE,特許権,453,456
24,附　則　（平成六年一二月一四日法律第一一六号）　抄,3,第四条,PROCEDURE,特許権,514,517
24,附　則　（平成六年一二月一四日法律第一一六号）　抄,3,第四条,PROCEDURE,特許権,605,608
24,附　則　（平成六年一二月一四日法律第一一六号）　抄,3,第四条,PROCEDURE,特許権,646,649
24,附　則　（平成六年一二月一四日法律第一一六号）　抄,3,第四条,PROCEDURE,登録,679,681
24,附　則　（平成六年一二月一四日法律第一一六号）　抄,3,第四条,PROCEDURE,特許権,687,690
24,附　則　（平成六年一二月一四日法律第一一六号）　抄,3,第四条,PROCEDURE,登録,708,710
24,附　則　（平成六年一二月一四日法律第一一六号）　抄,3,第四条,PROCEDURE,特許権,753,756
24,附　則　（平成六年一二月一四日法律第一一六号）　抄,3,第四条,PROCEDURE,特許権,768,771
24,附　則　（平成六年一二月一四日法律第一一六号）　抄,3,第四条,PROCEDURE,特許権,775,778
24,附　則　（平成六年一二月一四日法律第一一六号）　抄,3,第四条,PROCEDURE,登録,786,788
24,附　則　（平成六年一二月一四日法律第一一六号）　抄,3,第四条,PROCEDURE,審判,807,809
24,附　則　（平成六年一二月一四日法律第一一六号）　抄,3,第四条,PROCEDURE,特許権,854,857
24,附　則　（平成六年一二月一四日法律第一一六号）　抄,3,第四条,PROCEDURE,特許権,861,864
24,附　則　（平成六年一二月一四日法律第一一六号）　抄,3,第四条,PROCEDURE,特許権,868,871
24,附　則　（平成六年一二月一四日法律第一一六号）　抄,3,第四条,PROCEDURE,特許権,875,878
24,附　則　（平成六年一二月一四日法律第一一六号）　抄,3,第四条,LEGAL_STATUS,効力,145,147
24,附　則　（平成六年一二月一四日法律第一一六号）　抄,3,第四条,LEGAL_STATUS,無効,518,520
24,附　則　（平成六年一二月一四日法律第一一六号）　抄,4,第五条,LAW_REFERENCE, 新特許法第六十七条,7,17
24,附　則　（平成六年一二月一四日法律第一一六号）　抄,4,第五条,LAW_REFERENCE,第二項若しくは第三項の規定により存続期間が延長された特許権であって、この法律の施行がないとした場合にその存続期間が平成七年七月一日から同月二十九日までに満了したものの翌年（同月二日から同月三十日までに始まる年をいう。）分の特許料の納付については、新特許法第百八条,24,155
24,附　則　（平成六年一二月一四日法律第一一六号）　抄,4,第五条,LAW_REFERENCE,第二項中「前年以前」とあるのは、「平成七年七月三十日まで」とする。 ２ この法律の施行の際現に存する特許権であって、その存続期間がこの法律の施行により延長されたものについては、この法律の公布の日前に日本国内においてその特許権に係る発明の実施である事業の準備をしている者は、この法律の施行がないとした場合におけるその特許権の存続期間の満了の日後、その準備をしている発明及び事業の目的の範囲内において、通常実施権を有する。 ３ 新特許法第八十条,155,375
24,附　則　（平成六年一二月一四日法律第一一六号）　抄,4,第五条,ARTICLE_REFERENCE,第五条,0,3
24,附　則　（平成六年一二月一四日法律第一一六号）　抄,4,第五条,ARTICLE_REFERENCE,第五条,4,7
24,附　則　（平成六年一二月一四日法律第一一六号）　抄,4,第五条,ARTICLE_REFERENCE,第六十七条,12,17
24,附　則　（平成六年一二月一四日法律第一一六号）　抄,4,第五条,ARTICLE_REFERENCE,第一項,17,20
24,附　則　（平成六年一二月一四日法律第一一六号）　抄,4,第五条,ARTICLE_REFERENCE,前条,22,24
24,附　則　（平成六年一二月一四日法律第一一六号）　抄,4,第五条,ARTICLE_REFERENCE,第二項,24,27
24,附　則　（平成六年一二月一四日法律第一一六号）　抄,4,第五条,ARTICLE_REFERENCE,第三項,31,34
24,附　則　（平成六年一二月一四日法律第一一六号）　抄,4,第五条,ARTICLE_REFERENCE,第百八条,151,155
24,附　則　（平成六年一二月一四日法律第一一六号）　抄,4,第五条,ARTICLE_REFERENCE,第二項,155,158
24,附　則　（平成六年一二月一四日法律第一一六号）　抄,4,第五条,ARTICLE_REFERENCE,第八十条,371,375
24,附　則　（平成六年一二月一四日法律第一一六号）　抄,4,第五条,ARTICLE_REFERENCE,第二項,375,378
24,附　則　（平成六年一二月一四日法律第一一六号）　抄,4,第五条,ARTICLE_REFERENCE,第九十九条,380,385
24,附　則　（平成六年一二月一四日法律第一一六号）　抄,4,第五条,ARTICLE_REFERENCE,第二項,385,388
24,附　則　（平成六年一二月一四日法律第一一六号）　抄,4,第五条,ARTICLE_REFERENCE,前項,393,395
24,附　則　（平成六年一二月一四日法律第一一六号）　抄,4,第五条,TIME_PERIOD,七年七月一日,83,89
24,附　則　（平成六年一二月一四日法律第一一六号）　抄,4,第五条,TIME_PERIOD,から,89,91
24,附　則　（平成六年一二月一四日法律第一一六号）　抄,4,第五条,TIME_PERIOD,二十九日,93,97
24,附　則　（平成六年一二月一四日法律第一一六号）　抄,4,第五条,TIME_PERIOD,まで,97,99
24,附　則　（平成六年一二月一四日法律第一一六号）　抄,4,第五条,TIME_PERIOD,二日,112,114
24,附　則　（平成六年一二月一四日法律第一一六号）　抄,4,第五条,TIME_PERIOD,から,114,116
24,附　則　（平成六年一二月一四日法律第一一六号）　抄,4,第五条,TIME_PERIOD,三十日,118,121
24,附　則　（平成六年一二月一四日法律第一一六号）　抄,4,第五条,TIME_PERIOD,まで,121,123
24,附　則　（平成六年一二月一四日法律第一一六号）　抄,4,第五条,TIME_PERIOD,七年七月三十日,174,181
24,附　則　（平成六年一二月一四日法律第一一六号）　抄,4,第五条,TIME_PERIOD,まで,181,183
24,附　則　（平成六年一二月一四日法律第一一六号）　抄,4,第五条,PROCEDURE,特許権,50,53
24,附　則　（平成六年一二月一四日法律第一一六号）　抄,4,第五条,PROCEDURE,特許権,205,208
24,附　則　（平成六年一二月一四日法律第一一六号）　抄,4,第五条,PROCEDURE,特許権,264,267
24,附　則　（平成六年一二月一四日法律第一一六号）　抄,4,第五条,PROCEDURE,発明,270,272
24,附　則　（平成六年一二月一四日法律第一一六号）　抄,4,第五条,PROCEDURE,特許権,312,315
24,附　則　（平成六年一二月一四日法律第一一六号）　抄,4,第五条,PROCEDURE,発明,336,338
24,附　則　（平成六年一二月一四日法律第一一六号）　抄,5,第六条,LAW_REFERENCE, この法律の施行前にした特許出願の願書に添付した明細書又は図面についての補正並びに補正に係る拒絶の査定及び特許の無効並びにこの法律の施行前にした特許出願に係る特許の願書に添付した明細書又は図面についての訂正及び訂正に係る特許の無効については、なお従前の例による。 ２ 新特許法第三十六条,30,173
24,附　則　（平成六年一二月一四日法律第一一六号）　抄,5,第六条,LAW_REFERENCE,第一項第四号の規定は、この法律の施行後にする特許出願について適用し、この法律の施行前にした特許出願については、なお従前の例による。 ３ 新特許法第百十二条,196,273
24,附　則　（平成六年一二月一四日法律第一一六号）　抄,5,第六条,LAW_REFERENCE,の二の規定は、この法,273,283
24,附　則　（平成六年一二月一四日法律第一一六号）　抄,5,第六条,LAW_REFERENCE,の規定による改正前の特許法（以下「旧特許法,292,313
24,附　則　（平成六年一二月一四日法律第一一六号）　抄,5,第六条,ARTICLE_REFERENCE,第六条,0,3
24,附　則　（平成六年一二月一四日法律第一一六号）　抄,5,第六条,ARTICLE_REFERENCE,第六条,27,30
24,附　則　（平成六年一二月一四日法律第一一六号）　抄,5,第六条,ARTICLE_REFERENCE,第三十六条,168,173
24,附　則　（平成六年一二月一四日法律第一一六号）　抄,5,第六条,ARTICLE_REFERENCE,第三十七条,174,179
24,附　則　（平成六年一二月一四日法律第一一六号）　抄,5,第六条,ARTICLE_REFERENCE,第四十九条,180,185
24,附　則　（平成六年一二月一四日法律第一一六号）　抄,5,第六条,ARTICLE_REFERENCE,第四号,185,188
24,附　則　（平成六年一二月一四日法律第一一六号）　抄,5,第六条,ARTICLE_REFERENCE,第百二十三条,190,196
24,附　則　（平成六年一二月一四日法律第一一六号）　抄,5,第六条,ARTICLE_REFERENCE,第一項,196,199
24,附　則　（平成六年一二月一四日法律第一一六号）　抄,5,第六条,ARTICLE_REFERENCE,第四号,199,202
24,附　則　（平成六年一二月一四日法律第一一六号）　抄,5,第六条,ARTICLE_REFERENCE,第百十二条の二,268,275
24,附　則　（平成六年一二月一四日法律第一一六号）　抄,5,第六条,ARTICLE_REFERENCE,第一条,289,292
24,附　則　（平成六年一二月一四日法律第一一六号）　抄,5,第六条,ARTICLE_REFERENCE,第百十二条,319,324
24,附　則　（平成六年一二月一四日法律第一一六号）　抄,5,第六条,ARTICLE_REFERENCE,第四項,324,327
24,附　則　（平成六年一二月一四日法律第一一六号）　抄,5,第六条,ARTICLE_REFERENCE,第六項,329,332
24,附　則　（平成六年一二月一四日法律第一一六号）　抄,5,第六条,TIME_PERIOD,から,327,329
24,附　則　（平成六年一二月一四日法律第一一六号）　抄,5,第六条,TIME_PERIOD,まで,332,334
24,附　則　（平成六年一二月一四日法律第一一六号）　抄,5,第六条,TIME_PERIOD,から,350,352
24,附　則　（平成六年一二月一四日法律第一一六号）　抄,5,第六条,PROCEDURE,明細書,5,8
24,附　則　（平成六年一二月一四日法律第一一六号）　抄,5,第六条,PROCEDURE,図面,10,12
24,附　則　（平成六年一二月一四日法律第一一六号）　抄,5,第六条,PROCEDURE,出願,44,46
24,附　則　（平成六年一二月一四日法律第一一六号）　抄,5,第六条,PROCEDURE,明細書,54,57
24,附　則　（平成六年一二月一四日法律第一一六号）　抄,5,第六条,PROCEDURE,図面,59,61
24,附　則　（平成六年一二月一四日法律第一一六号）　抄,5,第六条,PROCEDURE,出願,104,106
24,附　則　（平成六年一二月一四日法律第一一六号）　抄,5,第六条,PROCEDURE,明細書,119,122
24,附　則　（平成六年一二月一四日法律第一一六号）　抄,5,第六条,PROCEDURE,図面,124,126
24,附　則　（平成六年一二月一四日法律第一一六号）　抄,5,第六条,PROCEDURE,出願,220,222
24,附　則　（平成六年一二月一四日法律第一一六号）　抄,5,第六条,PROCEDURE,出願,243,245
24,附　則　（平成六年一二月一四日法律第一一六号）　抄,5,第六条,PROCEDURE,特許権,367,370
24,附　則　（平成六年一二月一四日法律第一一六号）　抄,5,第六条,LEGAL_STATUS,拒絶,76,78
24,附　則　（平成六年一二月一四日法律第一一六号）　抄,5,第六条,LEGAL_STATUS,無効,86,88
24,附　則　（平成六年一二月一四日法律第一一六号）　抄,5,第六条,LEGAL_STATUS,無効,143,145
24,附　則　（平成六年一二月一四日法律第一一六号）　抄,6,第七条,LAW_REFERENCE, この法律の施行前にした外国語特許出願（旧特許法第百八十四条,27,57
24,附　則　（平成六年一二月一四日法律第一一六号）　抄,6,第七条,LAW_REFERENCE,及びこの法律の施行前にした外国語特許出願に係る特許についての審判又は再審については、新特許法第六条,111,160
24,附　則　（平成六年一二月一四日法律第一一六号）　抄,6,第七条,LAW_REFERENCE,の二十第五項及び第六項の規定にかかわらず、なお従前の例による。 ２ この法,235,272
24,附　則　（平成六年一二月一四日法律第一一六号）　抄,6,第七条,LAW_REFERENCE,の規定による改正前の実用新案法（以下「旧実用新案法,304,329
24,附　則　（平成六年一二月一四日法律第一一六号）　抄,6,第七条,LAW_REFERENCE,の十四第四項の規定により実用新案登録出願とみなされた国際出願であって、外国語でされたものを含む。以下同じ。）が、新特許法第二十九条,340,405
24,附　則　（平成六年一二月一四日法律第一一六号）　抄,6,第七条,LAW_REFERENCE,の二又は新実用新案法第三条,405,418
24,附　則　（平成六年一二月一四日法律第一一六号）　抄,6,第七条,LAW_REFERENCE,の二に規定する他の特許出願又は実用新案登録出願である場合における新特許法第二十九条,418,459
24,附　則　（平成六年一二月一四日法律第一一六号）　抄,6,第七条,LAW_REFERENCE,の二又は新実用新案法第三条,459,472
24,附　則　（平成六年一二月一四日法律第一一六号）　抄,6,第七条,LAW_REFERENCE,の二の規定の適用については、新特許法第百八十四条,472,496
24,附　則　（平成六年一二月一四日法律第一一六号）　抄,6,第七条,LAW_REFERENCE,の十三（新特許法第百八十四条,496,510
24,附　則　（平成六年一二月一四日法律第一一六号）　抄,6,第七条,LAW_REFERENCE,の二十第六項において準用する場合を含む。）及び新実用新案法第四十八条,510,544
24,附　則　（平成六年一二月一四日法律第一一六号）　抄,6,第七条,LAW_REFERENCE,の九（新実用新案法第四十八条,544,558
24,附　則　（平成六年一二月一四日法律第一一六号）　抄,6,第七条,LAW_REFERENCE,の十六第六項において準用する場合を含む。）の規定にかかわらず、なお従前の例による。 ３ この法律の施行前にした外国語特許出願又は外国語実用新案登録出願が、旧特許法第四十一条,558,644
24,附　則　（平成六年一二月一四日法律第一一六号）　抄,6,第七条,LAW_REFERENCE,第一項又は旧実用新案法第八条,644,658
24,附　則　（平成六年一二月一四日法律第一一六号）　抄,6,第七条,LAW_REFERENCE,第一項の規定による優先権の主張を伴う場合における新特許法第二十九条,658,691
24,附　則　（平成六年一二月一四日法律第一一六号）　抄,6,第七条,LAW_REFERENCE,の二又は新実用新案法第三条,691,704
24,附　則　（平成六年一二月一四日法律第一一六号）　抄,6,第七条,LAW_REFERENCE,の二の規定の適用については、新特許法第百八十四条,704,728
24,附　則　（平成六年一二月一四日法律第一一六号）　抄,6,第七条,LAW_REFERENCE,の十五第三項（新特許法第百八十四条,728,745
24,附　則　（平成六年一二月一四日法律第一一六号）　抄,6,第七条,LAW_REFERENCE,の二十第六項において準用する場合を含む。）及び新実用新案法第四十八条,745,779
24,附　則　（平成六年一二月一四日法律第一一六号）　抄,6,第七条,LAW_REFERENCE,の十第三項（新実用新案法第四十八条,779,796
24,附　則　（平成六年一二月一四日法律第一一六号）　抄,6,第七条,ARTICLE_REFERENCE,第七条,0,3
24,附　則　（平成六年一二月一四日法律第一一六号）　抄,6,第七条,ARTICLE_REFERENCE,第七条,24,27
24,附　則　（平成六年一二月一四日法律第一一六号）　抄,6,第七条,ARTICLE_REFERENCE,第百八十四条の十六,51,60
24,附　則　（平成六年一二月一四日法律第一一六号）　抄,6,第七条,ARTICLE_REFERENCE,第四項,60,63
24,附　則　（平成六年一二月一四日法律第一一六号）　抄,6,第七条,ARTICLE_REFERENCE,第六条,157,160
24,附　則　（平成六年一二月一四日法律第一一六号）　抄,6,第七条,ARTICLE_REFERENCE,第八十条,161,165
24,附　則　（平成六年一二月一四日法律第一一六号）　抄,6,第七条,ARTICLE_REFERENCE,第一項,165,168
24,附　則　（平成六年一二月一四日法律第一一六号）　抄,6,第七条,ARTICLE_REFERENCE,第百八十四条の四,169,177
24,附　則　（平成六年一二月一四日法律第一一六号）　抄,6,第七条,ARTICLE_REFERENCE,第二項,177,180
24,附　則　（平成六年一二月一四日法律第一一六号）　抄,6,第七条,ARTICLE_REFERENCE,第四項,182,185
24,附　則　（平成六年一二月一四日法律第一一六号）　抄,6,第七条,ARTICLE_REFERENCE,第百八十四条の六,188,196
24,附　則　（平成六年一二月一四日法律第一一六号）　抄,6,第七条,ARTICLE_REFERENCE,第二項,196,199
24,附　則　（平成六年一二月一四日法律第一一六号）　抄,6,第七条,ARTICLE_REFERENCE,第三項,201,204
24,附　則　（平成六年一二月一四日法律第一一六号）　抄,6,第七条,ARTICLE_REFERENCE,第百八十四条の九,205,213
24,附　則　（平成六年一二月一四日法律第一一六号）　抄,6,第七条,ARTICLE_REFERENCE,第二項,213,216
24,附　則　（平成六年一二月一四日法律第一一六号）　抄,6,第七条,ARTICLE_REFERENCE,第百八十四条の十八,217,226
24,附　則　（平成六年一二月一四日法律第一一六号）　抄,6,第七条,ARTICLE_REFERENCE,第百八十四条の二十,229,238
24,附　則　（平成六年一二月一四日法律第一一六号）　抄,6,第七条,ARTICLE_REFERENCE,第五項,238,241
24,附　則　（平成六年一二月一四日法律第一一六号）　抄,6,第七条,ARTICLE_REFERENCE,第六項,243,246
24,附　則　（平成六年一二月一四日法律第一一六号）　抄,6,第七条,ARTICLE_REFERENCE,第三条,301,304
24,附　則　（平成六年一二月一四日法律第一一六号）　抄,6,第七条,ARTICLE_REFERENCE,第四十八条の十四,335,343
24,附　則　（平成六年一二月一四日法律第一一六号）　抄,6,第七条,ARTICLE_REFERENCE,第四項,343,346
24,附　則　（平成六年一二月一四日法律第一一六号）　抄,6,第七条,ARTICLE_REFERENCE,第二十九条の二,400,407
24,附　則　（平成六年一二月一四日法律第一一六号）　抄,6,第七条,ARTICLE_REFERENCE,第三条の二,415,420
24,附　則　（平成六年一二月一四日法律第一一六号）　抄,6,第七条,ARTICLE_REFERENCE,第二十九条の二,454,461
24,附　則　（平成六年一二月一四日法律第一一六号）　抄,6,第七条,ARTICLE_REFERENCE,第三条の二,469,474
24,附　則　（平成六年一二月一四日法律第一一六号）　抄,6,第七条,ARTICLE_REFERENCE,第百八十四条の十三,490,499
24,附　則　（平成六年一二月一四日法律第一一六号）　抄,6,第七条,ARTICLE_REFERENCE,第百八十四条の二十,504,513
24,附　則　（平成六年一二月一四日法律第一一六号）　抄,6,第七条,ARTICLE_REFERENCE,第六項,513,516
24,附　則　（平成六年一二月一四日法律第一一六号）　抄,6,第七条,ARTICLE_REFERENCE,第四十八条の九,539,546
24,附　則　（平成六年一二月一四日法律第一一六号）　抄,6,第七条,ARTICLE_REFERENCE,第四十八条の十六,553,561
24,附　則　（平成六年一二月一四日法律第一一六号）　抄,6,第七条,ARTICLE_REFERENCE,第六項,561,564
24,附　則　（平成六年一二月一四日法律第一一六号）　抄,6,第七条,ARTICLE_REFERENCE,第四十一条,639,644
24,附　則　（平成六年一二月一四日法律第一一六号）　抄,6,第七条,ARTICLE_REFERENCE,第一項,644,647
24,附　則　（平成六年一二月一四日法律第一一六号）　抄,6,第七条,ARTICLE_REFERENCE,第八条,655,658
24,附　則　（平成六年一二月一四日法律第一一六号）　抄,6,第七条,ARTICLE_REFERENCE,第一項,658,661
24,附　則　（平成六年一二月一四日法律第一一六号）　抄,6,第七条,ARTICLE_REFERENCE,第二十九条の二,686,693
24,附　則　（平成六年一二月一四日法律第一一六号）　抄,6,第七条,ARTICLE_REFERENCE,第三条の二,701,706
24,附　則　（平成六年一二月一四日法律第一一六号）　抄,6,第七条,ARTICLE_REFERENCE,第百八十四条の十五,722,731
24,附　則　（平成六年一二月一四日法律第一一六号）　抄,6,第七条,ARTICLE_REFERENCE,第三項,731,734
24,附　則　（平成六年一二月一四日法律第一一六号）　抄,6,第七条,ARTICLE_REFERENCE,第百八十四条の二十,739,748
24,附　則　（平成六年一二月一四日法律第一一六号）　抄,6,第七条,ARTICLE_REFERENCE,第六項,748,751
24,附　則　（平成六年一二月一四日法律第一一六号）　抄,6,第七条,ARTICLE_REFERENCE,第四十八条の十,774,781
24,附　則　（平成六年一二月一四日法律第一一六号）　抄,6,第七条,ARTICLE_REFERENCE,第三項,781,784
24,附　則　（平成六年一二月一四日法律第一一六号）　抄,6,第七条,ARTICLE_REFERENCE,第四十八条の十六,791,799
24,附　則　（平成六年一二月一四日法律第一一六号）　抄,6,第七条,ARTICLE_REFERENCE,第六項,799,802
24,附　則　（平成六年一二月一四日法律第一一六号）　抄,6,第七条,TIME_PERIOD,から,180,182
24,附　則　（平成六年一二月一四日法律第一一六号）　抄,6,第七条,TIME_PERIOD,まで,185,187
24,附　則　（平成六年一二月一四日法律第一一六号）　抄,6,第七条,PROCEDURE,出願,10,12
24,附　則　（平成六年一二月一四日法律第一一六号）　抄,6,第七条,PROCEDURE,出願,44,46
24,附　則　（平成六年一二月一四日法律第一一六号）　抄,6,第七条,PROCEDURE,出願,71,73
24,附　則　（平成六年一二月一四日法律第一一六号）　抄,6,第七条,PROCEDURE,出願,81,83
24,附　則　（平成六年一二月一四日法律第一一六号）　抄,6,第七条,PROCEDURE,出願,129,131
24,附　則　（平成六年一二月一四日法律第一一六号）　抄,6,第七条,PROCEDURE,審判,141,143
24,附　則　（平成六年一二月一四日法律第一一六号）　抄,6,第七条,PROCEDURE,再審,145,147
24,附　則　（平成六年一二月一四日法律第一一六号）　抄,6,第七条,PROCEDURE,出願,285,287
24,附　則　（平成六年一二月一四日法律第一一六号）　抄,6,第七条,PROCEDURE,登録,296,298
24,附　則　（平成六年一二月一四日法律第一一六号）　抄,6,第七条,PROCEDURE,出願,298,300
24,附　則　（平成六年一二月一四日法律第一一六号）　抄,6,第七条,PROCEDURE,登録,356,358
24,附　則　（平成六年一二月一四日法律第一一六号）　抄,6,第七条,PROCEDURE,出願,358,360
24,附　則　（平成六年一二月一四日法律第一一六号）　抄,6,第七条,PROCEDURE,出願,368,370
24,附　則　（平成六年一二月一四日法律第一一六号）　抄,6,第七条,PROCEDURE,出願,429,431
24,附　則　（平成六年一二月一四日法律第一一六号）　抄,6,第七条,PROCEDURE,登録,437,439
24,附　則　（平成六年一二月一四日法律第一一六号）　抄,6,第七条,PROCEDURE,出願,439,441
24,附　則　（平成六年一二月一四日法律第一一六号）　抄,6,第七条,PROCEDURE,出願,618,620
24,附　則　（平成六年一二月一四日法律第一一六号）　抄,6,第七条,PROCEDURE,登録,629,631
24,附　則　（平成六年一二月一四日法律第一一六号）　抄,6,第七条,PROCEDURE,出願,631,633
24,附　則　（平成六年一二月一四日法律第一一六号）　抄,7,第八条,LAW_REFERENCE,の規定による特許法,8,17
24,附　則　（平成六年一二月一四日法律第一一六号）　抄,7,第八条,LAW_REFERENCE,の規定による改正後の特許法（以下「新々特許法,151,173
24,附　則　（平成六年一二月一四日法律第一一六号）　抄,7,第八条,LAW_REFERENCE,第一項の規定の施行前にその決定の謄本の送達があった出願公告のすべてが終了する日前である特許出願についての新々特許法第二十九条,217,279
24,附　則　（平成六年一二月一四日法律第一一六号）　抄,7,第八条,LAW_REFERENCE,中「出願公開又は」とあるのは「出願公開、」と、「発行が」とあるのは「発行又は出願公告が」とする。 ３ 特許法等の一部を改正する法律（昭和六十二年法,295,368
24,附　則　（平成六年一二月一四日法律第一一六号）　抄,7,第八条,LAW_REFERENCE,第四項において「昭和六十二年改正法」という。）の施行前にした特許出願に係る特許についての新々特許法第百十三条,381,435
24,附　則　（平成六年一二月一四日法律第一一六号）　抄,7,第八条,LAW_REFERENCE,、新々特許法第百二十条,457,468
24,附　則　（平成六年一二月一四日法律第一一六号）　抄,7,第八条,LAW_REFERENCE,第二項及び新々特許法第百二十条,468,483
24,附　則　（平成六年一二月一四日法律第一一六号）　抄,7,第八条,LAW_REFERENCE,の三第二項において準用する新々特許法第百五十五条,483,507
24,附　則　（平成六年一二月一四日法律第一一六号）　抄,7,第八条,LAW_REFERENCE,第三項中「請求項」とあるのは、「発明」とする。 ４ 昭和六十二年改正法の施行前にした特許出願に係る特許について新々特許法第百十三条,507,572
24,附　則　（平成六年一二月一四日法律第一一六号）　抄,7,第八条,LAW_REFERENCE,の規定による特許異議の申立てをする者が納付しなければならない手数料については、新々特許法,572,616
24,附　則　（平成六年一二月一四日法律第一一六号）　抄,7,第八条,ARTICLE_REFERENCE,第八条,0,3
24,附　則　（平成六年一二月一四日法律第一一六号）　抄,7,第八条,ARTICLE_REFERENCE,第二条,5,8
24,附　則　（平成六年一二月一四日法律第一一六号）　抄,7,第八条,ARTICLE_REFERENCE,第八条,29,32
24,附　則　（平成六年一二月一四日法律第一一六号）　抄,7,第八条,ARTICLE_REFERENCE,第二条,33,36
24,附　則　（平成六年一二月一四日法律第一一六号）　抄,7,第八条,ARTICLE_REFERENCE,同条,91,93
24,附　則　（平成六年一二月一四日法律第一一六号）　抄,7,第八条,ARTICLE_REFERENCE,同条,149,151
24,附　則　（平成六年一二月一四日法律第一一六号）　抄,7,第八条,ARTICLE_REFERENCE,第二条,210,213
24,附　則　（平成六年一二月一四日法律第一一六号）　抄,7,第八条,ARTICLE_REFERENCE,次条,215,217
24,附　則　（平成六年一二月一四日法律第一一六号）　抄,7,第八条,ARTICLE_REFERENCE,第一項,217,220
24,附　則　（平成六年一二月一四日法律第一一六号）　抄,7,第八条,ARTICLE_REFERENCE,第二十九条の二,274,281
24,附　則　（平成六年一二月一四日法律第一一六号）　抄,7,第八条,ARTICLE_REFERENCE,同条,293,295
24,附　則　（平成六年一二月一四日法律第一一六号）　抄,7,第八条,ARTICLE_REFERENCE,第二十七号,369,374
24,附　則　（平成六年一二月一四日法律第一一六号）　抄,7,第八条,ARTICLE_REFERENCE,次項,375,377
24,附　則　（平成六年一二月一四日法律第一一六号）　抄,7,第八条,ARTICLE_REFERENCE,次条,379,381
24,附　則　（平成六年一二月一四日法律第一一六号）　抄,7,第八条,ARTICLE_REFERENCE,第四項,381,384
24,附　則　（平成六年一二月一四日法律第一一六号）　抄,7,第八条,ARTICLE_REFERENCE,第百十三条,430,435
24,附　則　（平成六年一二月一四日法律第一一六号）　抄,7,第八条,ARTICLE_REFERENCE,同条,455,457
24,附　則　（平成六年一二月一四日法律第一一六号）　抄,7,第八条,ARTICLE_REFERENCE,第百二十条,463,468
24,附　則　（平成六年一二月一四日法律第一一六号）　抄,7,第八条,ARTICLE_REFERENCE,第二項,468,471
24,附　則　（平成六年一二月一四日法律第一一六号）　抄,7,第八条,ARTICLE_REFERENCE,第百二十条の三,478,485
24,附　則　（平成六年一二月一四日法律第一一六号）　抄,7,第八条,ARTICLE_REFERENCE,第二項,485,488
24,附　則　（平成六年一二月一四日法律第一一六号）　抄,7,第八条,ARTICLE_REFERENCE,第百五十五条,501,507
24,附　則　（平成六年一二月一四日法律第一一六号）　抄,7,第八条,ARTICLE_REFERENCE,第三項,507,510
24,附　則　（平成六年一二月一四日法律第一一六号）　抄,7,第八条,ARTICLE_REFERENCE,第百十三条,567,572
24,附　則　（平成六年一二月一四日法律第一一六号）　抄,7,第八条,ARTICLE_REFERENCE,第十一号,618,622
24,附　則　（平成六年一二月一四日法律第一一六号）　抄,7,第八条,TIME_PERIOD,出願の日,204,208
24,附　則　（平成六年一二月一四日法律第一一六号）　抄,7,第八条,TIME_PERIOD,六十二年,363,367
24,附　則　（平成六年一二月一四日法律第一一六号）　抄,7,第八条,TIME_PERIOD,六十二年,391,395
24,附　則　（平成六年一二月一四日法律第一一六号）　抄,7,第八条,TIME_PERIOD,六十二年,535,539
24,附　則　（平成六年一二月一四日法律第一一六号）　抄,7,第八条,MONEY_AMOUNT,手数料,602,605
24,附　則　（平成六年一二月一四日法律第一一六号）　抄,7,第八条,MONEY_AMOUNT,八千七百円,629,634
24,附　則　（平成六年一二月一四日法律第一一六号）　抄,7,第八条,MONEY_AMOUNT,千円,642,644
24,附　則　（平成六年一二月一四日法律第一一六号）　抄,7,第八条,MONEY_AMOUNT,五千円,657,660
24,附　則　（平成六年一二月一四日法律第一一六号）　抄,7,第八条,MONEY_AMOUNT,五千円,667,670
24,附　則　（平成六年一二月一四日法律第一一六号）　抄,7,第八条,ORGANIZATION,特許庁,46,49
24,附　則　（平成六年一二月一四日法律第一一六号）　抄,7,第八条,PROCEDURE,出願,58,60
24,附　則　（平成六年一二月一四日法律第一一六号）　抄,7,第八条,PROCEDURE,出願,65,67
24,附　則　（平成六年一二月一四日法律第一一六号）　抄,7,第八条,PROCEDURE,公告,67,69
24,附　則　（平成六年一二月一四日法律第一一六号）　抄,7,第八条,PROCEDURE,出願,101,103
24,附　則　（平成六年一二月一四日法律第一一六号）　抄,7,第八条,PROCEDURE,公告,103,105
24,附　則　（平成六年一二月一四日法律第一一六号）　抄,7,第八条,PROCEDURE,出願,125,127
24,附　則　（平成六年一二月一四日法律第一一六号）　抄,7,第八条,PROCEDURE,特許権,133,136
24,附　則　（平成六年一二月一四日法律第一一六号）　抄,7,第八条,PROCEDURE,審判,137,139
24,附　則　（平成六年一二月一四日法律第一一六号）　抄,7,第八条,PROCEDURE,再審,141,143
24,附　則　（平成六年一二月一四日法律第一一六号）　抄,7,第八条,PROCEDURE,出願,204,206
24,附　則　（平成六年一二月一四日法律第一一六号）　抄,7,第八条,PROCEDURE,出願,242,244
24,附　則　（平成六年一二月一四日法律第一一六号）　抄,7,第八条,PROCEDURE,公告,244,246
24,附　則　（平成六年一二月一四日法律第一一六号）　抄,7,第八条,PROCEDURE,出願,262,264
24,附　則　（平成六年一二月一四日法律第一一六号）　抄,7,第八条,PROCEDURE,出願,297,299
24,附　則　（平成六年一二月一四日法律第一一六号）　抄,7,第八条,PROCEDURE,出願,310,312
24,附　則　（平成六年一二月一四日法律第一一六号）　抄,7,第八条,PROCEDURE,出願,333,335
24,附　則　（平成六年一二月一四日法律第一一六号）　抄,7,第八条,PROCEDURE,公告,335,337
24,附　則　（平成六年一二月一四日法律第一一六号）　抄,7,第八条,PROCEDURE,出願,413,415
24,附　則　（平成六年一二月一四日法律第一一六号）　抄,7,第八条,PROCEDURE,請求項,512,515
24,附　則　（平成六年一二月一四日法律第一一六号）　抄,7,第八条,PROCEDURE,発明,523,525
24,附　則　（平成六年一二月一四日法律第一一六号）　抄,7,第八条,PROCEDURE,出願,551,553
24,附　則　（平成六年一二月一四日法律第一一六号）　抄,7,第八条,PROCEDURE,請求項,636,639
24,附　則　（平成六年一二月一四日法律第一一六号）　抄,7,第八条,PROCEDURE,発明,662,664
24,附　則　（平成六年一二月一四日法律第一一六号）　抄,8,第十三条,LAW_REFERENCE, この法律の各改正規定の施行前にした行為及びこの附則の規定によりなお従前の例によることとされる事項に係るこの法,25,80
24,附　則　（平成六年一二月一四日法律第一一六号）　抄,8,第十三条,ARTICLE_REFERENCE,第十三条,0,4
24,附　則　（平成六年一二月一四日法律第一一六号）　抄,8,第十三条,ARTICLE_REFERENCE,第十三条,21,25
24,附　則　（平成六年一二月一四日法律第一一六号）　抄,8,第十三条,ARTICLE_REFERENCE,附則,49,51
24,附　則　（平成六年一二月一四日法律第一一六号）　抄,9,第十四条,LAW_REFERENCE,政令,6,8
24,附　則　（平成六年一二月一四日法律第一一六号）　抄,9,第十四条,LAW_REFERENCE,までに定めるもののほか、この法,28,43
24,附　則　（平成六年一二月一四日法律第一一六号）　抄,9,第十四条,LAW_REFERENCE,政令,59,61
24,附　則　（平成六年一二月一四日法律第一一六号）　抄,9,第十四条,ARTICLE_REFERENCE,第十四条,0,4
24,附　則　（平成六年一二月一四日法律第一一六号）　抄,9,第十四条,ARTICLE_REFERENCE,第十四条,14,18
24,附　則　（平成六年一二月一四日法律第一一六号）　抄,9,第十四条,ARTICLE_REFERENCE,附則,19,21
24,附　則　（平成六年一二月一四日法律第一一六号）　抄,9,第十四条,ARTICLE_REFERENCE,第二条,21,24
24,附　則　（平成六年一二月一四日法律第一一六号）　抄,9,第十四条,ARTICLE_REFERENCE,前条,26,28
24,附　則　（平成六年一二月一四日法律第一一六号）　抄,9,第十四条,TIME_PERIOD,から,24,26
24,附　則　（平成六年一二月一四日法律第一一六号）　抄,9,第十四条,TIME_PERIOD,まで,28,30
25,附　則　（平成七年五月一二日法律第九一号）　抄,0,第一条,LAW_REFERENCE, この法,14,18
25,附　則　（平成七年五月一二日法律第九一号）　抄,0,第一条,ARTICLE_REFERENCE,第一条,0,3
25,附　則　（平成七年五月一二日法律第九一号）　抄,0,第一条,ARTICLE_REFERENCE,第一条,11,14
25,附　則　（平成七年五月一二日法律第九一号）　抄,0,第一条,TIME_PERIOD,から,25,27
25,附　則　（平成七年五月一二日法律第九一号）　抄,0,第一条,TIME_PERIOD,二十日,31,34
25,附　則　（平成七年五月一二日法律第九一号）　抄,0,第一条,TIME_PERIOD,を経過,34,37
25,附　則　（平成七年五月一二日法律第九一号）　抄,0,第一条,TIME_PERIOD,から,40,42
26,附　則　（平成八年六月一二日法律第六八号）　抄,0,第一条,LAW_REFERENCE, この法,14,18
26,附　則　（平成八年六月一二日法律第六八号）　抄,0,第一条,LAW_REFERENCE,中商標法第四十条,78,86
26,附　則　（平成八年六月一二日法律第六八号）　抄,0,第一条,LAW_REFERENCE,中特許法第百七条,116,124
26,附　則　（平成八年六月一二日法律第六八号）　抄,0,第一条,LAW_REFERENCE,中実用新案法第三十一条,164,175
26,附　則　（平成八年六月一二日法律第六八号）　抄,0,第一条,LAW_REFERENCE,中意匠法第四十二条,214,223
26,附　則　（平成八年六月一二日法律第六八号）　抄,0,第一条,LAW_REFERENCE,中工業所有権に関する手続等の特例に関する法,262,283
26,附　則　（平成八年六月一二日法律第六八号）　抄,0,第一条,ARTICLE_REFERENCE,第一条,0,3
26,附　則　（平成八年六月一二日法律第六八号）　抄,0,第一条,ARTICLE_REFERENCE,第一条,11,14
26,附　則　（平成八年六月一二日法律第六八号）　抄,0,第一条,ARTICLE_REFERENCE,各号,42,44
26,附　則　（平成八年六月一二日法律第六八号）　抄,0,第一条,ARTICLE_REFERENCE,各号,54,56
26,附　則　（平成八年六月一二日法律第六八号）　抄,0,第一条,ARTICLE_REFERENCE,第一条,75,78
26,附　則　（平成八年六月一二日法律第六八号）　抄,0,第一条,ARTICLE_REFERENCE,第四十条,82,86
26,附　則　（平成八年六月一二日法律第六八号）　抄,0,第一条,ARTICLE_REFERENCE,第四項,86,89
26,附　則　（平成八年六月一二日法律第六八号）　抄,0,第一条,ARTICLE_REFERENCE,第七十六条,91,96
26,附　則　（平成八年六月一二日法律第六八号）　抄,0,第一条,ARTICLE_REFERENCE,第四項,96,99
26,附　則　（平成八年六月一二日法律第六八号）　抄,0,第一条,ARTICLE_REFERENCE,第二条,113,116
26,附　則　（平成八年六月一二日法律第六八号）　抄,0,第一条,ARTICLE_REFERENCE,第百七条,120,124
26,附　則　（平成八年六月一二日法律第六八号）　抄,0,第一条,ARTICLE_REFERENCE,第三項,124,127
26,附　則　（平成八年六月一二日法律第六八号）　抄,0,第一条,ARTICLE_REFERENCE,第百十二条,128,133
26,附　則　（平成八年六月一二日法律第六八号）　抄,0,第一条,ARTICLE_REFERENCE,第三項,133,136
26,附　則　（平成八年六月一二日法律第六八号）　抄,0,第一条,ARTICLE_REFERENCE,第百九十五条,138,144
26,附　則　（平成八年六月一二日法律第六八号）　抄,0,第一条,ARTICLE_REFERENCE,第五項,144,147
26,附　則　（平成八年六月一二日法律第六八号）　抄,0,第一条,ARTICLE_REFERENCE,第三条,161,164
26,附　則　（平成八年六月一二日法律第六八号）　抄,0,第一条,ARTICLE_REFERENCE,第三十一条,170,175
26,附　則　（平成八年六月一二日法律第六八号）　抄,0,第一条,ARTICLE_REFERENCE,第三項,175,178
26,附　則　（平成八年六月一二日法律第六八号）　抄,0,第一条,ARTICLE_REFERENCE,第三十三条,179,184
26,附　則　（平成八年六月一二日法律第六八号）　抄,0,第一条,ARTICLE_REFERENCE,第三項,184,187
26,附　則　（平成八年六月一二日法律第六八号）　抄,0,第一条,ARTICLE_REFERENCE,第五十四条,189,194
26,附　則　（平成八年六月一二日法律第六八号）　抄,0,第一条,ARTICLE_REFERENCE,第四項,194,197
26,附　則　（平成八年六月一二日法律第六八号）　抄,0,第一条,ARTICLE_REFERENCE,第四条,211,214
26,附　則　（平成八年六月一二日法律第六八号）　抄,0,第一条,ARTICLE_REFERENCE,第四十二条,218,223
26,附　則　（平成八年六月一二日法律第六八号）　抄,0,第一条,ARTICLE_REFERENCE,第四項,223,226
26,附　則　（平成八年六月一二日法律第六八号）　抄,0,第一条,ARTICLE_REFERENCE,第四十四条,227,232
26,附　則　（平成八年六月一二日法律第六八号）　抄,0,第一条,ARTICLE_REFERENCE,第三項,232,235
26,附　則　（平成八年六月一二日法律第六八号）　抄,0,第一条,ARTICLE_REFERENCE,第六十七条,237,242
26,附　則　（平成八年六月一二日法律第六八号）　抄,0,第一条,ARTICLE_REFERENCE,第四項,242,245
26,附　則　（平成八年六月一二日法律第六八号）　抄,0,第一条,ARTICLE_REFERENCE,第五条,259,262
26,附　則　（平成八年六月一二日法律第六八号）　抄,0,第一条,ARTICLE_REFERENCE,第四十条,284,288
26,附　則　（平成八年六月一二日法律第六八号）　抄,0,第一条,ARTICLE_REFERENCE,第四項,288,291
26,附　則　（平成八年六月一二日法律第六八号）　抄,0,第一条,ARTICLE_REFERENCE,附則,307,309
26,附　則　（平成八年六月一二日法律第六八号）　抄,0,第一条,ARTICLE_REFERENCE,第二十七条,309,314
26,附　則　（平成八年六月一二日法律第六八号）　抄,0,第一条,TIME_PERIOD,九年四月一日,23,29
26,附　則　（平成八年六月一二日法律第六八号）　抄,0,第一条,TIME_PERIOD,から,29,31
26,附　則　（平成八年六月一二日法律第六八号）　抄,0,第一条,TIME_PERIOD,から,61,63
26,附　則　（平成八年六月一二日法律第六八号）　抄,0,第一条,TIME_PERIOD,八年十月一日,320,326
26,附　則　（平成八年六月一二日法律第六八号）　抄,0,第一条,PROCEDURE,商標,79,81
26,附　則　（平成八年六月一二日法律第六八号）　抄,0,第一条,PROCEDURE,意匠,215,217
26,附　則　（平成八年六月一二日法律第六八号）　抄,1,第二十一条,LAW_REFERENCE,政令,7,9
26,附　則　（平成八年六月一二日法律第六八号）　抄,1,第二十一条,LAW_REFERENCE,までに定めるもののほか、この法,30,45
26,附　則　（平成八年六月一二日法律第六八号）　抄,1,第二十一条,LAW_REFERENCE,政令,61,63
26,附　則　（平成八年六月一二日法律第六八号）　抄,1,第二十一条,ARTICLE_REFERENCE,第二十一条,0,5
26,附　則　（平成八年六月一二日法律第六八号）　抄,1,第二十一条,ARTICLE_REFERENCE,第二十一条,15,20
26,附　則　（平成八年六月一二日法律第六八号）　抄,1,第二十一条,ARTICLE_REFERENCE,附則,21,23
26,附　則　（平成八年六月一二日法律第六八号）　抄,1,第二十一条,ARTICLE_REFERENCE,第二条,23,26
26,附　則　（平成八年六月一二日法律第六八号）　抄,1,第二十一条,ARTICLE_REFERENCE,前条,28,30
26,附　則　（平成八年六月一二日法律第六八号）　抄,1,第二十一条,TIME_PERIOD,から,26,28
26,附　則　（平成八年六月一二日法律第六八号）　抄,1,第二十一条,TIME_PERIOD,まで,30,32
27,附　則　（平成一〇年五月六日法律第五一号）　抄,0,第一条,LAW_REFERENCE, この法,14,18
27,附　則　（平成一〇年五月六日法律第五一号）　抄,0,第一条,LAW_REFERENCE,中特許法第百七条,75,83
27,附　則　（平成一〇年五月六日法律第五一号）　抄,0,第一条,LAW_REFERENCE,中工業所有権に関する手続等の特例に関する法,110,131
27,附　則　（平成一〇年五月六日法律第五一号）　抄,0,第一条,LAW_REFERENCE,政令,196,198
27,附　則　（平成一〇年五月六日法律第五一号）　抄,0,第一条,LAW_REFERENCE,中特許法第百七条,209,217
27,附　則　（平成一〇年五月六日法律第五一号）　抄,0,第一条,LAW_REFERENCE,第一項の表の改正規定を除く。）及び同法第百九十五条,225,250
27,附　則　（平成一〇年五月六日法律第五一号）　抄,0,第一条,LAW_REFERENCE,中実用新案法第三十一条,285,296
27,附　則　（平成一〇年五月六日法律第五一号）　抄,0,第一条,LAW_REFERENCE,の改正規定及び同法第五十四条,296,310
27,附　則　（平成一〇年五月六日法律第五一号）　抄,0,第一条,LAW_REFERENCE,中商標法第四十条,352,360
27,附　則　（平成一〇年五月六日法律第五一号）　抄,0,第一条,LAW_REFERENCE,の七第三項の改正規定並びに同法第七十六条,378,398
27,附　則　（平成一〇年五月六日法律第五一号）　抄,0,第一条,LAW_REFERENCE,中工業所有権に関する手続等の特例に関する法,423,444
27,附　則　（平成一〇年五月六日法律第五一号）　抄,0,第一条,LAW_REFERENCE,中商標法等の一部を改正する法律（平成八年法,494,515
27,附　則　（平成一〇年五月六日法律第五一号）　抄,0,第一条,ARTICLE_REFERENCE,第一条,0,3
27,附　則　（平成一〇年五月六日法律第五一号）　抄,0,第一条,ARTICLE_REFERENCE,第一条,11,14
27,附　則　（平成一〇年五月六日法律第五一号）　抄,0,第一条,ARTICLE_REFERENCE,各号,43,45
27,附　則　（平成一〇年五月六日法律第五一号）　抄,0,第一条,ARTICLE_REFERENCE,各号,55,57
27,附　則　（平成一〇年五月六日法律第五一号）　抄,0,第一条,ARTICLE_REFERENCE,第一条,72,75
27,附　則　（平成一〇年五月六日法律第五一号）　抄,0,第一条,ARTICLE_REFERENCE,第百七条,79,83
27,附　則　（平成一〇年五月六日法律第五一号）　抄,0,第一条,ARTICLE_REFERENCE,同条,89,91
27,附　則　（平成一〇年五月六日法律第五一号）　抄,0,第一条,ARTICLE_REFERENCE,第一項,91,94
27,附　則　（平成一〇年五月六日法律第五一号）　抄,0,第一条,ARTICLE_REFERENCE,第六条,107,110
27,附　則　（平成一〇年五月六日法律第五一号）　抄,0,第一条,ARTICLE_REFERENCE,第三十六条,132,137
27,附　則　（平成一〇年五月六日法律第五一号）　抄,0,第一条,ARTICLE_REFERENCE,第一項,137,140
27,附　則　（平成一〇年五月六日法律第五一号）　抄,0,第一条,ARTICLE_REFERENCE,次条,148,150
27,附　則　（平成一〇年五月六日法律第五一号）　抄,0,第一条,ARTICLE_REFERENCE,第二項,150,153
27,附　則　（平成一〇年五月六日法律第五一号）　抄,0,第一条,ARTICLE_REFERENCE,附則,155,157
27,附　則　（平成一〇年五月六日法律第五一号）　抄,0,第一条,ARTICLE_REFERENCE,第八条,157,160
27,附　則　（平成一〇年五月六日法律第五一号）　抄,0,第一条,ARTICLE_REFERENCE,第十二条,162,166
27,附　則　（平成一〇年五月六日法律第五一号）　抄,0,第一条,ARTICLE_REFERENCE,第一条,206,209
27,附　則　（平成一〇年五月六日法律第五一号）　抄,0,第一条,ARTICLE_REFERENCE,第百七条,213,217
27,附　則　（平成一〇年五月六日法律第五一号）　抄,0,第一条,ARTICLE_REFERENCE,同条,223,225
27,附　則　（平成一〇年五月六日法律第五一号）　抄,0,第一条,ARTICLE_REFERENCE,第一項,225,228
27,附　則　（平成一〇年五月六日法律第五一号）　抄,0,第一条,ARTICLE_REFERENCE,第百九十五条,244,250
27,附　則　（平成一〇年五月六日法律第五一号）　抄,0,第一条,ARTICLE_REFERENCE,同条,256,258
27,附　則　（平成一〇年五月六日法律第五一号）　抄,0,第一条,ARTICLE_REFERENCE,第一項,258,261
27,附　則　（平成一〇年五月六日法律第五一号）　抄,0,第一条,ARTICLE_REFERENCE,第四号,261,264
27,附　則　（平成一〇年五月六日法律第五一号）　抄,0,第一条,ARTICLE_REFERENCE,第七号,266,269
27,附　則　（平成一〇年五月六日法律第五一号）　抄,0,第一条,ARTICLE_REFERENCE,第二条,282,285
27,附　則　（平成一〇年五月六日法律第五一号）　抄,0,第一条,ARTICLE_REFERENCE,第三十一条,291,296
27,附　則　（平成一〇年五月六日法律第五一号）　抄,0,第一条,ARTICLE_REFERENCE,第五十四条,305,310
27,附　則　（平成一〇年五月六日法律第五一号）　抄,0,第一条,ARTICLE_REFERENCE,同条,316,318
27,附　則　（平成一〇年五月六日法律第五一号）　抄,0,第一条,ARTICLE_REFERENCE,第一項,318,321
27,附　則　（平成一〇年五月六日法律第五一号）　抄,0,第一条,ARTICLE_REFERENCE,第四号,321,324
27,附　則　（平成一〇年五月六日法律第五一号）　抄,0,第一条,ARTICLE_REFERENCE,第七号,326,329
27,附　則　（平成一〇年五月六日法律第五一号）　抄,0,第一条,ARTICLE_REFERENCE,第四条,342,345
27,附　則　（平成一〇年五月六日法律第五一号）　抄,0,第一条,ARTICLE_REFERENCE,第五条,349,352
27,附　則　（平成一〇年五月六日法律第五一号）　抄,0,第一条,ARTICLE_REFERENCE,第四十条,356,360
27,附　則　（平成一〇年五月六日法律第五一号）　抄,0,第一条,ARTICLE_REFERENCE,第四十一条の二,361,368
27,附　則　（平成一〇年五月六日法律第五一号）　抄,0,第一条,ARTICLE_REFERENCE,第五項,368,371
27,附　則　（平成一〇年五月六日法律第五一号）　抄,0,第一条,ARTICLE_REFERENCE,第六十五条の七,373,380
27,附　則　（平成一〇年五月六日法律第五一号）　抄,0,第一条,ARTICLE_REFERENCE,第三項,380,383
27,附　則　（平成一〇年五月六日法律第五一号）　抄,0,第一条,ARTICLE_REFERENCE,第七十六条,393,398
27,附　則　（平成一〇年五月六日法律第五一号）　抄,0,第一条,ARTICLE_REFERENCE,同条,404,406
27,附　則　（平成一〇年五月六日法律第五一号）　抄,0,第一条,ARTICLE_REFERENCE,第一項,406,409
27,附　則　（平成一〇年五月六日法律第五一号）　抄,0,第一条,ARTICLE_REFERENCE,第六条,420,423
27,附　則　（平成一〇年五月六日法律第五一号）　抄,0,第一条,ARTICLE_REFERENCE,第四十条,445,449
27,附　則　（平成一〇年五月六日法律第五一号）　抄,0,第一条,ARTICLE_REFERENCE,次条,457,459
27,附　則　（平成一〇年五月六日法律第五一号）　抄,0,第一条,ARTICLE_REFERENCE,第三項,459,462
27,附　則　（平成一〇年五月六日法律第五一号）　抄,0,第一条,ARTICLE_REFERENCE,附則,463,465
27,附　則　（平成一〇年五月六日法律第五一号）　抄,0,第一条,ARTICLE_REFERENCE,第三条,465,468
27,附　則　（平成一〇年五月六日法律第五一号）　抄,0,第一条,ARTICLE_REFERENCE,第二項,468,471
27,附　則　（平成一〇年五月六日法律第五一号）　抄,0,第一条,ARTICLE_REFERENCE,第五条,472,475
27,附　則　（平成一〇年五月六日法律第五一号）　抄,0,第一条,ARTICLE_REFERENCE,第六条,478,481
27,附　則　（平成一〇年五月六日法律第五一号）　抄,0,第一条,ARTICLE_REFERENCE,第二項,481,484
27,附　則　（平成一〇年五月六日法律第五一号）　抄,0,第一条,ARTICLE_REFERENCE,附則,488,490
27,附　則　（平成一〇年五月六日法律第五一号）　抄,0,第一条,ARTICLE_REFERENCE,第十四条,490,494
27,附　則　（平成一〇年五月六日法律第五一号）　抄,0,第一条,ARTICLE_REFERENCE,第六十八号,516,521
27,附　則　（平成一〇年五月六日法律第五一号）　抄,0,第一条,ARTICLE_REFERENCE,附則,522,524
27,附　則　（平成一〇年五月六日法律第五一号）　抄,0,第一条,ARTICLE_REFERENCE,第十五条,524,528
27,附　則　（平成一〇年五月六日法律第五一号）　抄,0,第一条,ARTICLE_REFERENCE,第二項,528,531
27,附　則　（平成一〇年五月六日法律第五一号）　抄,0,第一条,ARTICLE_REFERENCE,附則,539,541
27,附　則　（平成一〇年五月六日法律第五一号）　抄,0,第一条,ARTICLE_REFERENCE,第十八条,541,545
27,附　則　（平成一〇年五月六日法律第五一号）　抄,0,第一条,TIME_PERIOD,十一年一月一日,23,30
27,附　則　（平成一〇年五月六日法律第五一号）　抄,0,第一条,TIME_PERIOD,から,30,32
27,附　則　（平成一〇年五月六日法律第五一号）　抄,0,第一条,TIME_PERIOD,から,62,64
27,附　則　（平成一〇年五月六日法律第五一号）　抄,0,第一条,TIME_PERIOD,から,160,162
27,附　則　（平成一〇年五月六日法律第五一号）　抄,0,第一条,TIME_PERIOD,まで,166,168
27,附　則　（平成一〇年五月六日法律第五一号）　抄,0,第一条,TIME_PERIOD,から,176,178
27,附　則　（平成一〇年五月六日法律第五一号）　抄,0,第一条,TIME_PERIOD,一月,182,184
27,附　則　（平成一〇年五月六日法律第五一号）　抄,0,第一条,TIME_PERIOD,から,264,266
27,附　則　（平成一〇年五月六日法律第五一号）　抄,0,第一条,TIME_PERIOD,まで,269,271
27,附　則　（平成一〇年五月六日法律第五一号）　抄,0,第一条,TIME_PERIOD,から,324,326
27,附　則　（平成一〇年五月六日法律第五一号）　抄,0,第一条,TIME_PERIOD,まで,329,331
27,附　則　（平成一〇年五月六日法律第五一号）　抄,0,第一条,TIME_PERIOD,八年,512,514
27,附　則　（平成一〇年五月六日法律第五一号）　抄,0,第一条,TIME_PERIOD,十一年四月一日,551,558
27,附　則　（平成一〇年五月六日法律第五一号）　抄,0,第一条,PROCEDURE,商標,353,355
27,附　則　（平成一〇年五月六日法律第五一号）　抄,0,第一条,PROCEDURE,商標,495,497
27,附　則　（平成一〇年五月六日法律第五一号）　抄,1,第二条,LAW_REFERENCE,"
（特許法",3,8
27,附　則　（平成一〇年五月六日法律第五一号）　抄,1,第二条,LAW_REFERENCE, この法,23,27
27,附　則　（平成一〇年五月六日法律第五一号）　抄,1,第二条,LAW_REFERENCE,の規定による改正後の特許法（以下「新特許法,180,201
27,附　則　（平成一〇年五月六日法律第五一号）　抄,1,第二条,LAW_REFERENCE,第二号に定める日前に既に納付した特許料又は同日前に納付すべきであった特許料については、新特許法第百七条,239,290
27,附　則　（平成一〇年五月六日法律第五一号）　抄,1,第二条,LAW_REFERENCE,第三項及び第四項の規定にかかわらず、なお従前の例による。 ４ この法,290,324
27,附　則　（平成一〇年五月六日法律第五一号）　抄,1,第二条,ARTICLE_REFERENCE,第二条,0,3
27,附　則　（平成一〇年五月六日法律第五一号）　抄,1,第二条,ARTICLE_REFERENCE,第二条,20,23
27,附　則　（平成一〇年五月六日法律第五一号）　抄,1,第二条,ARTICLE_REFERENCE,前条,132,134
27,附　則　（平成一〇年五月六日法律第五一号）　抄,1,第二条,ARTICLE_REFERENCE,第一号,134,137
27,附　則　（平成一〇年五月六日法律第五一号）　抄,1,第二条,ARTICLE_REFERENCE,第一条,177,180
27,附　則　（平成一〇年五月六日法律第五一号）　抄,1,第二条,ARTICLE_REFERENCE,第百七条,207,211
27,附　則　（平成一〇年五月六日法律第五一号）　抄,1,第二条,ARTICLE_REFERENCE,第一項,211,214
27,附　則　（平成一〇年五月六日法律第五一号）　抄,1,第二条,ARTICLE_REFERENCE,前条,237,239
27,附　則　（平成一〇年五月六日法律第五一号）　抄,1,第二条,ARTICLE_REFERENCE,第二号,239,242
27,附　則　（平成一〇年五月六日法律第五一号）　抄,1,第二条,ARTICLE_REFERENCE,第百七条,286,290
27,附　則　（平成一〇年五月六日法律第五一号）　抄,1,第二条,ARTICLE_REFERENCE,第三項,290,293
27,附　則　（平成一〇年五月六日法律第五一号）　抄,1,第二条,ARTICLE_REFERENCE,第四項,295,298
27,附　則　（平成一〇年五月六日法律第五一号）　抄,1,第二条,TIME_PERIOD,まで,115,117
27,附　則　（平成一〇年五月六日法律第五一号）　抄,1,第二条,ORGANIZATION,特許庁,35,38
27,附　則　（平成一〇年五月六日法律第五一号）　抄,1,第二条,PROCEDURE,出願,47,49
27,附　則　（平成一〇年五月六日法律第五一号）　抄,1,第二条,PROCEDURE,審判,56,58
27,附　則　（平成一〇年五月六日法律第五一号）　抄,1,第二条,PROCEDURE,再審,62,64
27,附　則　（平成一〇年五月六日法律第五一号）　抄,1,第二条,PROCEDURE,出願,88,90
27,附　則　（平成一〇年五月六日法律第五一号）　抄,1,第二条,PROCEDURE,審判,92,94
27,附　則　（平成一〇年五月六日法律第五一号）　抄,1,第二条,PROCEDURE,再審,98,100
27,附　則　（平成一〇年五月六日法律第五一号）　抄,1,第二条,PROCEDURE,出願,334,336
27,附　則　（平成一〇年五月六日法律第五一号）　抄,1,第二条,LEGAL_STATUS,無効,356,358
27,附　則　（平成一〇年五月六日法律第五一号）　抄,2,第七条,LAW_REFERENCE, この法律の施行前にした行為及びこの附則の規定によりなお従前の例によることとされる事項に係るこの法,23,72
27,附　則　（平成一〇年五月六日法律第五一号）　抄,2,第七条,ARTICLE_REFERENCE,第七条,0,3
27,附　則　（平成一〇年五月六日法律第五一号）　抄,2,第七条,ARTICLE_REFERENCE,第七条,20,23
27,附　則　（平成一〇年五月六日法律第五一号）　抄,2,第七条,ARTICLE_REFERENCE,附則,41,43
27,附　則　（平成一〇年五月六日法律第五一号）　抄,3,第八条,LAW_REFERENCE,政令,5,7
27,附　則　（平成一〇年五月六日法律第五一号）　抄,3,第八条,LAW_REFERENCE,までに定めるもののほか、この法,26,41
27,附　則　（平成一〇年五月六日法律第五一号）　抄,3,第八条,LAW_REFERENCE,政令,57,59
27,附　則　（平成一〇年五月六日法律第五一号）　抄,3,第八条,ARTICLE_REFERENCE,第八条,0,3
27,附　則　（平成一〇年五月六日法律第五一号）　抄,3,第八条,ARTICLE_REFERENCE,第八条,13,16
27,附　則　（平成一〇年五月六日法律第五一号）　抄,3,第八条,ARTICLE_REFERENCE,附則,17,19
27,附　則　（平成一〇年五月六日法律第五一号）　抄,3,第八条,ARTICLE_REFERENCE,第二条,19,22
27,附　則　（平成一〇年五月六日法律第五一号）　抄,3,第八条,ARTICLE_REFERENCE,前条,24,26
27,附　則　（平成一〇年五月六日法律第五一号）　抄,3,第八条,TIME_PERIOD,から,22,24
27,附　則　（平成一〇年五月六日法律第五一号）　抄,3,第八条,TIME_PERIOD,まで,26,28
27,附　則　（平成一〇年五月六日法律第五一号）　抄,4,第十二条,LAW_REFERENCE,"
（昭和六十二年改正法",4,15
27,附　則　（平成一〇年五月六日法律第五一号）　抄,4,第十二条,LAW_REFERENCE,の規定による改正前の特許法等の一部を改正する法律（以下「昭和六十二年改正法,51,88
27,附　則　（平成一〇年五月六日法律第五一号）　抄,4,第十二条,LAW_REFERENCE,の規定による改正前の特許法第百七条,121,138
27,附　則　（平成一〇年五月六日法律第五一号）　抄,4,第十二条,LAW_REFERENCE,の規定による改正後の昭和六十二年改正法,190,209
27,附　則　（平成一〇年五月六日法律第五一号）　抄,4,第十二条,LAW_REFERENCE,第三項の規定により読み替えて適用される新特許法第百七条,214,241
27,附　則　（平成一〇年五月六日法律第五一号）　抄,4,第十二条,ARTICLE_REFERENCE,第十二条,0,4
27,附　則　（平成一〇年五月六日法律第五一号）　抄,4,第十二条,ARTICLE_REFERENCE,第十二条,29,33
27,附　則　（平成一〇年五月六日法律第五一号）　抄,4,第十二条,ARTICLE_REFERENCE,附則,34,36
27,附　則　（平成一〇年五月六日法律第五一号）　抄,4,第十二条,ARTICLE_REFERENCE,第一条,36,39
27,附　則　（平成一〇年五月六日法律第五一号）　抄,4,第十二条,ARTICLE_REFERENCE,第一号,39,42
27,附　則　（平成一〇年五月六日法律第五一号）　抄,4,第十二条,ARTICLE_REFERENCE,前条,49,51
27,附　則　（平成一〇年五月六日法律第五一号）　抄,4,第十二条,ARTICLE_REFERENCE,附則,94,96
27,附　則　（平成一〇年五月六日法律第五一号）　抄,4,第十二条,ARTICLE_REFERENCE,第三条,96,99
27,附　則　（平成一〇年五月六日法律第五一号）　抄,4,第十二条,ARTICLE_REFERENCE,第三項,99,102
27,附　則　（平成一〇年五月六日法律第五一号）　抄,4,第十二条,ARTICLE_REFERENCE,第一条,118,121
27,附　則　（平成一〇年五月六日法律第五一号）　抄,4,第十二条,ARTICLE_REFERENCE,第百七条,134,138
27,附　則　（平成一〇年五月六日法律第五一号）　抄,4,第十二条,ARTICLE_REFERENCE,第一項,138,141
27,附　則　（平成一〇年五月六日法律第五一号）　抄,4,第十二条,ARTICLE_REFERENCE,同項,162,164
27,附　則　（平成一〇年五月六日法律第五一号）　抄,4,第十二条,ARTICLE_REFERENCE,前条,188,190
27,附　則　（平成一〇年五月六日法律第五一号）　抄,4,第十二条,ARTICLE_REFERENCE,附則,209,211
27,附　則　（平成一〇年五月六日法律第五一号）　抄,4,第十二条,ARTICLE_REFERENCE,第三条,211,214
27,附　則　（平成一〇年五月六日法律第五一号）　抄,4,第十二条,ARTICLE_REFERENCE,第三項,214,217
27,附　則　（平成一〇年五月六日法律第五一号）　抄,4,第十二条,ARTICLE_REFERENCE,第百七条,237,241
27,附　則　（平成一〇年五月六日法律第五一号）　抄,4,第十二条,ARTICLE_REFERENCE,第一項,241,244
27,附　則　（平成一〇年五月六日法律第五一号）　抄,4,第十二条,TIME_PERIOD,六十二年,8,12
27,附　則　（平成一〇年五月六日法律第五一号）　抄,4,第十二条,TIME_PERIOD,六十二年,81,85
27,附　則　（平成一〇年五月六日法律第五一号）　抄,4,第十二条,TIME_PERIOD,六十二年,202,206
28,附　則　（平成一一年五月一四日法律第四一号）　抄,0,第一条,LAW_REFERENCE, この法,14,18
28,附　則　（平成一一年五月一四日法律第四一号）　抄,0,第一条,LAW_REFERENCE,中特許法第百七条,75,83
28,附　則　（平成一一年五月一四日法律第四一号）　抄,0,第一条,LAW_REFERENCE,第一項の表の改正規定及び同法第百六十八条,83,103
28,附　則　（平成一一年五月一四日法律第四一号）　抄,0,第一条,LAW_REFERENCE,中実用新案法第三十一条,118,129
28,附　則　（平成一一年五月一四日法律第四一号）　抄,0,第一条,LAW_REFERENCE,第一項の表の改正規定及び同法第四十条,129,147
28,附　則　（平成一一年五月一四日法律第四一号）　抄,0,第一条,LAW_REFERENCE,政令,218,220
28,附　則　（平成一一年五月一四日法律第四一号）　抄,0,第一条,LAW_REFERENCE,中特許法第四十六条,238,247
28,附　則　（平成一一年五月一四日法律第四一号）　抄,0,第一条,LAW_REFERENCE,第二項の改正規定及び同法第四十八条,266,283
28,附　則　（平成一一年五月一四日法律第四一号）　抄,0,第一条,ARTICLE_REFERENCE,第一条,0,3
28,附　則　（平成一一年五月一四日法律第四一号）　抄,0,第一条,ARTICLE_REFERENCE,第一条,11,14
28,附　則　（平成一一年五月一四日法律第四一号）　抄,0,第一条,ARTICLE_REFERENCE,各号,43,45
28,附　則　（平成一一年五月一四日法律第四一号）　抄,0,第一条,ARTICLE_REFERENCE,各号,55,57
28,附　則　（平成一一年五月一四日法律第四一号）　抄,0,第一条,ARTICLE_REFERENCE,第一条,72,75
28,附　則　（平成一一年五月一四日法律第四一号）　抄,0,第一条,ARTICLE_REFERENCE,第百七条,79,83
28,附　則　（平成一一年五月一四日法律第四一号）　抄,0,第一条,ARTICLE_REFERENCE,第一項,83,86
28,附　則　（平成一一年五月一四日法律第四一号）　抄,0,第一条,ARTICLE_REFERENCE,第百六十八条,97,103
28,附　則　（平成一一年五月一四日法律第四一号）　抄,0,第一条,ARTICLE_REFERENCE,第二条,115,118
28,附　則　（平成一一年五月一四日法律第四一号）　抄,0,第一条,ARTICLE_REFERENCE,第三十一条,124,129
28,附　則　（平成一一年五月一四日法律第四一号）　抄,0,第一条,ARTICLE_REFERENCE,第一項,129,132
28,附　則　（平成一一年五月一四日法律第四一号）　抄,0,第一条,ARTICLE_REFERENCE,第四十条,143,147
28,附　則　（平成一一年五月一四日法律第四一号）　抄,0,第一条,ARTICLE_REFERENCE,次条,161,163
28,附　則　（平成一一年五月一四日法律第四一号）　抄,0,第一条,ARTICLE_REFERENCE,第十項,163,166
28,附　則　（平成一一年五月一四日法律第四一号）　抄,0,第一条,ARTICLE_REFERENCE,附則,167,169
28,附　則　（平成一一年五月一四日法律第四一号）　抄,0,第一条,ARTICLE_REFERENCE,第三条,169,172
28,附　則　（平成一一年五月一四日法律第四一号）　抄,0,第一条,ARTICLE_REFERENCE,第六項,172,175
28,附　則　（平成一一年五月一四日法律第四一号）　抄,0,第一条,ARTICLE_REFERENCE,附則,177,179
28,附　則　（平成一一年五月一四日法律第四一号）　抄,0,第一条,ARTICLE_REFERENCE,第七条,179,182
28,附　則　（平成一一年五月一四日法律第四一号）　抄,0,第一条,ARTICLE_REFERENCE,第十二条,184,188
28,附　則　（平成一一年五月一四日法律第四一号）　抄,0,第一条,ARTICLE_REFERENCE,第一条,235,238
28,附　則　（平成一一年五月一四日法律第四一号）　抄,0,第一条,ARTICLE_REFERENCE,第四十六条,242,247
28,附　則　（平成一一年五月一四日法律第四一号）　抄,0,第一条,ARTICLE_REFERENCE,第一項,247,250
28,附　則　（平成一一年五月一四日法律第四一号）　抄,0,第一条,ARTICLE_REFERENCE,同条,264,266
28,附　則　（平成一一年五月一四日法律第四一号）　抄,0,第一条,ARTICLE_REFERENCE,第二項,266,269
28,附　則　（平成一一年五月一四日法律第四一号）　抄,0,第一条,ARTICLE_REFERENCE,第四十八条の三,278,285
28,附　則　（平成一一年五月一四日法律第四一号）　抄,0,第一条,ARTICLE_REFERENCE,第一項,285,288
28,附　則　（平成一一年五月一四日法律第四一号）　抄,0,第一条,ARTICLE_REFERENCE,次条,296,298
28,附　則　（平成一一年五月一四日法律第四一号）　抄,0,第一条,ARTICLE_REFERENCE,第三項,298,301
28,附　則　（平成一一年五月一四日法律第四一号）　抄,0,第一条,ARTICLE_REFERENCE,第四項,303,306
28,附　則　（平成一一年五月一四日法律第四一号）　抄,0,第一条,TIME_PERIOD,十二年一月一日,23,30
28,附　則　（平成一一年五月一四日法律第四一号）　抄,0,第一条,TIME_PERIOD,から,30,32
28,附　則　（平成一一年五月一四日法律第四一号）　抄,0,第一条,TIME_PERIOD,から,62,64
28,附　則　（平成一一年五月一四日法律第四一号）　抄,0,第一条,TIME_PERIOD,から,182,184
28,附　則　（平成一一年五月一四日法律第四一号）　抄,0,第一条,TIME_PERIOD,まで,188,190
28,附　則　（平成一一年五月一四日法律第四一号）　抄,0,第一条,TIME_PERIOD,から,198,200
28,附　則　（平成一一年五月一四日法律第四一号）　抄,0,第一条,TIME_PERIOD,一月,204,206
28,附　則　（平成一一年五月一四日法律第四一号）　抄,0,第一条,TIME_PERIOD,十三年十月一日,312,319
28,附　則　（平成一一年五月一四日法律第四一号）　抄,1,第二条,LAW_REFERENCE,"
（特許法",3,8
28,附　則　（平成一一年五月一四日法律第四一号）　抄,1,第二条,LAW_REFERENCE, この法律の施行の際現に特許庁に係属している特許出願に係る発明の新規性の要件については、その特許出願について査定又は審決が確定するまでは、なお従前の例による。 ２ この法律の施行後にされた特許出願であって、特許法第四十四条,25,136
28,附　則　（平成一一年五月一四日法律第四一号）　抄,1,第二条,LAW_REFERENCE,第二項（同法第四十六条,136,147
28,附　則　（平成一一年五月一四日法律第四一号）　抄,1,第二条,LAW_REFERENCE,第六項及び実用新案法第十一条,147,161
28,附　則　（平成一一年五月一四日法律第四一号）　抄,1,第二条,LAW_REFERENCE,第一項において準用する場合を含む。）の規定によりこの法律の施行前にしたものとみなされるものについては、特許法第四十四条,161,220
28,附　則　（平成一一年五月一四日法律第四一号）　抄,1,第二条,LAW_REFERENCE,第四項（同法第四十六条,220,231
28,附　則　（平成一一年五月一四日法律第四一号）　抄,1,第二条,LAW_REFERENCE,第六項及び実用新案法第十一条,231,245
28,附　則　（平成一一年五月一四日法律第四一号）　抄,1,第二条,LAW_REFERENCE,の規定による改正後の特許法（以下「新特許法,328,349
28,附　則　（平成一一年五月一四日法律第四一号）　抄,1,第二条,LAW_REFERENCE,第四号に掲げる規定の施行の際現に特許庁に係属している特許出願に係る出願審査の請求については、新特許法第四十八条,395,450
28,附　則　（平成一一年五月一四日法律第四一号）　抄,1,第二条,LAW_REFERENCE,の三第一項の規定にかかわらず、なお従前の例による。 ５ この法律の施行の際現に特許庁に係属している特許権の存続期間の延長登録の出願については、その延長登録の出願についての査定又は審決が確定するまでは、なお従前の例による。 ６ 特許法第六十七条,450,571
28,附　則　（平成一一年五月一四日法律第四一号）　抄,1,第二条,LAW_REFERENCE,第二項の政令で定める処分を受けることが必要であるために特許発明の実施をすることが二年に満たない期間できなかった者は、この法律の施行の日前三月以後に当該処分を受けたときは、特許権の存続期間の延長登録の出願をすることができる。 ７ この法律の施行前に求められた特許発明の技術的範囲についての判定については、なお従前の例による。 ８ 新特許法第四章第二節（新特許法第六十五条,571,755
28,附　則　（平成一一年五月一四日法律第四一号）　抄,1,第二条,LAW_REFERENCE,第五項において準用する場合を含む。）の規定は、別段の定めがある場合を除き、この法,755,795
28,附　則　（平成一一年五月一四日法律第四一号）　抄,1,第二条,LAW_REFERENCE,の規定による改正前の特許法（以下「旧特許法」という。）第四章第二節の規定により生じた効力を妨げない。 ９ 新特許法第百五条,820,881
28,附　則　（平成一一年五月一四日法律第四一号）　抄,1,第二条,LAW_REFERENCE,の三の規定は、この法,881,891
28,附　則　（平成一一年五月一四日法律第四一号）　抄,1,第二条,LAW_REFERENCE,第一号に定める日前に既に納付した特許料又は同日前に納付すべきであった特許料（旧特許法第百九条,1008,1054
28,附　則　（平成一一年五月一四日法律第四一号）　抄,1,第二条,LAW_REFERENCE,の規定によりその納付が猶予されたものを含む。）については、新特許法第百七条,1054,1091
28,附　則　（平成一一年五月一四日法律第四一号）　抄,1,第二条,LAW_REFERENCE,第一項の規定にかかわらず、なお従前の例による。 １１ この法律の施行前に特許をすべき旨の査定又は審決の謄本の送達があった特許出願に係る特許料の減免又は猶予については、新特許法第百九条,1091,1182
28,附　則　（平成一一年五月一四日法律第四一号）　抄,1,第二条,LAW_REFERENCE,の規定にかかわらず、なお従前の例による。 １２ この法律の施行前にした特許出願に係る特許についての特許異議の申立て又は無効の理由については、なお従前の例による。 １３ この法律の施行前に請求された特許異議の申立て若しくは特許法第百二十三条,1182,1301
28,附　則　（平成一一年五月一四日法律第四一号）　抄,1,第二条,LAW_REFERENCE,第一項の審判又は確定した取消決定に対する再審における明細書又は図面の訂正については、新特許法第百二十条,1301,1352
28,附　則　（平成一一年五月一四日法律第四一号）　抄,1,第二条,LAW_REFERENCE,の四第三項（新特許法第百七十四条,1352,1368
28,附　則　（平成一一年五月一四日法律第四一号）　抄,1,第二条,LAW_REFERENCE,第一項において準用する場合を含む。）及び新特許法第百三十四条,1368,1398
28,附　則　（平成一一年五月一四日法律第四一号）　抄,1,第二条,LAW_REFERENCE,第五項の規定にかかわらず、なお従前の例による。 １４ 国際特許出願であってこの法律の施行前に国際公開がされたものについての新特許法第百八十四条,1398,1469
28,附　則　（平成一一年五月一四日法律第四一号）　抄,1,第二条,LAW_REFERENCE,の十第一項の規定の適用については、同項中「国際公開があつた後」とあるのは「国際公開があつた後（優先日から一年六月を経過する以前に国際公開があつたときは、優先日から一年六月を経過した時又は特許法等の一部を改正する法律（平成十一年法律第四十一号）の施行の時のいずれか早い時の後）」と、「特許権の設定の登録前に、外国語特許出願」とあるのは「特許権の設定の登録前（優先日から一年六月を経過する以前に国際公開がされた国際特許出願については、優先日から一年六月を経過した時又は特許法等の一部を改正する法,1469,1714
28,附　則　（平成一一年五月一四日法律第四一号）　抄,1,第二条,ARTICLE_REFERENCE,第二条,0,3
28,附　則　（平成一一年五月一四日法律第四一号）　抄,1,第二条,ARTICLE_REFERENCE,第二条,22,25
28,附　則　（平成一一年五月一四日法律第四一号）　抄,1,第二条,ARTICLE_REFERENCE,第四十四条,131,136
28,附　則　（平成一一年五月一四日法律第四一号）　抄,1,第二条,ARTICLE_REFERENCE,第二項,136,139
28,附　則　（平成一一年五月一四日法律第四一号）　抄,1,第二条,ARTICLE_REFERENCE,第四十六条,142,147
28,附　則　（平成一一年五月一四日法律第四一号）　抄,1,第二条,ARTICLE_REFERENCE,第六項,147,150
28,附　則　（平成一一年五月一四日法律第四一号）　抄,1,第二条,ARTICLE_REFERENCE,第十一条,157,161
28,附　則　（平成一一年五月一四日法律第四一号）　抄,1,第二条,ARTICLE_REFERENCE,第一項,161,164
28,附　則　（平成一一年五月一四日法律第四一号）　抄,1,第二条,ARTICLE_REFERENCE,第四十四条,215,220
28,附　則　（平成一一年五月一四日法律第四一号）　抄,1,第二条,ARTICLE_REFERENCE,第四項,220,223
28,附　則　（平成一一年五月一四日法律第四一号）　抄,1,第二条,ARTICLE_REFERENCE,第四十六条,226,231
28,附　則　（平成一一年五月一四日法律第四一号）　抄,1,第二条,ARTICLE_REFERENCE,第六項,231,234
28,附　則　（平成一一年五月一四日法律第四一号）　抄,1,第二条,ARTICLE_REFERENCE,第十一条,241,245
28,附　則　（平成一一年五月一四日法律第四一号）　抄,1,第二条,ARTICLE_REFERENCE,第一項,245,248
28,附　則　（平成一一年五月一四日法律第四一号）　抄,1,第二条,ARTICLE_REFERENCE,前条,275,277
28,附　則　（平成一一年五月一四日法律第四一号）　抄,1,第二条,ARTICLE_REFERENCE,第四号,277,280
28,附　則　（平成一一年五月一四日法律第四一号）　抄,1,第二条,ARTICLE_REFERENCE,第一条,325,328
28,附　則　（平成一一年五月一四日法律第四一号）　抄,1,第二条,ARTICLE_REFERENCE,第四十六条,355,360
28,附　則　（平成一一年五月一四日法律第四一号）　抄,1,第二条,ARTICLE_REFERENCE,第一項,360,363
28,附　則　（平成一一年五月一四日法律第四一号）　抄,1,第二条,ARTICLE_REFERENCE,第二項,367,370
28,附　則　（平成一一年五月一四日法律第四一号）　抄,1,第二条,ARTICLE_REFERENCE,前条,393,395
28,附　則　（平成一一年五月一四日法律第四一号）　抄,1,第二条,ARTICLE_REFERENCE,第四号,395,398
28,附　則　（平成一一年五月一四日法律第四一号）　抄,1,第二条,ARTICLE_REFERENCE,第四十八条の三,445,452
28,附　則　（平成一一年五月一四日法律第四一号）　抄,1,第二条,ARTICLE_REFERENCE,第一項,452,455
28,附　則　（平成一一年五月一四日法律第四一号）　抄,1,第二条,ARTICLE_REFERENCE,第六十七条,566,571
28,附　則　（平成一一年五月一四日法律第四一号）　抄,1,第二条,ARTICLE_REFERENCE,第二項,571,574
28,附　則　（平成一一年五月一四日法律第四一号）　抄,1,第二条,ARTICLE_REFERENCE,第四章,739,742
28,附　則　（平成一一年五月一四日法律第四一号）　抄,1,第二条,ARTICLE_REFERENCE,第二節,742,745
28,附　則　（平成一一年五月一四日法律第四一号）　抄,1,第二条,ARTICLE_REFERENCE,第六十五条,750,755
28,附　則　（平成一一年五月一四日法律第四一号）　抄,1,第二条,ARTICLE_REFERENCE,第五項,755,758
28,附　則　（平成一一年五月一四日法律第四一号）　抄,1,第二条,ARTICLE_REFERENCE,第一条,817,820
28,附　則　（平成一一年五月一四日法律第四一号）　抄,1,第二条,ARTICLE_REFERENCE,第四章,847,850
28,附　則　（平成一一年五月一四日法律第四一号）　抄,1,第二条,ARTICLE_REFERENCE,第二節,850,853
28,附　則　（平成一一年五月一四日法律第四一号）　抄,1,第二条,ARTICLE_REFERENCE,第百五条の三,877,883
28,附　則　（平成一一年五月一四日法律第四一号）　抄,1,第二条,ARTICLE_REFERENCE,前条,1006,1008
28,附　則　（平成一一年五月一四日法律第四一号）　抄,1,第二条,ARTICLE_REFERENCE,第一号,1008,1011
28,附　則　（平成一一年五月一四日法律第四一号）　抄,1,第二条,ARTICLE_REFERENCE,第百九条,1050,1054
28,附　則　（平成一一年五月一四日法律第四一号）　抄,1,第二条,ARTICLE_REFERENCE,第百七条,1087,1091
28,附　則　（平成一一年五月一四日法律第四一号）　抄,1,第二条,ARTICLE_REFERENCE,第一項,1091,1094
28,附　則　（平成一一年五月一四日法律第四一号）　抄,1,第二条,ARTICLE_REFERENCE,第百九条,1178,1182
28,附　則　（平成一一年五月一四日法律第四一号）　抄,1,第二条,ARTICLE_REFERENCE,第百二十三条,1295,1301
28,附　則　（平成一一年五月一四日法律第四一号）　抄,1,第二条,ARTICLE_REFERENCE,第一項,1301,1304
28,附　則　（平成一一年五月一四日法律第四一号）　抄,1,第二条,ARTICLE_REFERENCE,第百二十条の四,1347,1354
28,附　則　（平成一一年五月一四日法律第四一号）　抄,1,第二条,ARTICLE_REFERENCE,第三項,1354,1357
28,附　則　（平成一一年五月一四日法律第四一号）　抄,1,第二条,ARTICLE_REFERENCE,第百七十四条,1362,1368
28,附　則　（平成一一年五月一四日法律第四一号）　抄,1,第二条,ARTICLE_REFERENCE,第一項,1368,1371
28,附　則　（平成一一年五月一四日法律第四一号）　抄,1,第二条,ARTICLE_REFERENCE,第百三十四条,1392,1398
28,附　則　（平成一一年五月一四日法律第四一号）　抄,1,第二条,ARTICLE_REFERENCE,第五項,1398,1401
28,附　則　（平成一一年五月一四日法律第四一号）　抄,1,第二条,ARTICLE_REFERENCE,第百八十四条の十,1463,1471
28,附　則　（平成一一年五月一四日法律第四一号）　抄,1,第二条,ARTICLE_REFERENCE,第一項,1471,1474
28,附　則　（平成一一年五月一四日法律第四一号）　抄,1,第二条,ARTICLE_REFERENCE,同項,1486,1488
28,附　則　（平成一一年五月一四日法律第四一号）　抄,1,第二条,ARTICLE_REFERENCE,第四十一号,1584,1589
28,附　則　（平成一一年五月一四日法律第四一号）　抄,1,第二条,TIME_PERIOD,まで,90,92
28,附　則　（平成一一年五月一四日法律第四一号）　抄,1,第二条,TIME_PERIOD,まで,546,548
28,附　則　（平成一一年五月一四日法律第四一号）　抄,1,第二条,TIME_PERIOD,二年,611,613
28,附　則　（平成一一年五月一四日法律第四一号）　抄,1,第二条,TIME_PERIOD,三月,639,641
28,附　則　（平成一一年五月一四日法律第四一号）　抄,1,第二条,TIME_PERIOD,から,1519,1521
28,附　則　（平成一一年五月一四日法律第四一号）　抄,1,第二条,TIME_PERIOD,一年六月,1521,1525
28,附　則　（平成一一年五月一四日法律第四一号）　抄,1,第二条,TIME_PERIOD,を経過,1525,1528
28,附　則　（平成一一年五月一四日法律第四一号）　抄,1,第二条,TIME_PERIOD,から,1548,1550
28,附　則　（平成一一年五月一四日法律第四一号）　抄,1,第二条,TIME_PERIOD,一年六月,1550,1554
28,附　則　（平成一一年五月一四日法律第四一号）　抄,1,第二条,TIME_PERIOD,を経過,1554,1557
28,附　則　（平成一一年五月一四日法律第四一号）　抄,1,第二条,TIME_PERIOD,十一年,1579,1582
28,附　則　（平成一一年五月一四日法律第四一号）　抄,1,第二条,TIME_PERIOD,から,1650,1652
28,附　則　（平成一一年五月一四日法律第四一号）　抄,1,第二条,TIME_PERIOD,一年六月,1652,1656
28,附　則　（平成一一年五月一四日法律第四一号）　抄,1,第二条,TIME_PERIOD,を経過,1656,1659
28,附　則　（平成一一年五月一四日法律第四一号）　抄,1,第二条,TIME_PERIOD,から,1687,1689
28,附　則　（平成一一年五月一四日法律第四一号）　抄,1,第二条,TIME_PERIOD,一年六月,1689,1693
28,附　則　（平成一一年五月一四日法律第四一号）　抄,1,第二条,TIME_PERIOD,を経過,1693,1696
28,附　則　（平成一一年五月一四日法律第四一号）　抄,1,第二条,ORGANIZATION,特許庁,37,40
28,附　則　（平成一一年五月一四日法律第四一号）　抄,1,第二条,ORGANIZATION,特許庁,411,414
28,附　則　（平成一一年五月一四日法律第四一号）　抄,1,第二条,ORGANIZATION,特許庁,489,492
28,附　則　（平成一一年五月一四日法律第四一号）　抄,1,第二条,ORGANIZATION,高等裁判所,904,909
28,附　則　（平成一一年五月一四日法律第四一号）　抄,1,第二条,ORGANIZATION,地方裁判所,911,916
28,附　則　（平成一一年五月一四日法律第四一号）　抄,1,第二条,ORGANIZATION,地方裁判所,943,948
28,附　則　（平成一一年五月一四日法律第四一号）　抄,1,第二条,PROCEDURE,出願,49,51
28,附　則　（平成一一年五月一四日法律第四一号）　抄,1,第二条,PROCEDURE,発明,54,56
28,附　則　（平成一一年五月一四日法律第四一号）　抄,1,第二条,PROCEDURE,出願,73,75
28,附　則　（平成一一年五月一四日法律第四一号）　抄,1,第二条,PROCEDURE,出願,121,123
28,附　則　（平成一一年五月一四日法律第四一号）　抄,1,第二条,PROCEDURE,登録,297,299
28,附　則　（平成一一年五月一四日法律第四一号）　抄,1,第二条,PROCEDURE,出願,299,301
28,附　則　（平成一一年五月一四日法律第四一号）　抄,1,第二条,PROCEDURE,意匠,305,307
28,附　則　（平成一一年五月一四日法律第四一号）　抄,1,第二条,PROCEDURE,登録,307,309
28,附　則　（平成一一年五月一四日法律第四一号）　抄,1,第二条,PROCEDURE,出願,309,311
28,附　則　（平成一一年五月一四日法律第四一号）　抄,1,第二条,PROCEDURE,出願,314,316
28,附　則　（平成一一年五月一四日法律第四一号）　抄,1,第二条,PROCEDURE,出願,423,425
28,附　則　（平成一一年五月一四日法律第四一号）　抄,1,第二条,PROCEDURE,出願,428,430
28,附　則　（平成一一年五月一四日法律第四一号）　抄,1,第二条,PROCEDURE,審査,430,432
28,附　則　（平成一一年五月一四日法律第四一号）　抄,1,第二条,PROCEDURE,請求,433,435
28,附　則　（平成一一年五月一四日法律第四一号）　抄,1,第二条,PROCEDURE,特許権,499,502
28,附　則　（平成一一年五月一四日法律第四一号）　抄,1,第二条,PROCEDURE,登録,510,512
28,附　則　（平成一一年五月一四日法律第四一号）　抄,1,第二条,PROCEDURE,出願,513,515
28,附　則　（平成一一年五月一四日法律第四一号）　抄,1,第二条,PROCEDURE,登録,525,527
28,附　則　（平成一一年五月一四日法律第四一号）　抄,1,第二条,PROCEDURE,出願,528,530
28,附　則　（平成一一年五月一四日法律第四一号）　抄,1,第二条,PROCEDURE,発明,600,602
28,附　則　（平成一一年五月一四日法律第四一号）　抄,1,第二条,PROCEDURE,特許権,656,659
28,附　則　（平成一一年五月一四日法律第四一号）　抄,1,第二条,PROCEDURE,登録,667,669
28,附　則　（平成一一年五月一四日法律第四一号）　抄,1,第二条,PROCEDURE,出願,670,672
28,附　則　（平成一一年五月一四日法律第四一号）　抄,1,第二条,PROCEDURE,発明,701,703
28,附　則　（平成一一年五月一四日法律第四一号）　抄,1,第二条,PROCEDURE,出願,1153,1155
28,附　則　（平成一一年五月一四日法律第四一号）　抄,1,第二条,PROCEDURE,出願,1219,1221
28,附　則　（平成一一年五月一四日法律第四一号）　抄,1,第二条,PROCEDURE,請求,1275,1277
28,附　則　（平成一一年五月一四日法律第四一号）　抄,1,第二条,PROCEDURE,審判,1305,1307
28,附　則　（平成一一年五月一四日法律第四一号）　抄,1,第二条,PROCEDURE,再審,1321,1323
28,附　則　（平成一一年五月一四日法律第四一号）　抄,1,第二条,PROCEDURE,明細書,1327,1330
28,附　則　（平成一一年五月一四日法律第四一号）　抄,1,第二条,PROCEDURE,図面,1332,1334
28,附　則　（平成一一年五月一四日法律第四一号）　抄,1,第二条,PROCEDURE,出願,1429,1431
28,附　則　（平成一一年五月一四日法律第四一号）　抄,1,第二条,PROCEDURE,特許権,1610,1613
28,附　則　（平成一一年五月一四日法律第四一号）　抄,1,第二条,PROCEDURE,登録,1617,1619
28,附　則　（平成一一年五月一四日法律第四一号）　抄,1,第二条,PROCEDURE,出願,1627,1629
28,附　則　（平成一一年五月一四日法律第四一号）　抄,1,第二条,PROCEDURE,特許権,1636,1639
28,附　則　（平成一一年五月一四日法律第四一号）　抄,1,第二条,PROCEDURE,登録,1643,1645
28,附　則　（平成一一年五月一四日法律第四一号）　抄,1,第二条,PROCEDURE,出願,1676,1678
28,附　則　（平成一一年五月一四日法律第四一号）　抄,1,第二条,PROCEDURE,特許権,1730,1733
28,附　則　（平成一一年五月一四日法律第四一号）　抄,1,第二条,PROCEDURE,登録,1737,1739
28,附　則　（平成一一年五月一四日法律第四一号）　抄,1,第二条,PROCEDURE,出願,1748,1750
28,附　則　（平成一一年五月一四日法律第四一号）　抄,1,第二条,LEGAL_STATUS,効力,862,864
28,附　則　（平成一一年五月一四日法律第四一号）　抄,1,第二条,LEGAL_STATUS,権利,968,970
28,附　則　（平成一一年五月一四日法律第四一号）　抄,1,第二条,LEGAL_STATUS,無効,1241,1243
28,附　則　（平成一一年五月一四日法律第四一号）　抄,1,第二条,LEGAL_STATUS,取消,1313,1315
28,附　則　（平成一一年五月一四日法律第四一号）　抄,2,第十条,LAW_REFERENCE,"
（昭和六十二年改正法",3,14
28,附　則　（平成一一年五月一四日法律第四一号）　抄,2,第十条,LAW_REFERENCE,の規定による改正前の昭和六十二年改正法,49,68
28,附　則　（平成一一年五月一四日法律第四一号）　抄,2,第十条,LAW_REFERENCE,第三項の規定により読み替えて適用される旧特許法第百七条,73,100
28,附　則　（平成一一年五月一四日法律第四一号）　抄,2,第十条,LAW_REFERENCE,第一項の規定により既に納付した特許料又は同日前に同項の規定により納付すべきであった特許料（旧特許法第百九条,100,153
28,附　則　（平成一一年五月一四日法律第四一号）　抄,2,第十条,LAW_REFERENCE,の規定による改正後の昭和六十二年改正法,184,203
28,附　則　（平成一一年五月一四日法律第四一号）　抄,2,第十条,LAW_REFERENCE,第三項の規定により読み替えて適用される新特許法第百七条,208,235
28,附　則　（平成一一年五月一四日法律第四一号）　抄,2,第十条,ARTICLE_REFERENCE,第十条,0,3
28,附　則　（平成一一年五月一四日法律第四一号）　抄,2,第十条,ARTICLE_REFERENCE,第十条,28,31
28,附　則　（平成一一年五月一四日法律第四一号）　抄,2,第十条,ARTICLE_REFERENCE,附則,32,34
28,附　則　（平成一一年五月一四日法律第四一号）　抄,2,第十条,ARTICLE_REFERENCE,第一条,34,37
28,附　則　（平成一一年五月一四日法律第四一号）　抄,2,第十条,ARTICLE_REFERENCE,第一号,37,40
28,附　則　（平成一一年五月一四日法律第四一号）　抄,2,第十条,ARTICLE_REFERENCE,前条,47,49
28,附　則　（平成一一年五月一四日法律第四一号）　抄,2,第十条,ARTICLE_REFERENCE,附則,68,70
28,附　則　（平成一一年五月一四日法律第四一号）　抄,2,第十条,ARTICLE_REFERENCE,第三条,70,73
28,附　則　（平成一一年五月一四日法律第四一号）　抄,2,第十条,ARTICLE_REFERENCE,第三項,73,76
28,附　則　（平成一一年五月一四日法律第四一号）　抄,2,第十条,ARTICLE_REFERENCE,第百七条,96,100
28,附　則　（平成一一年五月一四日法律第四一号）　抄,2,第十条,ARTICLE_REFERENCE,第一項,100,103
28,附　則　（平成一一年五月一四日法律第四一号）　抄,2,第十条,ARTICLE_REFERENCE,同項,124,126
28,附　則　（平成一一年五月一四日法律第四一号）　抄,2,第十条,ARTICLE_REFERENCE,第百九条,149,153
28,附　則　（平成一一年五月一四日法律第四一号）　抄,2,第十条,ARTICLE_REFERENCE,前条,182,184
28,附　則　（平成一一年五月一四日法律第四一号）　抄,2,第十条,ARTICLE_REFERENCE,附則,203,205
28,附　則　（平成一一年五月一四日法律第四一号）　抄,2,第十条,ARTICLE_REFERENCE,第三条,205,208
28,附　則　（平成一一年五月一四日法律第四一号）　抄,2,第十条,ARTICLE_REFERENCE,第三項,208,211
28,附　則　（平成一一年五月一四日法律第四一号）　抄,2,第十条,ARTICLE_REFERENCE,第百七条,231,235
28,附　則　（平成一一年五月一四日法律第四一号）　抄,2,第十条,ARTICLE_REFERENCE,第一項,235,238
28,附　則　（平成一一年五月一四日法律第四一号）　抄,2,第十条,TIME_PERIOD,六十二年,7,11
28,附　則　（平成一一年五月一四日法律第四一号）　抄,2,第十条,TIME_PERIOD,六十二年,61,65
28,附　則　（平成一一年五月一四日法律第四一号）　抄,2,第十条,TIME_PERIOD,六十二年,196,200
28,附　則　（平成一一年五月一四日法律第四一号）　抄,3,第十八条,LAW_REFERENCE, この法律の施行前にした行為及びこの附則の規定によりなお従前の例によることとされる事項に係るこの法,25,74
28,附　則　（平成一一年五月一四日法律第四一号）　抄,3,第十八条,ARTICLE_REFERENCE,第十八条,0,4
28,附　則　（平成一一年五月一四日法律第四一号）　抄,3,第十八条,ARTICLE_REFERENCE,第十八条,21,25
28,附　則　（平成一一年五月一四日法律第四一号）　抄,3,第十八条,ARTICLE_REFERENCE,附則,43,45
28,附　則　（平成一一年五月一四日法律第四一号）　抄,4,第十九条,LAW_REFERENCE,政令,6,8
28,附　則　（平成一一年五月一四日法律第四一号）　抄,4,第十九条,LAW_REFERENCE,に定めるもののほか、この法,48,61
28,附　則　（平成一一年五月一四日法律第四一号）　抄,4,第十九条,LAW_REFERENCE,政令,77,79
28,附　則　（平成一一年五月一四日法律第四一号）　抄,4,第十九条,ARTICLE_REFERENCE,第十九条,0,4
28,附　則　（平成一一年五月一四日法律第四一号）　抄,4,第十九条,ARTICLE_REFERENCE,第十九条,14,18
28,附　則　（平成一一年五月一四日法律第四一号）　抄,4,第十九条,ARTICLE_REFERENCE,附則,19,21
28,附　則　（平成一一年五月一四日法律第四一号）　抄,4,第十九条,ARTICLE_REFERENCE,第二条,21,24
28,附　則　（平成一一年五月一四日法律第四一号）　抄,4,第十九条,ARTICLE_REFERENCE,第六条,26,29
28,附　則　（平成一一年五月一四日法律第四一号）　抄,4,第十九条,ARTICLE_REFERENCE,第八条,32,35
28,附　則　（平成一一年五月一四日法律第四一号）　抄,4,第十九条,ARTICLE_REFERENCE,第十条,36,39
28,附　則　（平成一一年五月一四日法律第四一号）　抄,4,第十九条,ARTICLE_REFERENCE,第十二条,40,44
28,附　則　（平成一一年五月一四日法律第四一号）　抄,4,第十九条,ARTICLE_REFERENCE,前条,46,48
28,附　則　（平成一一年五月一四日法律第四一号）　抄,4,第十九条,TIME_PERIOD,から,24,26
28,附　則　（平成一一年五月一四日法律第四一号）　抄,4,第十九条,TIME_PERIOD,まで,29,31
29,附　則　（平成一一年五月一四日法律第四三号）　抄,0,第一条,LAW_REFERENCE, この法律は、行政機関の保有する情報の公開に関する法律（平成十一年法律第四十二号。以下「情報公開法,14,63
29,附　則　（平成一一年五月一四日法律第四三号）　抄,0,第一条,ARTICLE_REFERENCE,第一条,0,3
29,附　則　（平成一一年五月一四日法律第四三号）　抄,0,第一条,ARTICLE_REFERENCE,第一条,11,14
29,附　則　（平成一一年五月一四日法律第四三号）　抄,0,第一条,ARTICLE_REFERENCE,第四十二号,49,54
29,附　則　（平成一一年五月一四日法律第四三号）　抄,0,第一条,TIME_PERIOD,十一年,44,47
29,附　則　（平成一一年五月一四日法律第四三号）　抄,0,第一条,TIME_PERIOD,から,74,76
30,附　則　（平成一一年一二月八日法律第一五一号）　抄,0,第一条,LAW_REFERENCE, この法,14,18
30,附　則　（平成一一年一二月八日法律第一五一号）　抄,0,第一条,ARTICLE_REFERENCE,第一条,0,3
30,附　則　（平成一一年一二月八日法律第一五一号）　抄,0,第一条,ARTICLE_REFERENCE,第一条,11,14
30,附　則　（平成一一年一二月八日法律第一五一号）　抄,0,第一条,TIME_PERIOD,十二年四月一日,23,30
30,附　則　（平成一一年一二月八日法律第一五一号）　抄,0,第一条,TIME_PERIOD,から,30,32
30,附　則　（平成一一年一二月八日法律第一五一号）　抄,1,第三条,LAW_REFERENCE, 民法の一部を改正する法律（平成十一年法,14,34
30,附　則　（平成一一年一二月八日法律第一五一号）　抄,1,第三条,LAW_REFERENCE,第三項の規定により従前の例によることとされる準禁治産者及びその保佐人に関するこの法,47,88
30,附　則　（平成一一年一二月八日法律第一五一号）　抄,1,第三条,ARTICLE_REFERENCE,第三条,0,3
30,附　則　（平成一一年一二月八日法律第一五一号）　抄,1,第三条,ARTICLE_REFERENCE,第三条,11,14
30,附　則　（平成一一年一二月八日法律第一五一号）　抄,1,第三条,ARTICLE_REFERENCE,第百四十九号,35,41
30,附　則　（平成一一年一二月八日法律第一五一号）　抄,1,第三条,ARTICLE_REFERENCE,附則,42,44
30,附　則　（平成一一年一二月八日法律第一五一号）　抄,1,第三条,ARTICLE_REFERENCE,第三条,44,47
30,附　則　（平成一一年一二月八日法律第一五一号）　抄,1,第三条,ARTICLE_REFERENCE,第三項,47,50
30,附　則　（平成一一年一二月八日法律第一五一号）　抄,1,第三条,TIME_PERIOD,十一年,30,33
30,附　則　（平成一一年一二月八日法律第一五一号）　抄,1,第三条,TIME_PERIOD,から,130,132
30,附　則　（平成一一年一二月八日法律第一五一号）　抄,1,第三条,TIME_PERIOD,まで,135,137
30,附　則　（平成一一年一二月八日法律第一五一号）　抄,2,第四条,LAW_REFERENCE, この法,7,11
30,附　則　（平成一一年一二月八日法律第一五一号）　抄,2,第四条,ARTICLE_REFERENCE,第四条,0,3
30,附　則　（平成一一年一二月八日法律第一五一号）　抄,2,第四条,ARTICLE_REFERENCE,第四条,4,7
31,附　則　（平成一一年一二月二二日法律第一六〇号）　抄,0,第一条,LAW_REFERENCE, この法,14,18
31,附　則　（平成一一年一二月二二日法律第一六〇号）　抄,0,第一条,LAW_REFERENCE,（核原料物質、核燃料物質及び原子炉の規制に関する法律の一部を改正する法,93,128
31,附　則　（平成一一年一二月二二日法律第一六〇号）　抄,0,第一条,ARTICLE_REFERENCE,第一条,0,3
31,附　則　（平成一一年一二月二二日法律第一六〇号）　抄,0,第一条,ARTICLE_REFERENCE,第一条,11,14
31,附　則　（平成一一年一二月二二日法律第一六〇号）　抄,0,第一条,ARTICLE_REFERENCE,第二条,20,23
31,附　則　（平成一一年一二月二二日法律第一六〇号）　抄,0,第一条,ARTICLE_REFERENCE,第三条,25,28
31,附　則　（平成一一年一二月二二日法律第一六〇号）　抄,0,第一条,ARTICLE_REFERENCE,各号,57,59
31,附　則　（平成一一年一二月二二日法律第一六〇号）　抄,0,第一条,ARTICLE_REFERENCE,各号,69,71
31,附　則　（平成一一年一二月二二日法律第一六〇号）　抄,0,第一条,ARTICLE_REFERENCE,第九百九十五条,86,93
31,附　則　（平成一一年一二月二二日法律第一六〇号）　抄,0,第一条,ARTICLE_REFERENCE,附則,129,131
31,附　則　（平成一一年一二月二二日法律第一六〇号）　抄,0,第一条,ARTICLE_REFERENCE,第千三百五条,147,153
31,附　則　（平成一一年一二月二二日法律第一六〇号）　抄,0,第一条,ARTICLE_REFERENCE,第千三百六条,154,160
31,附　則　（平成一一年一二月二二日法律第一六〇号）　抄,0,第一条,ARTICLE_REFERENCE,第千三百二十四条,161,169
31,附　則　（平成一一年一二月二二日法律第一六〇号）　抄,0,第一条,ARTICLE_REFERENCE,第二項,169,172
31,附　則　（平成一一年一二月二二日法律第一六〇号）　抄,0,第一条,ARTICLE_REFERENCE,第千三百二十六条,173,181
31,附　則　（平成一一年一二月二二日法律第一六〇号）　抄,0,第一条,ARTICLE_REFERENCE,第二項,181,184
31,附　則　（平成一一年一二月二二日法律第一六〇号）　抄,0,第一条,ARTICLE_REFERENCE,第千三百四十四条,186,194
31,附　則　（平成一一年一二月二二日法律第一六〇号）　抄,0,第一条,TIME_PERIOD,十三年一月六日,37,44
31,附　則　（平成一一年一二月二二日法律第一六〇号）　抄,0,第一条,TIME_PERIOD,から,44,46
31,附　則　（平成一一年一二月二二日法律第一六〇号）　抄,0,第一条,TIME_PERIOD,から,76,78
32,附　則　（平成一一年一二月二二日法律第二二〇号）　抄,0,第一条,LAW_REFERENCE, この法,14,18
32,附　則　（平成一一年一二月二二日法律第二二〇号）　抄,0,第一条,ARTICLE_REFERENCE,第一条,0,3
32,附　則　（平成一一年一二月二二日法律第二二〇号）　抄,0,第一条,ARTICLE_REFERENCE,第一条,11,14
32,附　則　（平成一一年一二月二二日法律第二二〇号）　抄,0,第一条,ARTICLE_REFERENCE,第一条,20,23
32,附　則　（平成一一年一二月二二日法律第二二〇号）　抄,0,第一条,TIME_PERIOD,十三年一月六日,32,39
32,附　則　（平成一一年一二月二二日法律第二二〇号）　抄,0,第一条,TIME_PERIOD,から,39,41
32,附　則　（平成一一年一二月二二日法律第二二〇号）　抄,1,第四条,LAW_REFERENCE,政令,5,7
32,附　則　（平成一一年一二月二二日法律第二二〇号）　抄,1,第四条,LAW_REFERENCE,に定めるもののほか、この法,20,33
32,附　則　（平成一一年一二月二二日法律第二二〇号）　抄,1,第四条,LAW_REFERENCE,政令,47,49
32,附　則　（平成一一年一二月二二日法律第二二〇号）　抄,1,第四条,ARTICLE_REFERENCE,第四条,0,3
32,附　則　（平成一一年一二月二二日法律第二二〇号）　抄,1,第四条,ARTICLE_REFERENCE,第四条,13,16
33,附　則　（平成一二年五月一九日法律第七一号）　抄,0,第一条,LAW_REFERENCE, この法,14,18
33,附　則　（平成一二年五月一九日法律第七一号）　抄,0,第一条,ARTICLE_REFERENCE,第一条,0,3
33,附　則　（平成一二年五月一九日法律第七一号）　抄,0,第一条,ARTICLE_REFERENCE,第一条,11,14
33,附　則　（平成一二年五月一九日法律第七一号）　抄,0,第一条,TIME_PERIOD,から,25,27
34,附　則　（平成一四年四月一七日法律第二四号）　抄,0,第一条,LAW_REFERENCE, この法,14,18
34,附　則　（平成一四年四月一七日法律第二四号）　抄,0,第一条,LAW_REFERENCE,政令,45,47
34,附　則　（平成一四年四月一七日法律第二四号）　抄,0,第一条,LAW_REFERENCE,中特許法第百一条,97,105
34,附　則　（平成一四年四月一七日法律第二四号）　抄,0,第一条,LAW_REFERENCE,の改正規定、同法第百十二条,105,118
34,附　則　（平成一四年四月一七日法律第二四号）　抄,0,第一条,LAW_REFERENCE,の三第二項の改正規定及び同法第百七十五条,118,138
34,附　則　（平成一四年四月一七日法律第二四号）　抄,0,第一条,LAW_REFERENCE,中実用新案法第二十八条,150,161
34,附　則　（平成一四年四月一七日法律第二四号）　抄,0,第一条,LAW_REFERENCE,の改正規定並びに同法第三十三条,161,176
34,附　則　（平成一四年四月一七日法律第二四号）　抄,0,第一条,LAW_REFERENCE,中商標法第六十八条,208,217
34,附　則　（平成一四年四月一七日法律第二四号）　抄,0,第一条,LAW_REFERENCE,の十九第一項の改正規定、同法第六十八条,217,236
34,附　則　（平成一四年四月一七日法律第二四号）　抄,0,第一条,LAW_REFERENCE,の三十の改正規定及び同法第六十八条,236,253
34,附　則　（平成一四年四月一七日法律第二四号）　抄,0,第一条,LAW_REFERENCE,政令,298,300
34,附　則　（平成一四年四月一七日法律第二四号）　抄,0,第一条,LAW_REFERENCE,の規定（特許法第百一条,311,322
34,附　則　（平成一四年四月一七日法律第二四号）　抄,0,第一条,LAW_REFERENCE,の改正規定、同法第百十二条,322,335
34,附　則　（平成一四年四月一七日法律第二四号）　抄,0,第一条,LAW_REFERENCE,の三第二項の改正規定及び同法第百七十五条,335,355
34,附　則　（平成一四年四月一七日法律第二四号）　抄,0,第一条,LAW_REFERENCE,の規定（実用新案法第二十八条,373,387
34,附　則　（平成一四年四月一七日法律第二四号）　抄,0,第一条,LAW_REFERENCE,の改正規定並びに同法第三十三条,387,402
34,附　則　（平成一四年四月一七日法律第二四号）　抄,0,第一条,LAW_REFERENCE,政令,476,478
34,附　則　（平成一四年四月一七日法律第二四号）　抄,0,第一条,ARTICLE_REFERENCE,第一条,0,3
34,附　則　（平成一四年四月一七日法律第二四号）　抄,0,第一条,ARTICLE_REFERENCE,第一条,11,14
34,附　則　（平成一四年四月一七日法律第二四号）　抄,0,第一条,ARTICLE_REFERENCE,各号,65,67
34,附　則　（平成一四年四月一七日法律第二四号）　抄,0,第一条,ARTICLE_REFERENCE,各号,77,79
34,附　則　（平成一四年四月一七日法律第二四号）　抄,0,第一条,ARTICLE_REFERENCE,第二条,94,97
34,附　則　（平成一四年四月一七日法律第二四号）　抄,0,第一条,ARTICLE_REFERENCE,第百一条,101,105
34,附　則　（平成一四年四月一七日法律第二四号）　抄,0,第一条,ARTICLE_REFERENCE,第百十二条の三,113,120
34,附　則　（平成一四年四月一七日法律第二四号）　抄,0,第一条,ARTICLE_REFERENCE,第二項,120,123
34,附　則　（平成一四年四月一七日法律第二四号）　抄,0,第一条,ARTICLE_REFERENCE,第百七十五条,132,138
34,附　則　（平成一四年四月一七日法律第二四号）　抄,0,第一条,ARTICLE_REFERENCE,第二項,138,141
34,附　則　（平成一四年四月一七日法律第二四号）　抄,0,第一条,ARTICLE_REFERENCE,第四条,147,150
34,附　則　（平成一四年四月一七日法律第二四号）　抄,0,第一条,ARTICLE_REFERENCE,第二十八条,156,161
34,附　則　（平成一四年四月一七日法律第二四号）　抄,0,第一条,ARTICLE_REFERENCE,第三十三条の三,171,178
34,附　則　（平成一四年四月一七日法律第二四号）　抄,0,第一条,ARTICLE_REFERENCE,第二項,178,181
34,附　則　（平成一四年四月一七日法律第二四号）　抄,0,第一条,ARTICLE_REFERENCE,第二号,181,184
34,附　則　（平成一四年四月一七日法律第二四号）　抄,0,第一条,ARTICLE_REFERENCE,第四十四条,186,191
34,附　則　（平成一四年四月一七日法律第二四号）　抄,0,第一条,ARTICLE_REFERENCE,第二項,191,194
34,附　則　（平成一四年四月一七日法律第二四号）　抄,0,第一条,ARTICLE_REFERENCE,第二号,194,197
34,附　則　（平成一四年四月一七日法律第二四号）　抄,0,第一条,ARTICLE_REFERENCE,第六条,205,208
34,附　則　（平成一四年四月一七日法律第二四号）　抄,0,第一条,ARTICLE_REFERENCE,第六十八条の十九,212,220
34,附　則　（平成一四年四月一七日法律第二四号）　抄,0,第一条,ARTICLE_REFERENCE,第一項,220,223
34,附　則　（平成一四年四月一七日法律第二四号）　抄,0,第一条,ARTICLE_REFERENCE,第六十八条の三十,231,239
34,附　則　（平成一四年四月一七日法律第二四号）　抄,0,第一条,ARTICLE_REFERENCE,第六十八条の三十五,248,257
34,附　則　（平成一四年四月一七日法律第二四号）　抄,0,第一条,ARTICLE_REFERENCE,附則,265,267
34,附　則　（平成一四年四月一七日法律第二四号）　抄,0,第一条,ARTICLE_REFERENCE,第六条,267,270
34,附　則　（平成一四年四月一七日法律第二四号）　抄,0,第一条,ARTICLE_REFERENCE,第二条,308,311
34,附　則　（平成一四年四月一七日法律第二四号）　抄,0,第一条,ARTICLE_REFERENCE,第百一条,318,322
34,附　則　（平成一四年四月一七日法律第二四号）　抄,0,第一条,ARTICLE_REFERENCE,第百十二条の三,330,337
34,附　則　（平成一四年四月一七日法律第二四号）　抄,0,第一条,ARTICLE_REFERENCE,第二項,337,340
34,附　則　（平成一四年四月一七日法律第二四号）　抄,0,第一条,ARTICLE_REFERENCE,第百七十五条,349,355
34,附　則　（平成一四年四月一七日法律第二四号）　抄,0,第一条,ARTICLE_REFERENCE,第二項,355,358
34,附　則　（平成一四年四月一七日法律第二四号）　抄,0,第一条,ARTICLE_REFERENCE,第四条,370,373
34,附　則　（平成一四年四月一七日法律第二四号）　抄,0,第一条,ARTICLE_REFERENCE,第二十八条,382,387
34,附　則　（平成一四年四月一七日法律第二四号）　抄,0,第一条,ARTICLE_REFERENCE,第三十三条の三,397,404
34,附　則　（平成一四年四月一七日法律第二四号）　抄,0,第一条,ARTICLE_REFERENCE,第二項,404,407
34,附　則　（平成一四年四月一七日法律第二四号）　抄,0,第一条,ARTICLE_REFERENCE,第二号,407,410
34,附　則　（平成一四年四月一七日法律第二四号）　抄,0,第一条,ARTICLE_REFERENCE,第四十四条,412,417
34,附　則　（平成一四年四月一七日法律第二四号）　抄,0,第一条,ARTICLE_REFERENCE,第二項,417,420
34,附　則　（平成一四年四月一七日法律第二四号）　抄,0,第一条,ARTICLE_REFERENCE,第二号,420,423
34,附　則　（平成一四年四月一七日法律第二四号）　抄,0,第一条,ARTICLE_REFERENCE,附則,436,438
34,附　則　（平成一四年四月一七日法律第二四号）　抄,0,第一条,ARTICLE_REFERENCE,第三条,438,441
34,附　則　（平成一四年四月一七日法律第二四号）　抄,0,第一条,ARTICLE_REFERENCE,第五条,443,446
34,附　則　（平成一四年四月一七日法律第二四号）　抄,0,第一条,TIME_PERIOD,から,25,27
34,附　則　（平成一四年四月一七日法律第二四号）　抄,0,第一条,TIME_PERIOD,六月,31,33
34,附　則　（平成一四年四月一七日法律第二四号）　抄,0,第一条,TIME_PERIOD,から,52,54
34,附　則　（平成一四年四月一七日法律第二四号）　抄,0,第一条,TIME_PERIOD,から,84,86
34,附　則　（平成一四年四月一七日法律第二四号）　抄,0,第一条,TIME_PERIOD,から,278,280
34,附　則　（平成一四年四月一七日法律第二四号）　抄,0,第一条,TIME_PERIOD,一年,284,286
34,附　則　（平成一四年四月一七日法律第二四号）　抄,0,第一条,TIME_PERIOD,から,454,456
34,附　則　（平成一四年四月一七日法律第二四号）　抄,0,第一条,TIME_PERIOD,一年六月,460,464
34,附　則　（平成一四年四月一七日法律第二四号）　抄,0,第一条,PROCEDURE,商標,209,211
34,附　則　（平成一四年四月一七日法律第二四号）　抄,1,第二条,LAW_REFERENCE,の規定による特許法,8,17
34,附　則　（平成一四年四月一七日法律第二四号）　抄,1,第二条,LAW_REFERENCE,の規定による改正後の特許法第十七条,38,55
34,附　則　（平成一四年四月一七日法律第二四号）　抄,1,第二条,LAW_REFERENCE,の十八の規定は、この法律の施行後にする特許出願について適用し、この法,146,180
34,附　則　（平成一四年四月一七日法律第二四号）　抄,1,第二条,LAW_REFERENCE,の規定による改正後の特許法第百八十四条,214,233
34,附　則　（平成一四年四月一七日法律第二四号）　抄,1,第二条,LAW_REFERENCE,の三第二項（同法第百八十四条,233,247
34,附　則　（平成一四年四月一七日法律第二四号）　抄,1,第二条,LAW_REFERENCE,の二十第六項、実用新案法第四十八条,247,264
34,附　則　（平成一四年四月一七日法律第二四号）　抄,1,第二条,LAW_REFERENCE,の三第二項及び同法第四十八条,264,278
34,附　則　（平成一四年四月一七日法律第二四号）　抄,1,第二条,LAW_REFERENCE,の十六第五項において準用する場合を含む。）の規定は、この法律の施行後にする国際特許出願又は国際実用新案登録出願について適用し、この法律の施行前にした国際特許出願又は国際実用新案登録出願については、なお従前の例による。 ３ この法,278,392
34,附　則　（平成一四年四月一七日法律第二四号）　抄,1,第二条,LAW_REFERENCE,の規定による改正前の特許法第百八十四条,401,420
34,附　則　（平成一四年四月一七日法律第二四号）　抄,1,第二条,LAW_REFERENCE,の五第一項の規定による手続をした日本語特許出願並びに同法第百八十四条,420,454
34,附　則　（平成一四年四月一七日法律第二四号）　抄,1,第二条,ARTICLE_REFERENCE,第二条,0,3
34,附　則　（平成一四年四月一七日法律第二四号）　抄,1,第二条,ARTICLE_REFERENCE,第一条,5,8
34,附　則　（平成一四年四月一七日法律第二四号）　抄,1,第二条,ARTICLE_REFERENCE,第二条,31,34
34,附　則　（平成一四年四月一七日法律第二四号）　抄,1,第二条,ARTICLE_REFERENCE,第一条,35,38
34,附　則　（平成一四年四月一七日法律第二四号）　抄,1,第二条,ARTICLE_REFERENCE,第十七条の二,51,57
34,附　則　（平成一四年四月一七日法律第二四号）　抄,1,第二条,ARTICLE_REFERENCE,第三十六条,58,63
34,附　則　（平成一四年四月一七日法律第二四号）　抄,1,第二条,ARTICLE_REFERENCE,第四項,63,66
34,附　則　（平成一四年四月一七日法律第二四号）　抄,1,第二条,ARTICLE_REFERENCE,第四十八条の七,67,74
34,附　則　（平成一四年四月一七日法律第二四号）　抄,1,第二条,ARTICLE_REFERENCE,第四十九条,75,80
34,附　則　（平成一四年四月一七日法律第二四号）　抄,1,第二条,ARTICLE_REFERENCE,第五十条,81,85
34,附　則　（平成一四年四月一七日法律第二四号）　抄,1,第二条,ARTICLE_REFERENCE,第五十三条,86,91
34,附　則　（平成一四年四月一七日法律第二四号）　抄,1,第二条,ARTICLE_REFERENCE,第百十三条,92,97
34,附　則　（平成一四年四月一七日法律第二四号）　抄,1,第二条,ARTICLE_REFERENCE,第百二十三条,98,104
34,附　則　（平成一四年四月一七日法律第二四号）　抄,1,第二条,ARTICLE_REFERENCE,第一項,104,107
34,附　則　（平成一四年四月一七日法律第二四号）　抄,1,第二条,ARTICLE_REFERENCE,第百五十九条,108,114
34,附　則　（平成一四年四月一七日法律第二四号）　抄,1,第二条,ARTICLE_REFERENCE,第一項,114,117
34,附　則　（平成一四年四月一七日法律第二四号）　抄,1,第二条,ARTICLE_REFERENCE,第二項,119,122
34,附　則　（平成一四年四月一七日法律第二四号）　抄,1,第二条,ARTICLE_REFERENCE,第百六十三条,123,129
34,附　則　（平成一四年四月一七日法律第二四号）　抄,1,第二条,ARTICLE_REFERENCE,第一項,129,132
34,附　則　（平成一四年四月一七日法律第二四号）　抄,1,第二条,ARTICLE_REFERENCE,第二項,134,137
34,附　則　（平成一四年四月一七日法律第二四号）　抄,1,第二条,ARTICLE_REFERENCE,第百八十四条の十八,140,149
34,附　則　（平成一四年四月一七日法律第二四号）　抄,1,第二条,ARTICLE_REFERENCE,第一条,211,214
34,附　則　（平成一四年四月一七日法律第二四号）　抄,1,第二条,ARTICLE_REFERENCE,第百八十四条の三,227,235
34,附　則　（平成一四年四月一七日法律第二四号）　抄,1,第二条,ARTICLE_REFERENCE,第二項,235,238
34,附　則　（平成一四年四月一七日法律第二四号）　抄,1,第二条,ARTICLE_REFERENCE,第百八十四条の二十,241,250
34,附　則　（平成一四年四月一七日法律第二四号）　抄,1,第二条,ARTICLE_REFERENCE,第六項,250,253
34,附　則　（平成一四年四月一七日法律第二四号）　抄,1,第二条,ARTICLE_REFERENCE,第四十八条の三,259,266
34,附　則　（平成一四年四月一七日法律第二四号）　抄,1,第二条,ARTICLE_REFERENCE,第二項,266,269
34,附　則　（平成一四年四月一七日法律第二四号）　抄,1,第二条,ARTICLE_REFERENCE,第四十八条の十六,273,281
34,附　則　（平成一四年四月一七日法律第二四号）　抄,1,第二条,ARTICLE_REFERENCE,第五項,281,284
34,附　則　（平成一四年四月一七日法律第二四号）　抄,1,第二条,ARTICLE_REFERENCE,第一条,398,401
34,附　則　（平成一四年四月一七日法律第二四号）　抄,1,第二条,ARTICLE_REFERENCE,第百八十四条の五,414,422
34,附　則　（平成一四年四月一七日法律第二四号）　抄,1,第二条,ARTICLE_REFERENCE,第一項,422,425
34,附　則　（平成一四年四月一七日法律第二四号）　抄,1,第二条,ARTICLE_REFERENCE,第百八十四条の四,448,456
34,附　則　（平成一四年四月一七日法律第二四号）　抄,1,第二条,ARTICLE_REFERENCE,第一項,456,459
34,附　則　（平成一四年四月一七日法律第二四号）　抄,1,第二条,ARTICLE_REFERENCE,第百八十四条の五,461,469
34,附　則　（平成一四年四月一七日法律第二四号）　抄,1,第二条,ARTICLE_REFERENCE,第一項,469,472
34,附　則　（平成一四年四月一七日法律第二四号）　抄,1,第二条,PROCEDURE,出願,167,169
34,附　則　（平成一四年四月一七日法律第二四号）　抄,1,第二条,PROCEDURE,出願,190,192
34,附　則　（平成一四年四月一七日法律第二四号）　抄,1,第二条,PROCEDURE,出願,319,321
34,附　則　（平成一四年四月一七日法律第二四号）　抄,1,第二条,PROCEDURE,登録,329,331
34,附　則　（平成一四年四月一七日法律第二四号）　抄,1,第二条,PROCEDURE,出願,331,333
34,附　則　（平成一四年四月一七日法律第二四号）　抄,1,第二条,PROCEDURE,出願,356,358
34,附　則　（平成一四年四月一七日法律第二四号）　抄,1,第二条,PROCEDURE,登録,366,368
34,附　則　（平成一四年四月一七日法律第二四号）　抄,1,第二条,PROCEDURE,出願,368,370
34,附　則　（平成一四年四月一七日法律第二四号）　抄,1,第二条,PROCEDURE,出願,441,443
34,附　則　（平成一四年四月一七日法律第二四号）　抄,1,第二条,PROCEDURE,出願,488,490
34,附　則　（平成一四年四月一七日法律第二四号）　抄,2,第三条,LAW_REFERENCE,の規定による特許法,8,17
34,附　則　（平成一四年四月一七日法律第二四号）　抄,2,第三条,LAW_REFERENCE,の規定（特許法第百一条,38,49
34,附　則　（平成一四年四月一七日法律第二四号）　抄,2,第三条,LAW_REFERENCE,の改正規定、同法第百十二条,49,62
34,附　則　（平成一四年四月一七日法律第二四号）　抄,2,第三条,LAW_REFERENCE,の三第二項の改正規定及び同法第百七十五条,62,82
34,附　則　（平成一四年四月一七日法律第二四号）　抄,2,第三条,LAW_REFERENCE,第二項の改正規定を除く。）による改正後の特許法,82,105
34,附　則　（平成一四年四月一七日法律第二四号）　抄,2,第三条,LAW_REFERENCE,において「新特許法,111,120
34,附　則　（平成一四年四月一七日法律第二四号）　抄,2,第三条,LAW_REFERENCE,第二号に定める日（以下「施行日」という。）以後にする特許出願（施行日以後にする特許出願であって、特許法第四十四条,136,192
34,附　則　（平成一四年四月一七日法律第二四号）　抄,2,第三条,LAW_REFERENCE,第二項（同法第四十六条,192,203
34,附　則　（平成一四年四月一七日法律第二四号）　抄,2,第三条,LAW_REFERENCE,第六項において準用する場合を含む。）の規定により施行日前にしたものとみなされるもの（以下この項において「施行日前の特許出願の分割等に係る特許出願」という。）を含む。）について適用し、施行日前にした特許出願（施行日前の特許出願の分割等に係る特許出願を除く。）については、なお従前の例による。 ２ 施行日前にした特許出願又は実用新案登録出願が、新特許法第二十九条,203,382
34,附　則　（平成一四年四月一七日法律第二四号）　抄,2,第三条,LAW_REFERENCE,中「明細書、特許請求の範囲若しくは実用新案登録請求の範囲」とあるのは、「明細書」とする。 ３ 施行日前にした特許出願又は実用新案登録出願が、新特許法第四十一条,427,506
34,附　則　（平成一四年四月一七日法律第二四号）　抄,2,第三条,ARTICLE_REFERENCE,第三条,0,3
34,附　則　（平成一四年四月一七日法律第二四号）　抄,2,第三条,ARTICLE_REFERENCE,第二条,5,8
34,附　則　（平成一四年四月一七日法律第二四号）　抄,2,第三条,ARTICLE_REFERENCE,第三条,31,34
34,附　則　（平成一四年四月一七日法律第二四号）　抄,2,第三条,ARTICLE_REFERENCE,第二条,35,38
34,附　則　（平成一四年四月一七日法律第二四号）　抄,2,第三条,ARTICLE_REFERENCE,第百一条,45,49
34,附　則　（平成一四年四月一七日法律第二四号）　抄,2,第三条,ARTICLE_REFERENCE,第百十二条の三,57,64
34,附　則　（平成一四年四月一七日法律第二四号）　抄,2,第三条,ARTICLE_REFERENCE,第二項,64,67
34,附　則　（平成一四年四月一七日法律第二四号）　抄,2,第三条,ARTICLE_REFERENCE,第百七十五条,76,82
34,附　則　（平成一四年四月一七日法律第二四号）　抄,2,第三条,ARTICLE_REFERENCE,第二項,82,85
34,附　則　（平成一四年四月一七日法律第二四号）　抄,2,第三条,ARTICLE_REFERENCE,附則,131,133
34,附　則　（平成一四年四月一七日法律第二四号）　抄,2,第三条,ARTICLE_REFERENCE,第一条,133,136
34,附　則　（平成一四年四月一七日法律第二四号）　抄,2,第三条,ARTICLE_REFERENCE,第二号,136,139
34,附　則　（平成一四年四月一七日法律第二四号）　抄,2,第三条,ARTICLE_REFERENCE,第四十四条,187,192
34,附　則　（平成一四年四月一七日法律第二四号）　抄,2,第三条,ARTICLE_REFERENCE,第二項,192,195
34,附　則　（平成一四年四月一七日法律第二四号）　抄,2,第三条,ARTICLE_REFERENCE,第四十六条,198,203
34,附　則　（平成一四年四月一七日法律第二四号）　抄,2,第三条,ARTICLE_REFERENCE,第六項,203,206
34,附　則　（平成一四年四月一七日法律第二四号）　抄,2,第三条,ARTICLE_REFERENCE,第二十九条の二,377,384
34,附　則　（平成一四年四月一七日法律第二四号）　抄,2,第三条,ARTICLE_REFERENCE,同条,414,416
34,附　則　（平成一四年四月一七日法律第二四号）　抄,2,第三条,ARTICLE_REFERENCE,同条,425,427
34,附　則　（平成一四年四月一七日法律第二四号）　抄,2,第三条,ARTICLE_REFERENCE,第四十一条,501,506
34,附　則　（平成一四年四月一七日法律第二四号）　抄,2,第三条,ARTICLE_REFERENCE,第一項,506,509
34,附　則　（平成一四年四月一七日法律第二四号）　抄,2,第三条,ARTICLE_REFERENCE,同条,527,529
34,附　則　（平成一四年四月一七日法律第二四号）　抄,2,第三条,ARTICLE_REFERENCE,第一項,529,532
34,附　則　（平成一四年四月一七日法律第二四号）　抄,2,第三条,ARTICLE_REFERENCE,第三項,534,537
34,附　則　（平成一四年四月一七日法律第二四号）　抄,2,第三条,TIME_PERIOD,から,532,534
34,附　則　（平成一四年四月一七日法律第二四号）　抄,2,第三条,TIME_PERIOD,まで,537,539
34,附　則　（平成一四年四月一七日法律第二四号）　抄,2,第三条,PROCEDURE,出願,164,166
34,附　則　（平成一四年四月一七日法律第二四号）　抄,2,第三条,PROCEDURE,出願,177,179
34,附　則　（平成一四年四月一七日法律第二四号）　抄,2,第三条,PROCEDURE,出願,262,264
34,附　則　（平成一四年四月一七日法律第二四号）　抄,2,第三条,PROCEDURE,出願,273,275
34,附　則　（平成一四年四月一七日法律第二四号）　抄,2,第三条,PROCEDURE,出願,303,305
34,附　則　（平成一四年四月一七日法律第二四号）　抄,2,第三条,PROCEDURE,出願,313,315
34,附　則　（平成一四年四月一七日法律第二四号）　抄,2,第三条,PROCEDURE,出願,324,326
34,附　則　（平成一四年四月一七日法律第二四号）　抄,2,第三条,PROCEDURE,出願,359,361
34,附　則　（平成一四年四月一七日法律第二四号）　抄,2,第三条,PROCEDURE,登録,367,369
34,附　則　（平成一四年四月一七日法律第二四号）　抄,2,第三条,PROCEDURE,出願,369,371
34,附　則　（平成一四年四月一七日法律第二四号）　抄,2,第三条,PROCEDURE,出願,393,395
34,附　則　（平成一四年四月一七日法律第二四号）　抄,2,第三条,PROCEDURE,登録,401,403
34,附　則　（平成一四年四月一七日法律第二四号）　抄,2,第三条,PROCEDURE,出願,403,405
34,附　則　（平成一四年四月一七日法律第二四号）　抄,2,第三条,PROCEDURE,明細書,429,432
34,附　則　（平成一四年四月一七日法律第二四号）　抄,2,第三条,PROCEDURE,請求,435,437
34,附　則　（平成一四年四月一七日法律第二四号）　抄,2,第三条,PROCEDURE,登録,448,450
34,附　則　（平成一四年四月一七日法律第二四号）　抄,2,第三条,PROCEDURE,請求,450,452
34,附　則　（平成一四年四月一七日法律第二四号）　抄,2,第三条,PROCEDURE,明細書,463,466
34,附　則　（平成一四年四月一七日法律第二四号）　抄,2,第三条,PROCEDURE,出願,483,485
34,附　則　（平成一四年四月一七日法律第二四号）　抄,2,第三条,PROCEDURE,登録,491,493
34,附　則　（平成一四年四月一七日法律第二四号）　抄,2,第三条,PROCEDURE,出願,493,495
34,附　則　（平成一四年四月一七日法律第二四号）　抄,2,第三条,PROCEDURE,出願,516,518
34,附　則　（平成一四年四月一七日法律第二四号）　抄,2,第三条,PROCEDURE,明細書,556,559
34,附　則　（平成一四年四月一七日法律第二四号）　抄,2,第三条,PROCEDURE,請求,562,564
34,附　則　（平成一四年四月一七日法律第二四号）　抄,2,第三条,PROCEDURE,登録,575,577
34,附　則　（平成一四年四月一七日法律第二四号）　抄,2,第三条,PROCEDURE,請求,577,579
34,附　則　（平成一四年四月一七日法律第二四号）　抄,2,第三条,PROCEDURE,明細書,590,593
34,附　則　（平成一四年四月一七日法律第二四号）　抄,3,第七条,LAW_REFERENCE, この法,23,27
34,附　則　（平成一四年四月一七日法律第二四号）　抄,3,第七条,ARTICLE_REFERENCE,第七条,0,3
34,附　則　（平成一四年四月一七日法律第二四号）　抄,3,第七条,ARTICLE_REFERENCE,第七条,20,23
34,附　則　（平成一四年四月一七日法律第二四号）　抄,4,第八条,LAW_REFERENCE,政令,5,7
34,附　則　（平成一四年四月一七日法律第二四号）　抄,4,第八条,LAW_REFERENCE,までに定めるもののほか、この法,26,41
34,附　則　（平成一四年四月一七日法律第二四号）　抄,4,第八条,LAW_REFERENCE,政令,57,59
34,附　則　（平成一四年四月一七日法律第二四号）　抄,4,第八条,ARTICLE_REFERENCE,第八条,0,3
34,附　則　（平成一四年四月一七日法律第二四号）　抄,4,第八条,ARTICLE_REFERENCE,第八条,13,16
34,附　則　（平成一四年四月一七日法律第二四号）　抄,4,第八条,ARTICLE_REFERENCE,附則,17,19
34,附　則　（平成一四年四月一七日法律第二四号）　抄,4,第八条,ARTICLE_REFERENCE,第二条,19,22
34,附　則　（平成一四年四月一七日法律第二四号）　抄,4,第八条,ARTICLE_REFERENCE,前条,24,26
34,附　則　（平成一四年四月一七日法律第二四号）　抄,4,第八条,TIME_PERIOD,から,22,24
34,附　則　（平成一四年四月一七日法律第二四号）　抄,4,第八条,TIME_PERIOD,まで,26,28
35,附　則　（平成一四年七月三一日法律第一〇〇号）,0,第一条,LAW_REFERENCE, この法律は、民間事業者による信書の送達に関する法律（平成十四年法,14,47
35,附　則　（平成一四年七月三一日法律第一〇〇号）,0,第一条,ARTICLE_REFERENCE,第一条,0,3
35,附　則　（平成一四年七月三一日法律第一〇〇号）,0,第一条,ARTICLE_REFERENCE,第一条,11,14
35,附　則　（平成一四年七月三一日法律第一〇〇号）,0,第一条,ARTICLE_REFERENCE,第九十九号,48,53
35,附　則　（平成一四年七月三一日法律第一〇〇号）,0,第一条,TIME_PERIOD,十四年,43,46
35,附　則　（平成一四年七月三一日法律第一〇〇号）,0,第一条,TIME_PERIOD,から,59,61
35,附　則　（平成一四年七月三一日法律第一〇〇号）,1,第二条,LAW_REFERENCE, この法,20,24
35,附　則　（平成一四年七月三一日法律第一〇〇号）,1,第二条,ARTICLE_REFERENCE,第二条,0,3
35,附　則　（平成一四年七月三一日法律第一〇〇号）,1,第二条,ARTICLE_REFERENCE,第二条,17,20
35,附　則　（平成一四年七月三一日法律第一〇〇号）,2,第三条,LAW_REFERENCE,政令,14,16
35,附　則　（平成一四年七月三一日法律第一〇〇号）,2,第三条,LAW_REFERENCE,に定めるもののほか、この法,28,41
35,附　則　（平成一四年七月三一日法律第一〇〇号）,2,第三条,LAW_REFERENCE,政令,57,59
35,附　則　（平成一四年七月三一日法律第一〇〇号）,2,第三条,ARTICLE_REFERENCE,第三条,0,3
35,附　則　（平成一四年七月三一日法律第一〇〇号）,2,第三条,ARTICLE_REFERENCE,第三条,22,25
35,附　則　（平成一四年七月三一日法律第一〇〇号）,2,第三条,ARTICLE_REFERENCE,前条,26,28
36,附　則　（平成一五年五月二三日法律第四七号）　抄,0,第一条,LAW_REFERENCE, この法,14,18
36,附　則　（平成一五年五月二三日法律第四七号）　抄,0,第一条,LAW_REFERENCE,中特許法第百七条,92,100
36,附　則　（平成一五年五月二三日法律第四七号）　抄,0,第一条,LAW_REFERENCE,中実用新案法第三十一条,136,147
36,附　則　（平成一五年五月二三日法律第四七号）　抄,0,第一条,LAW_REFERENCE,中意匠法第四十二条,163,172
36,附　則　（平成一五年五月二三日法律第四七号）　抄,0,第一条,LAW_REFERENCE,中商標法第四十条,188,196
36,附　則　（平成一五年五月二三日法律第四七号）　抄,0,第一条,LAW_REFERENCE,約に基づく国際出願等に関する法,234,249
36,附　則　（平成一五年五月二三日法律第四七号）　抄,0,第一条,LAW_REFERENCE,中工業所有権に関する手続等の特例に関する法,263,284
36,附　則　（平成一五年五月二三日法律第四七号）　抄,0,第一条,ARTICLE_REFERENCE,第一条,0,3
36,附　則　（平成一五年五月二三日法律第四七号）　抄,0,第一条,ARTICLE_REFERENCE,第一条,11,14
36,附　則　（平成一五年五月二三日法律第四七号）　抄,0,第一条,ARTICLE_REFERENCE,各号,43,45
36,附　則　（平成一五年五月二三日法律第四七号）　抄,0,第一条,ARTICLE_REFERENCE,各号,55,57
36,附　則　（平成一五年五月二三日法律第四七号）　抄,0,第一条,ARTICLE_REFERENCE,附則,72,74
36,附　則　（平成一五年五月二三日法律第四七号）　抄,0,第一条,ARTICLE_REFERENCE,第十八条,74,78
36,附　則　（平成一五年五月二三日法律第四七号）　抄,0,第一条,ARTICLE_REFERENCE,第一条,89,92
36,附　則　（平成一五年五月二三日法律第四七号）　抄,0,第一条,ARTICLE_REFERENCE,第百七条,96,100
36,附　則　（平成一五年五月二三日法律第四七号）　抄,0,第一条,ARTICLE_REFERENCE,第百九十五条,101,107
36,附　則　（平成一五年五月二三日法律第四七号）　抄,0,第一条,ARTICLE_REFERENCE,第一号,112,115
36,附　則　（平成一五年五月二三日法律第四七号）　抄,0,第一条,ARTICLE_REFERENCE,第四号,117,120
36,附　則　（平成一五年五月二三日法律第四七号）　抄,0,第一条,ARTICLE_REFERENCE,第六号,124,127
36,附　則　（平成一五年五月二三日法律第四七号）　抄,0,第一条,ARTICLE_REFERENCE,第二条,133,136
36,附　則　（平成一五年五月二三日法律第四七号）　抄,0,第一条,ARTICLE_REFERENCE,第三十一条,142,147
36,附　則　（平成一五年五月二三日法律第四七号）　抄,0,第一条,ARTICLE_REFERENCE,第五十四条,149,154
36,附　則　（平成一五年五月二三日法律第四七号）　抄,0,第一条,ARTICLE_REFERENCE,第三条,160,163
36,附　則　（平成一五年五月二三日法律第四七号）　抄,0,第一条,ARTICLE_REFERENCE,第四十二条,167,172
36,附　則　（平成一五年五月二三日法律第四七号）　抄,0,第一条,ARTICLE_REFERENCE,第六十七条,174,179
36,附　則　（平成一五年五月二三日法律第四七号）　抄,0,第一条,ARTICLE_REFERENCE,第四条,185,188
36,附　則　（平成一五年五月二三日法律第四七号）　抄,0,第一条,ARTICLE_REFERENCE,第四十条,192,196
36,附　則　（平成一五年五月二三日法律第四七号）　抄,0,第一条,ARTICLE_REFERENCE,第四十一条の二,197,204
36,附　則　（平成一五年五月二三日法律第四七号）　抄,0,第一条,ARTICLE_REFERENCE,第六十五条の七,205,212
36,附　則　（平成一五年五月二三日法律第四七号）　抄,0,第一条,ARTICLE_REFERENCE,第七十六条,214,219
36,附　則　（平成一五年五月二三日法律第四七号）　抄,0,第一条,ARTICLE_REFERENCE,第五条,225,228
36,附　則　（平成一五年五月二三日法律第四七号）　抄,0,第一条,ARTICLE_REFERENCE,第十八条,250,254
36,附　則　（平成一五年五月二三日法律第四七号）　抄,0,第一条,ARTICLE_REFERENCE,第六条,260,263
36,附　則　（平成一五年五月二三日法律第四七号）　抄,0,第一条,ARTICLE_REFERENCE,第四十条,285,289
36,附　則　（平成一五年五月二三日法律第四七号）　抄,0,第一条,ARTICLE_REFERENCE,同条,295,297
36,附　則　（平成一五年五月二三日法律第四七号）　抄,0,第一条,ARTICLE_REFERENCE,第一項,297,300
36,附　則　（平成一五年五月二三日法律第四七号）　抄,0,第一条,ARTICLE_REFERENCE,第七条,313,316
36,附　則　（平成一五年五月二三日法律第四七号）　抄,0,第一条,ARTICLE_REFERENCE,第八条,318,321
36,附　則　（平成一五年五月二三日法律第四七号）　抄,0,第一条,ARTICLE_REFERENCE,附則,327,329
36,附　則　（平成一五年五月二三日法律第四七号）　抄,0,第一条,ARTICLE_REFERENCE,第二条,329,332
36,附　則　（平成一五年五月二三日法律第四七号）　抄,0,第一条,ARTICLE_REFERENCE,第二項,332,335
36,附　則　（平成一五年五月二三日法律第四七号）　抄,0,第一条,ARTICLE_REFERENCE,第六項,337,340
36,附　則　（平成一五年五月二三日法律第四七号）　抄,0,第一条,ARTICLE_REFERENCE,第三条,343,346
36,附　則　（平成一五年五月二三日法律第四七号）　抄,0,第一条,ARTICLE_REFERENCE,第二項,346,349
36,附　則　（平成一五年五月二三日法律第四七号）　抄,0,第一条,ARTICLE_REFERENCE,第三項,351,354
36,附　則　（平成一五年五月二三日法律第四七号）　抄,0,第一条,ARTICLE_REFERENCE,第四条,355,358
36,附　則　（平成一五年五月二三日法律第四七号）　抄,0,第一条,ARTICLE_REFERENCE,第一項,358,361
36,附　則　（平成一五年五月二三日法律第四七号）　抄,0,第一条,ARTICLE_REFERENCE,第五条,362,365
36,附　則　（平成一五年五月二三日法律第四七号）　抄,0,第一条,ARTICLE_REFERENCE,第一項,365,368
36,附　則　（平成一五年五月二三日法律第四七号）　抄,0,第一条,ARTICLE_REFERENCE,第七条,369,372
36,附　則　（平成一五年五月二三日法律第四七号）　抄,0,第一条,ARTICLE_REFERENCE,第十一条,374,378
36,附　則　（平成一五年五月二三日法律第四七号）　抄,0,第一条,ARTICLE_REFERENCE,第十六条,381,385
36,附　則　（平成一五年五月二三日法律第四七号）　抄,0,第一条,ARTICLE_REFERENCE,第十九条,388,392
36,附　則　（平成一五年五月二三日法律第四七号）　抄,0,第一条,TIME_PERIOD,十六年一月一日,23,30
36,附　則　（平成一五年五月二三日法律第四七号）　抄,0,第一条,TIME_PERIOD,から,30,32
36,附　則　（平成一五年五月二三日法律第四七号）　抄,0,第一条,TIME_PERIOD,から,62,64
36,附　則　（平成一五年五月二三日法律第四七号）　抄,0,第一条,TIME_PERIOD,から,115,117
36,附　則　（平成一五年五月二三日法律第四七号）　抄,0,第一条,TIME_PERIOD,まで,120,122
36,附　則　（平成一五年五月二三日法律第四七号）　抄,0,第一条,TIME_PERIOD,から,335,337
36,附　則　（平成一五年五月二三日法律第四七号）　抄,0,第一条,TIME_PERIOD,まで,340,342
36,附　則　（平成一五年五月二三日法律第四七号）　抄,0,第一条,TIME_PERIOD,から,372,374
36,附　則　（平成一五年五月二三日法律第四七号）　抄,0,第一条,TIME_PERIOD,まで,378,380
36,附　則　（平成一五年五月二三日法律第四七号）　抄,0,第一条,TIME_PERIOD,十六年四月一日,398,405
36,附　則　（平成一五年五月二三日法律第四七号）　抄,0,第一条,PROCEDURE,意匠,164,166
36,附　則　（平成一五年五月二三日法律第四七号）　抄,0,第一条,PROCEDURE,商標,189,191
36,附　則　（平成一五年五月二三日法律第四七号）　抄,0,第一条,PROCEDURE,出願,241,243
36,附　則　（平成一五年五月二三日法律第四七号）　抄,1,第二条,LAW_REFERENCE,"
（特許法",3,8
36,附　則　（平成一五年五月二三日法律第四七号）　抄,1,第二条,LAW_REFERENCE,の規定による改正後の特許法（以下「新特許法,29,50
36,附　則　（平成一五年五月二三日法律第四七号）　抄,1,第二条,LAW_REFERENCE,の規定は、この法律の施行後にする特許出願について適用し、この法律の施行前にした特許出願については、なお従前の例による。 ２ 新特許法第百七条,61,131
36,附　則　（平成一五年五月二三日法律第四七号）　抄,1,第二条,LAW_REFERENCE,の規定による改正前の特許法（以下「旧特許法,236,257
36,附　則　（平成一五年五月二三日法律第四七号）　抄,1,第二条,LAW_REFERENCE,第一項の規定は、なおその効力を有する。 ３ 新特許法別表第一号から第四号まで及び第六号の規定は、一部施行日以後にする特許出願（一部施行日以後にする特許出願であって、特許法第四十四条,267,357
36,附　則　（平成一五年五月二三日法律第四七号）　抄,1,第二条,LAW_REFERENCE,第二項（同法第四十六条,357,368
36,附　則　（平成一五年五月二三日法律第四七号）　抄,1,第二条,LAW_REFERENCE,第六項において準用する場合を含む。）の規定により一部施行日前にしたものとみなされるもの（以下「一部施行日前の特許出願の分割等に係る特許出願」という。）を含む。）に係る手数料について適用し、一部施行日前にした特許出願（一部施行日前の特許出願の分割等に係る特許出願を除く。）に係る手数料については、旧特許法別表第一号から第四号まで及び第六号の規定は、なおその効力を有する。 ４ 一部施行日前にした特許出願（一部施行日前の特許出願の分割等に係る特許出願を除く。）に係る特許料の納付についての新特許法第百七条,368,618
36,附　則　（平成一五年五月二三日法律第四七号）　抄,1,第二条,LAW_REFERENCE,第二項及び第三項の規定並びに手数料の納付についての新特許法第百九十五条,618,653
36,附　則　（平成一五年五月二三日法律第四七号）　抄,1,第二条,LAW_REFERENCE,第四項及び第五項（これらの規定を特許法等の一部を改正する法律（平成二十三年法,653,691
36,附　則　（平成一五年五月二三日法律第四七号）　抄,1,第二条,LAW_REFERENCE,約に基づく国際出願等に関する法,716,731
36,附　則　（平成一五年五月二三日法律第四七号）　抄,1,第二条,LAW_REFERENCE,第五項において準用する場合を含む。）並びに第六項の規定の適用については、これらの規定中「国」とあるのは、「国等（特許法等の一部を改正する法律（平成十五年法,736,813
36,附　則　（平成一五年五月二三日法律第四七号）　抄,1,第二条,LAW_REFERENCE,の規定による改正前の特許法第百七条,823,840
36,附　則　（平成一五年五月二三日法律第四七号）　抄,1,第二条,LAW_REFERENCE,第四項に規定する国等をいう。）」とする。 ５ 共有に係る特許権について一部施行日前に既に納付した特許料又は一部施行日前に納付すべきであった特許料（旧特許法第百九条,840,921
36,附　則　（平成一五年五月二三日法律第四七号）　抄,1,第二条,LAW_REFERENCE,の規定によりその納付が猶予されたものを含む。）については、新特許法第百七条,921,958
36,附　則　（平成一五年五月二三日法律第四七号）　抄,1,第二条,LAW_REFERENCE,第三項の規定にかかわらず、なお従前の例による。 ６ 特許法等の一部を改正する法律（平成五年法律第二十六号）の施行前にした特許出願に係る出願審査の請求の手数料の返還についての新特許法第百九十五条,958,1054
36,附　則　（平成一五年五月二三日法律第四七号）　抄,1,第二条,LAW_REFERENCE,第九項の規定の適用については、同項中「次に掲げる命令、通知又は査定の謄本の送達」とあるのは、「次に掲げる命令、通知、査定の謄本の送達又は特許法等の一部を改正する法律（平成五年法,1054,1142
36,附　則　（平成一五年五月二三日法律第四七号）　抄,1,第二条,LAW_REFERENCE,の規定による改正前の特許法第五十三条,1152,1170
36,附　則　（平成一五年五月二三日法律第四七号）　抄,1,第二条,LAW_REFERENCE,第一項の規定による決定の謄本の送達」とする。 ７ この法律の施行前に請求された特許異議の申立て若しくは審判又は再審については、その特許異議の申立て若しくは審判又は再審について決定又は審決が確定するまでは、なお従前の例による。 ８ この法律の施行前に請求された特許異議の申立て又は審判の確定した取消決定又は審決に対する再審については、なお従前の例による。 ９ この法律の施行前にされた特許異議の申立てについての取消決定又は特許異議申立書の却下の決定に対する訴えについては、なお従前の例による。 １０ 新特許法第百八十一条,1170,1429
36,附　則　（平成一五年五月二三日法律第四七号）　抄,1,第二条,LAW_REFERENCE,の規定は、この法律の施行後に請求される特許無効審判についての審決に対する訴えについて適用し、この法律の施行前に請求された特許法第百二十三条,1429,1498
36,附　則　（平成一五年五月二三日法律第四七号）　抄,1,第二条,LAW_REFERENCE,第一項の審判についての審決に対する訴えについては、なお従前の例による。 １１ 新特許法第百二十三条,1498,1547
36,附　則　（平成一五年五月二三日法律第四七号）　抄,1,第二条,LAW_REFERENCE,第一項第八号の規定は、この法律の施行後に新特許法の規定による訂正をする特許について適用し、この法律の施行前に旧特許法の規定による訂正をした特許及びこの法律の施行後に旧特許法の規定による訂正をする特許については、なお従前の例による。 １２ この法律の施行前にされた特許異議の申立てについての決定が確定していない場合におけるこの法律の施行後に訂正をする特許に係る新特許法第百二十六条,1547,1736
36,附　則　（平成一五年五月二三日法律第四七号）　抄,1,第二条,LAW_REFERENCE,第二項の規定の適用については、同項中「特許無効審判が」とあるのは「特許異議の申立て又は特許無効審判が」と、「その審決」とあるのは「その決定又は審決」と、「特許無効審判の審決に対する」とあるのは「特許異議の申立てについての特許法等の一部を改正する法律（平成十五年法,1736,1867
36,附　則　（平成一五年五月二三日法律第四七号）　抄,1,第二条,LAW_REFERENCE,の規定による改正前の特許法第百十四条,1877,1895
36,附　則　（平成一五年五月二三日法律第四七号）　抄,1,第二条,LAW_REFERENCE,第二項の取消決定（以下単に「取消決定」という。）又は特許無効審判の審決に対する」と、「審決の取消しの判決」とあるのは「取消決定若しくは審決の取消しの判決」とする。 １３ この法律の施行前に請求された特許異議の申立て又は特許法第百二十三条,1895,2013
36,附　則　（平成一五年五月二三日法律第四七号）　抄,1,第二条,LAW_REFERENCE,第一項の審判に係る取消決定又は審決に対する訴えが、この法律の施行の際現に裁判所に係属している場合において、この法律の施行後当該訴えについての判決が確定するまでの間において訂正をする特許に係る新特許法第百二十六条,2013,2118
36,附　則　（平成一五年五月二三日法律第四七号）　抄,1,第二条,LAW_REFERENCE,第二項の規定の適用については、前項の規定にかかわらず、新特許法第百二十六条,2118,2155
36,附　則　（平成一五年五月二三日法律第四七号）　抄,1,第二条,LAW_REFERENCE,第二項中「特許無効審判が特許庁に係属した時からその審決が確定するまでの間は」とあるのは「特許異議の申立て又は特許無効審判が特許庁に係属している場合は」とし、同項ただし書の規定は、適用しない。 １４ 特許法等の一部を改正する法律（平成六年法律第百十六号。以下「平成六年改正法,2155,2291
36,附　則　（平成一五年五月二三日法律第四七号）　抄,1,第二条,LAW_REFERENCE,の規定の施行前にした外国語特許出願（平成六年改正法第一条,2300,2328
36,附　則　（平成一五年五月二三日法律第四七号）　抄,1,第二条,LAW_REFERENCE,の規定による改正前の特許法第百八十四条,2328,2347
36,附　則　（平成一五年五月二三日法律第四七号）　抄,1,第二条,LAW_REFERENCE,の十六第四項の規定により特許出願とみなされた国際出願であって、外国語でされたものを含む。）に係る特許についての平成六年改正法,2347,2409
36,附　則　（平成一五年五月二三日法律第四七号）　抄,1,第二条,LAW_REFERENCE,第一項の規定によりなお従前の例によるものとされた平成六年改正法第一条,2414,2448
36,附　則　（平成一五年五月二三日法律第四七号）　抄,1,第二条,LAW_REFERENCE,の規定による改正前の特許法第百八十四条,2448,2467
36,附　則　（平成一五年五月二三日法律第四七号）　抄,1,第二条,LAW_REFERENCE,の十五第一項の審判は、当該特許についてこの法律の施行後にする訂正に係る新特許法第百二十六条,2467,2512
36,附　則　（平成一五年五月二三日法律第四七号）　抄,1,第二条,LAW_REFERENCE,第二項（前二項の規定により読み替えて適用される場合を含む。）の規定の適用については、特許無効審判とみなす。 １５ この法律の施行前にされた特許異議の申立てについての決定のすべてが確定する日前に請求された審判に係る新特許法第百六十八条,2512,2628
36,附　則　（平成一五年五月二三日法律第四七号）　抄,1,第二条,ARTICLE_REFERENCE,第二条,0,3
36,附　則　（平成一五年五月二三日法律第四七号）　抄,1,第二条,ARTICLE_REFERENCE,第二条,22,25
36,附　則　（平成一五年五月二三日法律第四七号）　抄,1,第二条,ARTICLE_REFERENCE,第一条,26,29
36,附　則　（平成一五年五月二三日法律第四七号）　抄,1,第二条,ARTICLE_REFERENCE,第三十七条,56,61
36,附　則　（平成一五年五月二三日法律第四七号）　抄,1,第二条,ARTICLE_REFERENCE,第百七条,127,131
36,附　則　（平成一五年五月二三日法律第四七号）　抄,1,第二条,ARTICLE_REFERENCE,第一項,131,134
36,附　則　（平成一五年五月二三日法律第四七号）　抄,1,第二条,ARTICLE_REFERENCE,前条,139,141
36,附　則　（平成一五年五月二三日法律第四七号）　抄,1,第二条,ARTICLE_REFERENCE,第二号,145,148
36,附　則　（平成一五年五月二三日法律第四七号）　抄,1,第二条,ARTICLE_REFERENCE,第一条,233,236
36,附　則　（平成一五年五月二三日法律第四七号）　抄,1,第二条,ARTICLE_REFERENCE,第百七条,263,267
36,附　則　（平成一五年五月二三日法律第四七号）　抄,1,第二条,ARTICLE_REFERENCE,第一項,267,270
36,附　則　（平成一五年五月二三日法律第四七号）　抄,1,第二条,ARTICLE_REFERENCE,第一号,295,298
36,附　則　（平成一五年五月二三日法律第四七号）　抄,1,第二条,ARTICLE_REFERENCE,第四号,300,303
36,附　則　（平成一五年五月二三日法律第四七号）　抄,1,第二条,ARTICLE_REFERENCE,第六号,307,310
36,附　則　（平成一五年五月二三日法律第四七号）　抄,1,第二条,ARTICLE_REFERENCE,第四十四条,352,357
36,附　則　（平成一五年五月二三日法律第四七号）　抄,1,第二条,ARTICLE_REFERENCE,第二項,357,360
36,附　則　（平成一五年五月二三日法律第四七号）　抄,1,第二条,ARTICLE_REFERENCE,第四十六条,363,368
36,附　則　（平成一五年五月二三日法律第四七号）　抄,1,第二条,ARTICLE_REFERENCE,第六項,368,371
36,附　則　（平成一五年五月二三日法律第四七号）　抄,1,第二条,ARTICLE_REFERENCE,第一号,521,524
36,附　則　（平成一五年五月二三日法律第四七号）　抄,1,第二条,ARTICLE_REFERENCE,第四号,526,529
36,附　則　（平成一五年五月二三日法律第四七号）　抄,1,第二条,ARTICLE_REFERENCE,第六号,533,536
36,附　則　（平成一五年五月二三日法律第四七号）　抄,1,第二条,ARTICLE_REFERENCE,第百七条,614,618
36,附　則　（平成一五年五月二三日法律第四七号）　抄,1,第二条,ARTICLE_REFERENCE,第二項,618,621
36,附　則　（平成一五年五月二三日法律第四七号）　抄,1,第二条,ARTICLE_REFERENCE,第三項,623,626
36,附　則　（平成一五年五月二三日法律第四七号）　抄,1,第二条,ARTICLE_REFERENCE,第百九十五条,647,653
36,附　則　（平成一五年五月二三日法律第四七号）　抄,1,第二条,ARTICLE_REFERENCE,第四項,653,656
36,附　則　（平成一五年五月二三日法律第四七号）　抄,1,第二条,ARTICLE_REFERENCE,第五項,658,661
36,附　則　（平成一五年五月二三日法律第四七号）　抄,1,第二条,ARTICLE_REFERENCE,第六十三号,692,697
36,附　則　（平成一五年五月二三日法律第四七号）　抄,1,第二条,ARTICLE_REFERENCE,第五条,698,701
36,附　則　（平成一五年五月二三日法律第四七号）　抄,1,第二条,ARTICLE_REFERENCE,第十八条,732,736
36,附　則　（平成一五年五月二三日法律第四七号）　抄,1,第二条,ARTICLE_REFERENCE,第五項,736,739
36,附　則　（平成一五年五月二三日法律第四七号）　抄,1,第二条,ARTICLE_REFERENCE,第六項,757,760
36,附　則　（平成一五年五月二三日法律第四七号）　抄,1,第二条,ARTICLE_REFERENCE,第四十七号,814,819
36,附　則　（平成一五年五月二三日法律第四七号）　抄,1,第二条,ARTICLE_REFERENCE,第一条,820,823
36,附　則　（平成一五年五月二三日法律第四七号）　抄,1,第二条,ARTICLE_REFERENCE,第百七条,836,840
36,附　則　（平成一五年五月二三日法律第四七号）　抄,1,第二条,ARTICLE_REFERENCE,第四項,840,843
36,附　則　（平成一五年五月二三日法律第四七号）　抄,1,第二条,ARTICLE_REFERENCE,第百九条,917,921
36,附　則　（平成一五年五月二三日法律第四七号）　抄,1,第二条,ARTICLE_REFERENCE,第百七条,954,958
36,附　則　（平成一五年五月二三日法律第四七号）　抄,1,第二条,ARTICLE_REFERENCE,第三項,958,961
36,附　則　（平成一五年五月二三日法律第四七号）　抄,1,第二条,ARTICLE_REFERENCE,第二十六号,1005,1010
36,附　則　（平成一五年五月二三日法律第四七号）　抄,1,第二条,ARTICLE_REFERENCE,第百九十五条,1048,1054
36,附　則　（平成一五年五月二三日法律第四七号）　抄,1,第二条,ARTICLE_REFERENCE,第九項,1054,1057
36,附　則　（平成一五年五月二三日法律第四七号）　抄,1,第二条,ARTICLE_REFERENCE,同項,1069,1071
36,附　則　（平成一五年五月二三日法律第四七号）　抄,1,第二条,ARTICLE_REFERENCE,第二十六号,1143,1148
36,附　則　（平成一五年五月二三日法律第四七号）　抄,1,第二条,ARTICLE_REFERENCE,第一条,1149,1152
36,附　則　（平成一五年五月二三日法律第四七号）　抄,1,第二条,ARTICLE_REFERENCE,第五十三条,1165,1170
36,附　則　（平成一五年五月二三日法律第四七号）　抄,1,第二条,ARTICLE_REFERENCE,第一項,1170,1173
36,附　則　（平成一五年五月二三日法律第四七号）　抄,1,第二条,ARTICLE_REFERENCE,第百八十一条,1423,1429
36,附　則　（平成一五年五月二三日法律第四七号）　抄,1,第二条,ARTICLE_REFERENCE,第百二十三条,1492,1498
36,附　則　（平成一五年五月二三日法律第四七号）　抄,1,第二条,ARTICLE_REFERENCE,第一項,1498,1501
36,附　則　（平成一五年五月二三日法律第四七号）　抄,1,第二条,ARTICLE_REFERENCE,第百二十三条,1541,1547
36,附　則　（平成一五年五月二三日法律第四七号）　抄,1,第二条,ARTICLE_REFERENCE,第一項,1547,1550
36,附　則　（平成一五年五月二三日法律第四七号）　抄,1,第二条,ARTICLE_REFERENCE,第八号,1550,1553
36,附　則　（平成一五年五月二三日法律第四七号）　抄,1,第二条,ARTICLE_REFERENCE,第百二十六条,1730,1736
36,附　則　（平成一五年五月二三日法律第四七号）　抄,1,第二条,ARTICLE_REFERENCE,第二項,1736,1739
36,附　則　（平成一五年五月二三日法律第四七号）　抄,1,第二条,ARTICLE_REFERENCE,同項,1751,1753
36,附　則　（平成一五年五月二三日法律第四七号）　抄,1,第二条,ARTICLE_REFERENCE,第四十七号,1868,1873
36,附　則　（平成一五年五月二三日法律第四七号）　抄,1,第二条,ARTICLE_REFERENCE,第一条,1874,1877
36,附　則　（平成一五年五月二三日法律第四七号）　抄,1,第二条,ARTICLE_REFERENCE,第百十四条,1890,1895
36,附　則　（平成一五年五月二三日法律第四七号）　抄,1,第二条,ARTICLE_REFERENCE,第二項,1895,1898
36,附　則　（平成一五年五月二三日法律第四七号）　抄,1,第二条,ARTICLE_REFERENCE,第百二十三条,2007,2013
36,附　則　（平成一五年五月二三日法律第四七号）　抄,1,第二条,ARTICLE_REFERENCE,第一項,2013,2016
36,附　則　（平成一五年五月二三日法律第四七号）　抄,1,第二条,ARTICLE_REFERENCE,第百二十六条,2112,2118
36,附　則　（平成一五年五月二三日法律第四七号）　抄,1,第二条,ARTICLE_REFERENCE,第二項,2118,2121
36,附　則　（平成一五年五月二三日法律第四七号）　抄,1,第二条,ARTICLE_REFERENCE,前項,2133,2135
36,附　則　（平成一五年五月二三日法律第四七号）　抄,1,第二条,ARTICLE_REFERENCE,第百二十六条,2149,2155
36,附　則　（平成一五年五月二三日法律第四七号）　抄,1,第二条,ARTICLE_REFERENCE,第二項,2155,2158
36,附　則　（平成一五年五月二三日法律第四七号）　抄,1,第二条,ARTICLE_REFERENCE,同項,2233,2235
36,附　則　（平成一五年五月二三日法律第四七号）　抄,1,第二条,ARTICLE_REFERENCE,第百十六号,2275,2280
36,附　則　（平成一五年五月二三日法律第四七号）　抄,1,第二条,ARTICLE_REFERENCE,第一条,2297,2300
36,附　則　（平成一五年五月二三日法律第四七号）　抄,1,第二条,ARTICLE_REFERENCE,第一条,2325,2328
36,附　則　（平成一五年五月二三日法律第四七号）　抄,1,第二条,ARTICLE_REFERENCE,第百八十四条の十六,2341,2350
36,附　則　（平成一五年五月二三日法律第四七号）　抄,1,第二条,ARTICLE_REFERENCE,第四項,2350,2353
36,附　則　（平成一五年五月二三日法律第四七号）　抄,1,第二条,ARTICLE_REFERENCE,附則,2409,2411
36,附　則　（平成一五年五月二三日法律第四七号）　抄,1,第二条,ARTICLE_REFERENCE,第七条,2411,2414
36,附　則　（平成一五年五月二三日法律第四七号）　抄,1,第二条,ARTICLE_REFERENCE,第一項,2414,2417
36,附　則　（平成一五年五月二三日法律第四七号）　抄,1,第二条,ARTICLE_REFERENCE,第一条,2445,2448
36,附　則　（平成一五年五月二三日法律第四七号）　抄,1,第二条,ARTICLE_REFERENCE,第百八十四条の十五,2461,2470
36,附　則　（平成一五年五月二三日法律第四七号）　抄,1,第二条,ARTICLE_REFERENCE,第一項,2470,2473
36,附　則　（平成一五年五月二三日法律第四七号）　抄,1,第二条,ARTICLE_REFERENCE,第百二十六条,2506,2512
36,附　則　（平成一五年五月二三日法律第四七号）　抄,1,第二条,ARTICLE_REFERENCE,第二項,2512,2515
36,附　則　（平成一五年五月二三日法律第四七号）　抄,1,第二条,ARTICLE_REFERENCE,第百六十八条,2622,2628
36,附　則　（平成一五年五月二三日法律第四七号）　抄,1,第二条,ARTICLE_REFERENCE,第一項,2628,2631
36,附　則　（平成一五年五月二三日法律第四七号）　抄,1,第二条,ARTICLE_REFERENCE,同項,2643,2645
36,附　則　（平成一五年五月二三日法律第四七号）　抄,1,第二条,TIME_PERIOD,から,298,300
36,附　則　（平成一五年五月二三日法律第四七号）　抄,1,第二条,TIME_PERIOD,まで,303,305
36,附　則　（平成一五年五月二三日法律第四七号）　抄,1,第二条,TIME_PERIOD,から,524,526
36,附　則　（平成一五年五月二三日法律第四七号）　抄,1,第二条,TIME_PERIOD,まで,529,531
36,附　則　（平成一五年五月二三日法律第四七号）　抄,1,第二条,TIME_PERIOD,二十三年,686,690
36,附　則　（平成一五年五月二三日法律第四七号）　抄,1,第二条,TIME_PERIOD,十五年,809,812
36,附　則　（平成一五年五月二三日法律第四七号）　抄,1,第二条,TIME_PERIOD,五年,1001,1003
36,附　則　（平成一五年五月二三日法律第四七号）　抄,1,第二条,TIME_PERIOD,五年,1139,1141
36,附　則　（平成一五年五月二三日法律第四七号）　抄,1,第二条,TIME_PERIOD,まで,1268,1270
36,附　則　（平成一五年五月二三日法律第四七号）　抄,1,第二条,TIME_PERIOD,十五年,1863,1866
36,附　則　（平成一五年五月二三日法律第四七号）　抄,1,第二条,TIME_PERIOD,まで,2090,2092
36,附　則　（平成一五年五月二三日法律第四七号）　抄,1,第二条,TIME_PERIOD,から,2176,2178
36,附　則　（平成一五年五月二三日法律第四七号）　抄,1,第二条,TIME_PERIOD,まで,2187,2189
36,附　則　（平成一五年五月二三日法律第四七号）　抄,1,第二条,TIME_PERIOD,六年,2271,2273
36,附　則　（平成一五年五月二三日法律第四七号）　抄,1,第二条,TIME_PERIOD,六年,2286,2288
36,附　則　（平成一五年五月二三日法律第四七号）　抄,1,第二条,TIME_PERIOD,六年,2320,2322
36,附　則　（平成一五年五月二三日法律第四七号）　抄,1,第二条,TIME_PERIOD,六年,2404,2406
36,附　則　（平成一五年五月二三日法律第四七号）　抄,1,第二条,TIME_PERIOD,六年,2440,2442
36,附　則　（平成一五年五月二三日法律第四七号）　抄,1,第二条,MONEY_AMOUNT,手数料,451,454
36,附　則　（平成一五年五月二三日法律第四七号）　抄,1,第二条,MONEY_AMOUNT,手数料,506,509
36,附　則　（平成一五年五月二三日法律第四七号）　抄,1,第二条,MONEY_AMOUNT,手数料,632,635
36,附　則　（平成一五年五月二三日法律第四七号）　抄,1,第二条,MONEY_AMOUNT,手数料,1033,1036
36,附　則　（平成一五年五月二三日法律第四七号）　抄,1,第二条,ORGANIZATION,特許庁,2167,2170
36,附　則　（平成一五年五月二三日法律第四七号）　抄,1,第二条,ORGANIZATION,特許庁,2216,2219
36,附　則　（平成一五年五月二三日法律第四七号）　抄,1,第二条,PROCEDURE,出願,79,81
36,附　則　（平成一五年五月二三日法律第四七号）　抄,1,第二条,PROCEDURE,出願,102,104
36,附　則　（平成一五年五月二三日法律第四七号）　抄,1,第二条,PROCEDURE,出願,172,174
36,附　則　（平成一五年五月二三日法律第四七号）　抄,1,第二条,PROCEDURE,審査,174,176
36,附　則　（平成一五年五月二三日法律第四七号）　抄,1,第二条,PROCEDURE,請求,177,179
36,附　則　（平成一五年五月二三日法律第四七号）　抄,1,第二条,PROCEDURE,出願,184,186
36,附　則　（平成一五年五月二三日法律第四七号）　抄,1,第二条,PROCEDURE,出願,207,209
36,附　則　（平成一五年五月二三日法律第四七号）　抄,1,第二条,PROCEDURE,審査,209,211
36,附　則　（平成一五年五月二三日法律第四七号）　抄,1,第二条,PROCEDURE,請求,212,214
36,附　則　（平成一五年五月二三日法律第四七号）　抄,1,第二条,PROCEDURE,出願,219,221
36,附　則　（平成一五年五月二三日法律第四七号）　抄,1,第二条,PROCEDURE,出願,327,329
36,附　則　（平成一五年五月二三日法律第四七号）　抄,1,第二条,PROCEDURE,出願,342,344
36,附　則　（平成一五年五月二三日法律第四七号）　抄,1,第二条,PROCEDURE,出願,424,426
36,附　則　（平成一五年五月二三日法律第四七号）　抄,1,第二条,PROCEDURE,出願,435,437
36,附　則　（平成一五年五月二三日法律第四七号）　抄,1,第二条,PROCEDURE,出願,473,475
36,附　則　（平成一五年五月二三日法律第四七号）　抄,1,第二条,PROCEDURE,出願,485,487
36,附　則　（平成一五年五月二三日法律第四七号）　抄,1,第二条,PROCEDURE,出願,496,498
36,附　則　（平成一五年五月二三日法律第四七号）　抄,1,第二条,PROCEDURE,出願,566,568
36,附　則　（平成一五年五月二三日法律第四七号）　抄,1,第二条,PROCEDURE,出願,578,580
36,附　則　（平成一五年五月二三日法律第四七号）　抄,1,第二条,PROCEDURE,出願,589,591
36,附　則　（平成一五年五月二三日法律第四七号）　抄,1,第二条,PROCEDURE,出願,723,725
36,附　則　（平成一五年五月二三日法律第四七号）　抄,1,第二条,PROCEDURE,特許権,868,871
36,附　則　（平成一五年五月二三日法律第四七号）　抄,1,第二条,PROCEDURE,出願,1020,1022
36,附　則　（平成一五年五月二三日法律第四七号）　抄,1,第二条,PROCEDURE,出願,1025,1027
36,附　則　（平成一五年五月二三日法律第四七号）　抄,1,第二条,PROCEDURE,審査,1027,1029
36,附　則　（平成一五年五月二三日法律第四七号）　抄,1,第二条,PROCEDURE,請求,1030,1032
36,附　則　（平成一五年五月二三日法律第四七号）　抄,1,第二条,PROCEDURE,請求,1204,1206
36,附　則　（平成一五年五月二三日法律第四七号）　抄,1,第二条,PROCEDURE,審判,1221,1223
36,附　則　（平成一五年五月二三日法律第四七号）　抄,1,第二条,PROCEDURE,再審,1225,1227
36,附　則　（平成一五年五月二三日法律第四七号）　抄,1,第二条,PROCEDURE,審判,1247,1249
36,附　則　（平成一五年五月二三日法律第四七号）　抄,1,第二条,PROCEDURE,再審,1251,1253
36,附　則　（平成一五年五月二三日法律第四七号）　抄,1,第二条,PROCEDURE,請求,1294,1296
36,附　則　（平成一五年五月二三日法律第四七号）　抄,1,第二条,PROCEDURE,審判,1309,1311
36,附　則　（平成一五年五月二三日法律第四七号）　抄,1,第二条,PROCEDURE,再審,1328,1330
36,附　則　（平成一五年五月二三日法律第四七号）　抄,1,第二条,PROCEDURE,請求,1443,1445
36,附　則　（平成一五年五月二三日法律第四七号）　抄,1,第二条,PROCEDURE,無効審判,1450,1454
36,附　則　（平成一五年五月二三日法律第四七号）　抄,1,第二条,PROCEDURE,請求,1484,1486
36,附　則　（平成一五年五月二三日法律第四七号）　抄,1,第二条,PROCEDURE,審判,1502,1504
36,附　則　（平成一五年五月二三日法律第四七号）　抄,1,第二条,PROCEDURE,無効審判,1757,1761
36,附　則　（平成一五年五月二三日法律第四七号）　抄,1,第二条,PROCEDURE,無効審判,1781,1785
36,附　則　（平成一五年五月二三日法律第四七号）　抄,1,第二条,PROCEDURE,無効審判,1815,1819
36,附　則　（平成一五年五月二三日法律第四七号）　抄,1,第二条,PROCEDURE,無効審判,1923,1927
36,附　則　（平成一五年五月二三日法律第四七号）　抄,1,第二条,PROCEDURE,請求,1989,1991
36,附　則　（平成一五年五月二三日法律第四七号）　抄,1,第二条,PROCEDURE,審判,2017,2019
36,附　則　（平成一五年五月二三日法律第四七号）　抄,1,第二条,PROCEDURE,無効審判,2162,2166
36,附　則　（平成一五年五月二三日法律第四七号）　抄,1,第二条,PROCEDURE,無効審判,2211,2215
36,附　則　（平成一五年五月二三日法律第四七号）　抄,1,第二条,PROCEDURE,出願,2315,2317
36,附　則　（平成一五年五月二三日法律第四七号）　抄,1,第二条,PROCEDURE,出願,2361,2363
36,附　則　（平成一五年五月二三日法律第四七号）　抄,1,第二条,PROCEDURE,出願,2371,2373
36,附　則　（平成一五年五月二三日法律第四七号）　抄,1,第二条,PROCEDURE,審判,2474,2476
36,附　則　（平成一五年五月二三日法律第四七号）　抄,1,第二条,PROCEDURE,無効審判,2556,2560
36,附　則　（平成一五年五月二三日法律第四七号）　抄,1,第二条,PROCEDURE,請求,2608,2610
36,附　則　（平成一五年五月二三日法律第四七号）　抄,1,第二条,PROCEDURE,審判,2613,2615
36,附　則　（平成一五年五月二三日法律第四七号）　抄,1,第二条,PROCEDURE,審判,2649,2651
36,附　則　（平成一五年五月二三日法律第四七号）　抄,1,第二条,PROCEDURE,審判,2680,2682
36,附　則　（平成一五年五月二三日法律第四七号）　抄,1,第二条,LEGAL_STATUS,効力,279,281
36,附　則　（平成一五年五月二三日法律第四七号）　抄,1,第二条,LEGAL_STATUS,効力,545,547
36,附　則　（平成一五年五月二三日法律第四七号）　抄,1,第二条,LEGAL_STATUS,取消,1316,1318
36,附　則　（平成一五年五月二三日法律第四七号）　抄,1,第二条,LEGAL_STATUS,取消,1374,1376
36,附　則　（平成一五年五月二三日法律第四七号）　抄,1,第二条,LEGAL_STATUS,却下,1388,1390
36,附　則　（平成一五年五月二三日法律第四七号）　抄,1,第二条,LEGAL_STATUS,無効,1450,1452
36,附　則　（平成一五年五月二三日法律第四七号）　抄,1,第二条,LEGAL_STATUS,無効,1757,1759
36,附　則　（平成一五年五月二三日法律第四七号）　抄,1,第二条,LEGAL_STATUS,無効,1781,1783
36,附　則　（平成一五年五月二三日法律第四七号）　抄,1,第二条,LEGAL_STATUS,無効,1815,1817
36,附　則　（平成一五年五月二三日法律第四七号）　抄,1,第二条,LEGAL_STATUS,取消,1899,1901
36,附　則　（平成一五年五月二三日法律第四七号）　抄,1,第二条,LEGAL_STATUS,取消,1909,1911
36,附　則　（平成一五年五月二三日法律第四七号）　抄,1,第二条,LEGAL_STATUS,無効,1923,1925
36,附　則　（平成一五年五月二三日法律第四七号）　抄,1,第二条,LEGAL_STATUS,取消,1941,1943
36,附　則　（平成一五年五月二三日法律第四七号）　抄,1,第二条,LEGAL_STATUS,取消,1954,1956
36,附　則　（平成一五年五月二三日法律第四七号）　抄,1,第二条,LEGAL_STATUS,取消,1965,1967
36,附　則　（平成一五年五月二三日法律第四七号）　抄,1,第二条,LEGAL_STATUS,取消,2022,2024
36,附　則　（平成一五年五月二三日法律第四七号）　抄,1,第二条,LEGAL_STATUS,無効,2162,2164
36,附　則　（平成一五年五月二三日法律第四七号）　抄,1,第二条,LEGAL_STATUS,無効,2211,2213
36,附　則　（平成一五年五月二三日法律第四七号）　抄,1,第二条,LEGAL_STATUS,無効,2556,2558
36,附　則　（平成一五年五月二三日法律第四七号）　抄,2,第十一条,LAW_REFERENCE,"
（昭和六十二年改正法",4,15
36,附　則　（平成一五年五月二三日法律第四七号）　抄,2,第十一条,LAW_REFERENCE,の規定による改正後の昭和六十二年改正法,36,55
36,附　則　（平成一五年五月二三日法律第四七号）　抄,2,第十一条,LAW_REFERENCE,において「新昭和六十二年改正法,61,76
36,附　則　（平成一五年五月二三日法律第四七号）　抄,2,第十一条,LAW_REFERENCE,の規定による改正前の昭和六十二年改正法,166,185
36,附　則　（平成一五年五月二三日法律第四七号）　抄,2,第十一条,LAW_REFERENCE,において「旧昭和六十二年改正法,191,206
36,附　則　（平成一五年五月二三日法律第四七号）　抄,2,第十一条,LAW_REFERENCE,第三項の規定は、なおその効力を有する。 ２ 新昭和六十二年改正法,217,249
36,附　則　（平成一五年五月二三日法律第四七号）　抄,2,第十一条,LAW_REFERENCE,第四項の規定は、一部施行日以後にする特許出願（一部施行日前の特許出願の分割等に係る特許出願を含む。）に係る手数料について適用し、一部施行日前にした特許出願（一部施行日前の特許出願の分割等に係る特許出願を除く。）に係る手数料については、旧昭和六十二年改正法,254,381
36,附　則　（平成一五年五月二三日法律第四七号）　抄,2,第十一条,ARTICLE_REFERENCE,第十一条,0,4
36,附　則　（平成一五年五月二三日法律第四七号）　抄,2,第十一条,ARTICLE_REFERENCE,第十一条,29,33
36,附　則　（平成一五年五月二三日法律第四七号）　抄,2,第十一条,ARTICLE_REFERENCE,前条,34,36
36,附　則　（平成一五年五月二三日法律第四七号）　抄,2,第十一条,ARTICLE_REFERENCE,附則,82,84
36,附　則　（平成一五年五月二三日法律第四七号）　抄,2,第十一条,ARTICLE_REFERENCE,第三条,84,87
36,附　則　（平成一五年五月二三日法律第四七号）　抄,2,第十一条,ARTICLE_REFERENCE,第三項,87,90
36,附　則　（平成一五年五月二三日法律第四七号）　抄,2,第十一条,ARTICLE_REFERENCE,前条,164,166
36,附　則　（平成一五年五月二三日法律第四七号）　抄,2,第十一条,ARTICLE_REFERENCE,附則,212,214
36,附　則　（平成一五年五月二三日法律第四七号）　抄,2,第十一条,ARTICLE_REFERENCE,第三条,214,217
36,附　則　（平成一五年五月二三日法律第四七号）　抄,2,第十一条,ARTICLE_REFERENCE,第三項,217,220
36,附　則　（平成一五年五月二三日法律第四七号）　抄,2,第十一条,ARTICLE_REFERENCE,附則,249,251
36,附　則　（平成一五年五月二三日法律第四七号）　抄,2,第十一条,ARTICLE_REFERENCE,第三条,251,254
36,附　則　（平成一五年五月二三日法律第四七号）　抄,2,第十一条,ARTICLE_REFERENCE,第四項,254,257
36,附　則　（平成一五年五月二三日法律第四七号）　抄,2,第十一条,ARTICLE_REFERENCE,附則,381,383
36,附　則　（平成一五年五月二三日法律第四七号）　抄,2,第十一条,ARTICLE_REFERENCE,第三条,383,386
36,附　則　（平成一五年五月二三日法律第四七号）　抄,2,第十一条,ARTICLE_REFERENCE,第四項,386,389
36,附　則　（平成一五年五月二三日法律第四七号）　抄,2,第十一条,TIME_PERIOD,六十二年,8,12
36,附　則　（平成一五年五月二三日法律第四七号）　抄,2,第十一条,TIME_PERIOD,六十二年,48,52
36,附　則　（平成一五年五月二三日法律第四七号）　抄,2,第十一条,TIME_PERIOD,六十二年,69,73
36,附　則　（平成一五年五月二三日法律第四七号）　抄,2,第十一条,TIME_PERIOD,六十二年,178,182
36,附　則　（平成一五年五月二三日法律第四七号）　抄,2,第十一条,TIME_PERIOD,六十二年,199,203
36,附　則　（平成一五年五月二三日法律第四七号）　抄,2,第十一条,TIME_PERIOD,六十二年,242,246
36,附　則　（平成一五年五月二三日法律第四七号）　抄,2,第十一条,TIME_PERIOD,六十二年,374,378
36,附　則　（平成一五年五月二三日法律第四七号）　抄,2,第十一条,MONEY_AMOUNT,手数料,307,310
36,附　則　（平成一五年五月二三日法律第四七号）　抄,2,第十一条,MONEY_AMOUNT,手数料,362,365
36,附　則　（平成一五年五月二三日法律第四七号）　抄,2,第十一条,PROCEDURE,出願,103,105
36,附　則　（平成一五年五月二三日法律第四七号）　抄,2,第十一条,PROCEDURE,審査,105,107
36,附　則　（平成一五年五月二三日法律第四七号）　抄,2,第十一条,PROCEDURE,請求,108,110
36,附　則　（平成一五年五月二三日法律第四七号）　抄,2,第十一条,PROCEDURE,出願,115,117
36,附　則　（平成一五年五月二三日法律第四七号）　抄,2,第十一条,PROCEDURE,出願,138,140
36,附　則　（平成一五年五月二三日法律第四七号）　抄,2,第十一条,PROCEDURE,審査,140,142
36,附　則　（平成一五年五月二三日法律第四七号）　抄,2,第十一条,PROCEDURE,請求,143,145
36,附　則　（平成一五年五月二三日法律第四七号）　抄,2,第十一条,PROCEDURE,出願,150,152
36,附　則　（平成一五年五月二三日法律第四七号）　抄,2,第十一条,PROCEDURE,出願,274,276
36,附　則　（平成一五年五月二三日法律第四七号）　抄,2,第十一条,PROCEDURE,出願,286,288
36,附　則　（平成一五年五月二三日法律第四七号）　抄,2,第十一条,PROCEDURE,出願,297,299
36,附　則　（平成一五年五月二三日法律第四七号）　抄,2,第十一条,PROCEDURE,出願,329,331
36,附　則　（平成一五年五月二三日法律第四七号）　抄,2,第十一条,PROCEDURE,出願,341,343
36,附　則　（平成一五年五月二三日法律第四七号）　抄,2,第十一条,PROCEDURE,出願,352,354
36,附　則　（平成一五年五月二三日法律第四七号）　抄,2,第十一条,LEGAL_STATUS,効力,229,231
36,附　則　（平成一五年五月二三日法律第四七号）　抄,2,第十一条,LEGAL_STATUS,効力,398,400
36,附　則　（平成一五年五月二三日法律第四七号）　抄,3,第十七条,LAW_REFERENCE, この法律の施行前にした行為及びこの附則の規定によりなお従前の例によることとされる事項に係るこの法,25,74
36,附　則　（平成一五年五月二三日法律第四七号）　抄,3,第十七条,ARTICLE_REFERENCE,第十七条,0,4
36,附　則　（平成一五年五月二三日法律第四七号）　抄,3,第十七条,ARTICLE_REFERENCE,第十七条,21,25
36,附　則　（平成一五年五月二三日法律第四七号）　抄,3,第十七条,ARTICLE_REFERENCE,附則,43,45
36,附　則　（平成一五年五月二三日法律第四七号）　抄,4,第十八条,LAW_REFERENCE,政令,6,8
36,附　則　（平成一五年五月二三日法律第四七号）　抄,4,第十八条,LAW_REFERENCE,までに定めるもののほか、この法,28,43
36,附　則　（平成一五年五月二三日法律第四七号）　抄,4,第十八条,LAW_REFERENCE,政令,59,61
36,附　則　（平成一五年五月二三日法律第四七号）　抄,4,第十八条,ARTICLE_REFERENCE,第十八条,0,4
36,附　則　（平成一五年五月二三日法律第四七号）　抄,4,第十八条,ARTICLE_REFERENCE,第十八条,14,18
36,附　則　（平成一五年五月二三日法律第四七号）　抄,4,第十八条,ARTICLE_REFERENCE,附則,19,21
36,附　則　（平成一五年五月二三日法律第四七号）　抄,4,第十八条,ARTICLE_REFERENCE,第二条,21,24
36,附　則　（平成一五年五月二三日法律第四七号）　抄,4,第十八条,ARTICLE_REFERENCE,前条,26,28
36,附　則　（平成一五年五月二三日法律第四七号）　抄,4,第十八条,TIME_PERIOD,から,24,26
36,附　則　（平成一五年五月二三日法律第四七号）　抄,4,第十八条,TIME_PERIOD,まで,28,30
36,附　則　（平成一五年五月二三日法律第四七号）　抄,5,第十九条,LAW_REFERENCE,第二号に掲げる規定の施行後五年を経過した場合において、新特許法第百七条,24,59
36,附　則　（平成一五年五月二三日法律第四七号）　抄,5,第十九条,ARTICLE_REFERENCE,第十九条,0,4
36,附　則　（平成一五年五月二三日法律第四七号）　抄,5,第十九条,ARTICLE_REFERENCE,第十九条,10,14
36,附　則　（平成一五年五月二三日法律第四七号）　抄,5,第十九条,ARTICLE_REFERENCE,附則,19,21
36,附　則　（平成一五年五月二三日法律第四七号）　抄,5,第十九条,ARTICLE_REFERENCE,第一条,21,24
36,附　則　（平成一五年五月二三日法律第四七号）　抄,5,第十九条,ARTICLE_REFERENCE,第二号,24,27
36,附　則　（平成一五年五月二三日法律第四七号）　抄,5,第十九条,ARTICLE_REFERENCE,第百七条,55,59
36,附　則　（平成一五年五月二三日法律第四七号）　抄,5,第十九条,ARTICLE_REFERENCE,第一項,59,62
36,附　則　（平成一五年五月二三日法律第四七号）　抄,5,第十九条,ARTICLE_REFERENCE,第一号,67,70
36,附　則　（平成一五年五月二三日法律第四七号）　抄,5,第十九条,ARTICLE_REFERENCE,第四号,72,75
36,附　則　（平成一五年五月二三日法律第四七号）　抄,5,第十九条,ARTICLE_REFERENCE,第六号,79,82
36,附　則　（平成一五年五月二三日法律第四七号）　抄,5,第十九条,TIME_PERIOD,五年,37,39
36,附　則　（平成一五年五月二三日法律第四七号）　抄,5,第十九条,TIME_PERIOD,を経過,39,42
36,附　則　（平成一五年五月二三日法律第四七号）　抄,5,第十九条,TIME_PERIOD,から,70,72
36,附　則　（平成一五年五月二三日法律第四七号）　抄,5,第十九条,TIME_PERIOD,まで,75,77
37,附　則　（平成一五年五月三〇日法律第六一号）　抄,0,第一条,LAW_REFERENCE, この法律は、行政機関の保有する個人情報の保護に関する法,14,42
37,附　則　（平成一五年五月三〇日法律第六一号）　抄,0,第一条,ARTICLE_REFERENCE,第一条,0,3
37,附　則　（平成一五年五月三〇日法律第六一号）　抄,0,第一条,ARTICLE_REFERENCE,第一条,11,14
37,附　則　（平成一五年五月三〇日法律第六一号）　抄,0,第一条,TIME_PERIOD,から,48,50
37,附　則　（平成一五年五月三〇日法律第六一号）　抄,1,第四条,LAW_REFERENCE,政令,14,16
37,附　則　（平成一五年五月三〇日法律第六一号）　抄,1,第四条,LAW_REFERENCE,に定めるもののほか、この法,29,42
37,附　則　（平成一五年五月三〇日法律第六一号）　抄,1,第四条,LAW_REFERENCE,政令,58,60
37,附　則　（平成一五年五月三〇日法律第六一号）　抄,1,第四条,ARTICLE_REFERENCE,第四条,0,3
37,附　則　（平成一五年五月三〇日法律第六一号）　抄,1,第四条,ARTICLE_REFERENCE,第四条,22,25
38,附　則　（平成一五年七月一六日法律第一〇八号）　抄,0,第一条,LAW_REFERENCE, この法,14,18
38,附　則　（平成一五年七月一六日法律第一〇八号）　抄,0,第一条,LAW_REFERENCE,政令,45,47
38,附　則　（平成一五年七月一六日法律第一〇八号）　抄,0,第一条,ARTICLE_REFERENCE,第一条,0,3
38,附　則　（平成一五年七月一六日法律第一〇八号）　抄,0,第一条,ARTICLE_REFERENCE,第一条,11,14
38,附　則　（平成一五年七月一六日法律第一〇八号）　抄,0,第一条,TIME_PERIOD,から,25,27
38,附　則　（平成一五年七月一六日法律第一〇八号）　抄,0,第一条,TIME_PERIOD,一年,31,33
38,附　則　（平成一五年七月一六日法律第一〇八号）　抄,0,第一条,TIME_PERIOD,から,52,54
38,附　則　（平成一五年七月一六日法律第一〇八号）　抄,1,第三条,LAW_REFERENCE, この法律の施行の際現に係属している特許権、実用新案権、回路配置利用権又はプログラムの著作物についての著作者の権利に関する訴え（第四項において「特許権等に関する訴え」という。）及び意匠権、商標権、著作者の権利（プログラムの著作物についての著作者の権利を除く。）、出版権、著作隣接権若しくは育成者権に関する訴え又は不正競争（不正競争防止法（平成五年法,49,223
38,附　則　（平成一五年七月一六日法律第一〇八号）　抄,1,第三条,LAW_REFERENCE,第一項に規定する不正競争をいう。）による営業上の利益の侵害に係る訴えに係る訴訟の管轄及び移送については、なお従前の例による。 ２ この法,233,301
38,附　則　（平成一五年七月一六日法律第一〇八号）　抄,1,第三条,LAW_REFERENCE,の規定による改正後の民事訴訟法第二百六十九条,326,348
38,附　則　（平成一五年七月一六日法律第一〇八号）　抄,1,第三条,LAW_REFERENCE,の規定による改正後の特許法第百八十二条,365,384
38,附　則　（平成一五年七月一六日法律第一〇八号）　抄,1,第三条,LAW_REFERENCE,の規定による改正後の実用新案法第四十七条,390,410
38,附　則　（平成一五年七月一六日法律第一〇八号）　抄,1,第三条,LAW_REFERENCE,第二項において準用する場合を含む。）の規定は、適用しない。 ３ 特許法等の一部を改正する法,410,455
38,附　則　（平成一五年七月一六日法律第一〇八号）　抄,1,第三条,LAW_REFERENCE,第九項の規定によりなお従前の例によることとされる同法第一条,461,490
38,附　則　（平成一五年七月一六日法律第一〇八号）　抄,1,第三条,LAW_REFERENCE,の規定による改正前の特許法第百七十八条,490,509
38,附　則　（平成一五年七月一六日法律第一〇八号）　抄,1,第三条,LAW_REFERENCE,の規定による改正後の特許法第百八十二条,583,602
38,附　則　（平成一五年七月一六日法律第一〇八号）　抄,1,第三条,ARTICLE_REFERENCE,第三条,0,3
38,附　則　（平成一五年七月一六日法律第一〇八号）　抄,1,第三条,ARTICLE_REFERENCE,第三条,46,49
38,附　則　（平成一五年七月一六日法律第一〇八号）　抄,1,第三条,ARTICLE_REFERENCE,第四項,113,116
38,附　則　（平成一五年七月一六日法律第一〇八号）　抄,1,第三条,ARTICLE_REFERENCE,第四十七号,224,229
38,附　則　（平成一五年七月一六日法律第一〇八号）　抄,1,第三条,ARTICLE_REFERENCE,第二条,230,233
38,附　則　（平成一五年七月一六日法律第一〇八号）　抄,1,第三条,ARTICLE_REFERENCE,第一項,233,236
38,附　則　（平成一五年七月一六日法律第一〇八号）　抄,1,第三条,ARTICLE_REFERENCE,第一条,323,326
38,附　則　（平成一五年七月一六日法律第一〇八号）　抄,1,第三条,ARTICLE_REFERENCE,第二百六十九条の二,341,350
38,附　則　（平成一五年七月一六日法律第一〇八号）　抄,1,第三条,ARTICLE_REFERENCE,第三百十条の二,352,359
38,附　則　（平成一五年七月一六日法律第一〇八号）　抄,1,第三条,ARTICLE_REFERENCE,第二条,362,365
38,附　則　（平成一五年七月一六日法律第一〇八号）　抄,1,第三条,ARTICLE_REFERENCE,第百八十二条の二,378,386
38,附　則　（平成一五年七月一六日法律第一〇八号）　抄,1,第三条,ARTICLE_REFERENCE,第三条,387,390
38,附　則　（平成一五年七月一六日法律第一〇八号）　抄,1,第三条,ARTICLE_REFERENCE,第四十七条,405,410
38,附　則　（平成一五年七月一六日法律第一〇八号）　抄,1,第三条,ARTICLE_REFERENCE,第二項,410,413
38,附　則　（平成一五年七月一六日法律第一〇八号）　抄,1,第三条,ARTICLE_REFERENCE,附則,456,458
38,附　則　（平成一五年七月一六日法律第一〇八号）　抄,1,第三条,ARTICLE_REFERENCE,第二条,458,461
38,附　則　（平成一五年七月一六日法律第一〇八号）　抄,1,第三条,ARTICLE_REFERENCE,第九項,461,464
38,附　則　（平成一五年七月一六日法律第一〇八号）　抄,1,第三条,ARTICLE_REFERENCE,第一条,487,490
38,附　則　（平成一五年七月一六日法律第一〇八号）　抄,1,第三条,ARTICLE_REFERENCE,第百七十八条,503,509
38,附　則　（平成一五年七月一六日法律第一〇八号）　抄,1,第三条,ARTICLE_REFERENCE,第一項,509,512
38,附　則　（平成一五年七月一六日法律第一〇八号）　抄,1,第三条,ARTICLE_REFERENCE,前項,568,570
38,附　則　（平成一五年七月一六日法律第一〇八号）　抄,1,第三条,ARTICLE_REFERENCE,第二条,580,583
38,附　則　（平成一五年七月一六日法律第一〇八号）　抄,1,第三条,ARTICLE_REFERENCE,第百八十二条の二,596,604
38,附　則　（平成一五年七月一六日法律第一〇八号）　抄,1,第三条,TIME_PERIOD,五年,220,222
38,附　則　（平成一五年七月一六日法律第一〇八号）　抄,1,第三条,PROCEDURE,特許権,5,8
38,附　則　（平成一五年七月一六日法律第一〇八号）　抄,1,第三条,PROCEDURE,意匠権,17,20
38,附　則　（平成一五年七月一六日法律第一〇八号）　抄,1,第三条,PROCEDURE,特許権,67,70
38,附　則　（平成一五年七月一六日法律第一〇八号）　抄,1,第三条,PROCEDURE,実用新案権,71,76
38,附　則　（平成一五年七月一六日法律第一〇八号）　抄,1,第三条,PROCEDURE,特許権,121,124
38,附　則　（平成一五年七月一六日法律第一〇八号）　抄,1,第三条,PROCEDURE,意匠権,139,142
38,附　則　（平成一五年七月一六日法律第一〇八号）　抄,1,第三条,PROCEDURE,商標権,143,146
38,附　則　（平成一五年七月一六日法律第一〇八号）　抄,1,第三条,LEGAL_STATUS,権利,104,106
38,附　則　（平成一五年七月一六日法律第一〇八号）　抄,1,第三条,LEGAL_STATUS,権利,151,153
38,附　則　（平成一五年七月一六日法律第一〇八号）　抄,1,第三条,LEGAL_STATUS,権利,172,174
38,附　則　（平成一五年七月一六日法律第一〇八号）　抄,1,第三条,LEGAL_STATUS,侵害,260,262
38,附　則　（平成一五年七月一六日法律第一〇八号）　抄,1,第三条,LEGAL_STATUS,取消,532,534
38,附　則　（平成一五年七月一六日法律第一〇八号）　抄,1,第三条,LEGAL_STATUS,却下,546,548
39,附　則　（平成一六年六月二日法律第七六号）　抄,0,第一条,LAW_REFERENCE, この法律は、破産法（平成十六年法,14,31
39,附　則　（平成一六年六月二日法律第七六号）　抄,0,第一条,LAW_REFERENCE,において「新破産法,87,96
39,附　則　（平成一六年六月二日法律第七六号）　抄,0,第一条,ARTICLE_REFERENCE,第一条,0,3
39,附　則　（平成一六年六月二日法律第七六号）　抄,0,第一条,ARTICLE_REFERENCE,第一条,11,14
39,附　則　（平成一六年六月二日法律第七六号）　抄,0,第一条,ARTICLE_REFERENCE,第七十五号,32,37
39,附　則　（平成一六年六月二日法律第七六号）　抄,0,第一条,ARTICLE_REFERENCE,次条,38,40
39,附　則　（平成一六年六月二日法律第七六号）　抄,0,第一条,ARTICLE_REFERENCE,第八項,40,43
39,附　則　（平成一六年六月二日法律第七六号）　抄,0,第一条,ARTICLE_REFERENCE,附則,46,48
39,附　則　（平成一六年六月二日法律第七六号）　抄,0,第一条,ARTICLE_REFERENCE,第三条,48,51
39,附　則　（平成一六年六月二日法律第七六号）　抄,0,第一条,ARTICLE_REFERENCE,第八項,51,54
39,附　則　（平成一六年六月二日法律第七六号）　抄,0,第一条,ARTICLE_REFERENCE,第五条,55,58
39,附　則　（平成一六年六月二日法律第七六号）　抄,0,第一条,ARTICLE_REFERENCE,第八項,58,61
39,附　則　（平成一六年六月二日法律第七六号）　抄,0,第一条,ARTICLE_REFERENCE,第十六項,62,66
39,附　則　（平成一六年六月二日法律第七六号）　抄,0,第一条,ARTICLE_REFERENCE,第二十一項,68,73
39,附　則　（平成一六年六月二日法律第七六号）　抄,0,第一条,ARTICLE_REFERENCE,第八条,74,77
39,附　則　（平成一六年六月二日法律第七六号）　抄,0,第一条,ARTICLE_REFERENCE,第三項,77,80
39,附　則　（平成一六年六月二日法律第七六号）　抄,0,第一条,ARTICLE_REFERENCE,第十三条,83,87
39,附　則　（平成一六年六月二日法律第七六号）　抄,0,第一条,TIME_PERIOD,十六年,27,30
39,附　則　（平成一六年六月二日法律第七六号）　抄,0,第一条,TIME_PERIOD,から,107,109
39,附　則　（平成一六年六月二日法律第七六号）　抄,1,第十二条,ARTICLE_REFERENCE,第十二条,0,4
39,附　則　（平成一六年六月二日法律第七六号）　抄,1,第十二条,ARTICLE_REFERENCE,第十二条,22,26
39,附　則　（平成一六年六月二日法律第七六号）　抄,1,第十二条,ARTICLE_REFERENCE,附則,39,41
39,附　則　（平成一六年六月二日法律第七六号）　抄,1,第十二条,ARTICLE_REFERENCE,第二条,41,44
39,附　則　（平成一六年六月二日法律第七六号）　抄,1,第十二条,ARTICLE_REFERENCE,第一項,44,47
39,附　則　（平成一六年六月二日法律第七六号）　抄,1,第十二条,ARTICLE_REFERENCE,第三条,48,51
39,附　則　（平成一六年六月二日法律第七六号）　抄,1,第十二条,ARTICLE_REFERENCE,第一項,51,54
39,附　則　（平成一六年六月二日法律第七六号）　抄,1,第十二条,ARTICLE_REFERENCE,第四条,55,58
39,附　則　（平成一六年六月二日法律第七六号）　抄,1,第十二条,ARTICLE_REFERENCE,第五条,59,62
39,附　則　（平成一六年六月二日法律第七六号）　抄,1,第十二条,ARTICLE_REFERENCE,第一項,62,65
39,附　則　（平成一六年六月二日法律第七六号）　抄,1,第十二条,ARTICLE_REFERENCE,第九項,66,69
39,附　則　（平成一六年六月二日法律第七六号）　抄,1,第十二条,ARTICLE_REFERENCE,第十七項,70,74
39,附　則　（平成一六年六月二日法律第七六号）　抄,1,第十二条,ARTICLE_REFERENCE,第十九項,75,79
39,附　則　（平成一六年六月二日法律第七六号）　抄,1,第十二条,ARTICLE_REFERENCE,第二十一項,81,86
39,附　則　（平成一六年六月二日法律第七六号）　抄,1,第十二条,ARTICLE_REFERENCE,第六条,89,92
39,附　則　（平成一六年六月二日法律第七六号）　抄,1,第十二条,ARTICLE_REFERENCE,第一項,92,95
39,附　則　（平成一六年六月二日法律第七六号）　抄,1,第十二条,ARTICLE_REFERENCE,第三項,97,100
40,附　則　（平成一六年六月四日法律第七九号）　抄,0,第一条,LAW_REFERENCE, この法,14,18
40,附　則　（平成一六年六月四日法律第七九号）　抄,0,第一条,LAW_REFERENCE,中特許法第百九十五条,91,101
40,附　則　（平成一六年六月四日法律第七九号）　抄,0,第一条,LAW_REFERENCE,中実用新案法第五十四条,113,124
40,附　則　（平成一六年六月四日法律第七九号）　抄,0,第一条,LAW_REFERENCE,中工業所有権に関する手続等の特例に関する法,137,158
40,附　則　（平成一六年六月四日法律第七九号）　抄,0,第一条,ARTICLE_REFERENCE,第一条,0,3
40,附　則　（平成一六年六月四日法律第七九号）　抄,0,第一条,ARTICLE_REFERENCE,第一条,11,14
40,附　則　（平成一六年六月四日法律第七九号）　抄,0,第一条,ARTICLE_REFERENCE,各号,43,45
40,附　則　（平成一六年六月四日法律第七九号）　抄,0,第一条,ARTICLE_REFERENCE,各号,55,57
40,附　則　（平成一六年六月四日法律第七九号）　抄,0,第一条,ARTICLE_REFERENCE,附則,72,74
40,附　則　（平成一六年六月四日法律第七九号）　抄,0,第一条,ARTICLE_REFERENCE,第六条,74,77
40,附　則　（平成一六年六月四日法律第七九号）　抄,0,第一条,ARTICLE_REFERENCE,第一条,88,91
40,附　則　（平成一六年六月四日法律第七九号）　抄,0,第一条,ARTICLE_REFERENCE,第百九十五条,95,101
40,附　則　（平成一六年六月四日法律第七九号）　抄,0,第一条,ARTICLE_REFERENCE,第七項,101,104
40,附　則　（平成一六年六月四日法律第七九号）　抄,0,第一条,ARTICLE_REFERENCE,第二条,110,113
40,附　則　（平成一六年六月四日法律第七九号）　抄,0,第一条,ARTICLE_REFERENCE,第五十四条,119,124
40,附　則　（平成一六年六月四日法律第七九号）　抄,0,第一条,ARTICLE_REFERENCE,第六項,124,127
40,附　則　（平成一六年六月四日法律第七九号）　抄,0,第一条,ARTICLE_REFERENCE,第三条,134,137
40,附　則　（平成一六年六月四日法律第七九号）　抄,0,第一条,ARTICLE_REFERENCE,第十四条,159,163
40,附　則　（平成一六年六月四日法律第七九号）　抄,0,第一条,ARTICLE_REFERENCE,第十六条,165,169
40,附　則　（平成一六年六月四日法律第七九号）　抄,0,第一条,ARTICLE_REFERENCE,附則,179,181
40,附　則　（平成一六年六月四日法律第七九号）　抄,0,第一条,ARTICLE_REFERENCE,第四条,181,184
40,附　則　（平成一六年六月四日法律第七九号）　抄,0,第一条,ARTICLE_REFERENCE,第一項,184,187
40,附　則　（平成一六年六月四日法律第七九号）　抄,0,第一条,TIME_PERIOD,十七年四月一日,23,30
40,附　則　（平成一六年六月四日法律第七九号）　抄,0,第一条,TIME_PERIOD,から,30,32
40,附　則　（平成一六年六月四日法律第七九号）　抄,0,第一条,TIME_PERIOD,から,62,64
40,附　則　（平成一六年六月四日法律第七九号）　抄,0,第一条,TIME_PERIOD,から,163,165
40,附　則　（平成一六年六月四日法律第七九号）　抄,0,第一条,TIME_PERIOD,まで,169,171
40,附　則　（平成一六年六月四日法律第七九号）　抄,0,第一条,TIME_PERIOD,十六年四月一日,199,206
40,附　則　（平成一六年六月四日法律第七九号）　抄,1,第二条,LAW_REFERENCE,"
（特許法",3,8
40,附　則　（平成一六年六月四日法律第七九号）　抄,1,第二条,LAW_REFERENCE,の規定による改正後の特許法第三十五条,27,45
40,附　則　（平成一六年六月四日法律第七九号）　抄,1,第二条,LAW_REFERENCE,第四項及び第五項の規定は、この法律の施行後にした特許を受ける権利若しくは特許権の承継又は専用実施権の設定に係る対価について適用し、この法,45,113
40,附　則　（平成一六年六月四日法律第七九号）　抄,1,第二条,LAW_REFERENCE,の規定による改正後の特許法第四十六条,176,194
40,附　則　（平成一六年六月四日法律第七九号）　抄,1,第二条,LAW_REFERENCE,の二の規定は、この法,194,204
40,附　則　（平成一六年六月四日法律第七九号）　抄,1,第二条,ARTICLE_REFERENCE,第二条,0,3
40,附　則　（平成一六年六月四日法律第七九号）　抄,1,第二条,ARTICLE_REFERENCE,第二条,20,23
40,附　則　（平成一六年六月四日法律第七九号）　抄,1,第二条,ARTICLE_REFERENCE,第一条,24,27
40,附　則　（平成一六年六月四日法律第七九号）　抄,1,第二条,ARTICLE_REFERENCE,第三十五条,40,45
40,附　則　（平成一六年六月四日法律第七九号）　抄,1,第二条,ARTICLE_REFERENCE,第四項,45,48
40,附　則　（平成一六年六月四日法律第七九号）　抄,1,第二条,ARTICLE_REFERENCE,第五項,50,53
40,附　則　（平成一六年六月四日法律第七九号）　抄,1,第二条,ARTICLE_REFERENCE,第一条,173,176
40,附　則　（平成一六年六月四日法律第七九号）　抄,1,第二条,ARTICLE_REFERENCE,第四十六条の二,189,196
40,附　則　（平成一六年六月四日法律第七九号）　抄,1,第二条,PROCEDURE,特許権,81,84
40,附　則　（平成一六年六月四日法律第七九号）　抄,1,第二条,PROCEDURE,特許権,133,136
40,附　則　（平成一六年六月四日法律第七九号）　抄,1,第二条,PROCEDURE,登録,216,218
40,附　則　（平成一六年六月四日法律第七九号）　抄,1,第二条,PROCEDURE,出願,218,220
40,附　則　（平成一六年六月四日法律第七九号）　抄,1,第二条,PROCEDURE,登録,227,229
40,附　則　（平成一六年六月四日法律第七九号）　抄,1,第二条,LEGAL_STATUS,権利,75,77
40,附　則　（平成一六年六月四日法律第七九号）　抄,1,第二条,LEGAL_STATUS,権利,127,129
40,附　則　（平成一六年六月四日法律第七九号）　抄,2,第六条,LAW_REFERENCE,政令,5,7
40,附　則　（平成一六年六月四日法律第七九号）　抄,2,第六条,LAW_REFERENCE,までに定めるもののほか、この法,26,41
40,附　則　（平成一六年六月四日法律第七九号）　抄,2,第六条,LAW_REFERENCE,政令,57,59
40,附　則　（平成一六年六月四日法律第七九号）　抄,2,第六条,ARTICLE_REFERENCE,第六条,0,3
40,附　則　（平成一六年六月四日法律第七九号）　抄,2,第六条,ARTICLE_REFERENCE,第六条,13,16
40,附　則　（平成一六年六月四日法律第七九号）　抄,2,第六条,ARTICLE_REFERENCE,附則,17,19
40,附　則　（平成一六年六月四日法律第七九号）　抄,2,第六条,ARTICLE_REFERENCE,第二条,19,22
40,附　則　（平成一六年六月四日法律第七九号）　抄,2,第六条,ARTICLE_REFERENCE,前条,24,26
40,附　則　（平成一六年六月四日法律第七九号）　抄,2,第六条,TIME_PERIOD,から,22,24
40,附　則　（平成一六年六月四日法律第七九号）　抄,2,第六条,TIME_PERIOD,まで,26,28
41,附　則　（平成一六年六月九日法律第八四号）　抄,0,第一条,LAW_REFERENCE, この法,14,18
41,附　則　（平成一六年六月九日法律第八四号）　抄,0,第一条,LAW_REFERENCE,政令,45,47
41,附　則　（平成一六年六月九日法律第八四号）　抄,0,第一条,ARTICLE_REFERENCE,第一条,0,3
41,附　則　（平成一六年六月九日法律第八四号）　抄,0,第一条,ARTICLE_REFERENCE,第一条,11,14
41,附　則　（平成一六年六月九日法律第八四号）　抄,0,第一条,TIME_PERIOD,から,25,27
41,附　則　（平成一六年六月九日法律第八四号）　抄,0,第一条,TIME_PERIOD,一年,31,33
41,附　則　（平成一六年六月九日法律第八四号）　抄,0,第一条,TIME_PERIOD,から,52,54
42,附　則　（平成一六年六月一八日法律第一二〇号）　抄,0,第一条,LAW_REFERENCE, この法,14,18
42,附　則　（平成一六年六月一八日法律第一二〇号）　抄,0,第一条,ARTICLE_REFERENCE,第一条,0,3
42,附　則　（平成一六年六月一八日法律第一二〇号）　抄,0,第一条,ARTICLE_REFERENCE,第一条,11,14
42,附　則　（平成一六年六月一八日法律第一二〇号）　抄,0,第一条,TIME_PERIOD,十七年四月一日,23,30
42,附　則　（平成一六年六月一八日法律第一二〇号）　抄,0,第一条,TIME_PERIOD,から,30,32
42,附　則　（平成一六年六月一八日法律第一二〇号）　抄,1,第二条,LAW_REFERENCE, この法律による改正後の裁判所法、民事訴訟法、民事訴訟費用等に関する法律、特許法、実用新案法、意匠法、商標法、不正競争防止法及び著作権法の規定（罰則を除く。）は、この附則に特別の定めがある場合を除き、この法律の施行前に生じた事項にも適用する。ただし、この法律による改正前のこれらの法,17,158
42,附　則　（平成一六年六月一八日法律第一二〇号）　抄,1,第二条,ARTICLE_REFERENCE,第二条,0,3
42,附　則　（平成一六年六月一八日法律第一二〇号）　抄,1,第二条,ARTICLE_REFERENCE,第二条,14,17
42,附　則　（平成一六年六月一八日法律第一二〇号）　抄,1,第二条,ARTICLE_REFERENCE,附則,100,102
42,附　則　（平成一六年六月一八日法律第一二〇号）　抄,1,第二条,PROCEDURE,意匠,64,66
42,附　則　（平成一六年六月一八日法律第一二〇号）　抄,1,第二条,PROCEDURE,商標,68,70
42,附　則　（平成一六年六月一八日法律第一二〇号）　抄,1,第二条,LEGAL_STATUS,効力,168,170
42,附　則　（平成一六年六月一八日法律第一二〇号）　抄,2,第三条,LAW_REFERENCE,"
（特許法",3,8
42,附　則　（平成一六年六月一八日法律第一二〇号）　抄,2,第三条,LAW_REFERENCE, 次に掲げる規定は、この法,26,39
42,附　則　（平成一六年六月一八日法律第一二〇号）　抄,2,第三条,LAW_REFERENCE,の規定による改正後の特許法,166,179
42,附　則　（平成一六年六月一八日法律第一二〇号）　抄,2,第三条,LAW_REFERENCE,第二項において「新特許法,192,204
42,附　則　（平成一六年六月一八日法律第一二〇号）　抄,2,第三条,LAW_REFERENCE,の六までの規定（新特許法,230,242
42,附　則　（平成一六年六月一八日法律第一二〇号）　抄,2,第三条,LAW_REFERENCE,の規定による改正後の実用新案法（第三号において「新実用新案法,246,276
42,附　則　（平成一六年六月一八日法律第一二〇号）　抄,2,第三条,LAW_REFERENCE,の規定による改正後の意匠法（次号において「新意匠法,286,311
42,附　則　（平成一六年六月一八日法律第一二〇号）　抄,2,第三条,LAW_REFERENCE,の規定による改正後の商標法（同号において「新商標法」という。）において準用する場合を含む。） 二 新特許法第百六十八条,322,381
42,附　則　（平成一六年六月一八日法律第一二〇号）　抄,2,第三条,LAW_REFERENCE,第五項及び第六項の規定（新特許法、新意匠法及び新商標法,381,408
42,附　則　（平成一六年六月一八日法律第一二〇号）　抄,2,第三条,ARTICLE_REFERENCE,第三条,0,3
42,附　則　（平成一六年六月一八日法律第一二〇号）　抄,2,第三条,ARTICLE_REFERENCE,第三条,23,26
42,附　則　（平成一六年六月一八日法律第一二〇号）　抄,2,第三条,ARTICLE_REFERENCE,第四条,163,166
42,附　則　（平成一六年六月一八日法律第一二〇号）　抄,2,第三条,ARTICLE_REFERENCE,附則,187,189
42,附　則　（平成一六年六月一八日法律第一二〇号）　抄,2,第三条,ARTICLE_REFERENCE,第五条,189,192
42,附　則　（平成一六年六月一八日法律第一二〇号）　抄,2,第三条,ARTICLE_REFERENCE,第二項,192,195
42,附　則　（平成一六年六月一八日法律第一二〇号）　抄,2,第三条,ARTICLE_REFERENCE,第百四条の三,210,216
42,附　則　（平成一六年六月一八日法律第一二〇号）　抄,2,第三条,ARTICLE_REFERENCE,第百五条の四,218,224
42,附　則　（平成一六年六月一八日法律第一二〇号）　抄,2,第三条,ARTICLE_REFERENCE,第百五条の六,226,232
42,附　則　（平成一六年六月一八日法律第一二〇号）　抄,2,第三条,ARTICLE_REFERENCE,第五条,243,246
42,附　則　（平成一六年六月一八日法律第一二〇号）　抄,2,第三条,ARTICLE_REFERENCE,第三号,262,265
42,附　則　（平成一六年六月一八日法律第一二〇号）　抄,2,第三条,ARTICLE_REFERENCE,第六条,283,286
42,附　則　（平成一六年六月一八日法律第一二〇号）　抄,2,第三条,ARTICLE_REFERENCE,次号,300,302
42,附　則　（平成一六年六月一八日法律第一二〇号）　抄,2,第三条,ARTICLE_REFERENCE,第七条,319,322
42,附　則　（平成一六年六月一八日法律第一二〇号）　抄,2,第三条,ARTICLE_REFERENCE,同号,336,338
42,附　則　（平成一六年六月一八日法律第一二〇号）　抄,2,第三条,ARTICLE_REFERENCE,第百六十八条,375,381
42,附　則　（平成一六年六月一八日法律第一二〇号）　抄,2,第三条,ARTICLE_REFERENCE,第五項,381,384
42,附　則　（平成一六年六月一八日法律第一二〇号）　抄,2,第三条,ARTICLE_REFERENCE,第六項,386,389
42,附　則　（平成一六年六月一八日法律第一二〇号）　抄,2,第三条,TIME_PERIOD,から,224,226
42,附　則　（平成一六年六月一八日法律第一二〇号）　抄,2,第三条,TIME_PERIOD,まで,232,234
42,附　則　（平成一六年六月一八日法律第一二〇号）　抄,2,第三条,ORGANIZATION,高等裁判所,62,67
42,附　則　（平成一六年六月一八日法律第一二〇号）　抄,2,第三条,ORGANIZATION,地方裁判所,69,74
42,附　則　（平成一六年六月一八日法律第一二〇号）　抄,2,第三条,ORGANIZATION,地方裁判所,101,106
42,附　則　（平成一六年六月一八日法律第一二〇号）　抄,2,第三条,PROCEDURE,意匠,296,298
42,附　則　（平成一六年六月一八日法律第一二〇号）　抄,2,第三条,PROCEDURE,意匠,308,310
42,附　則　（平成一六年六月一八日法律第一二〇号）　抄,2,第三条,PROCEDURE,商標,332,334
42,附　則　（平成一六年六月一八日法律第一二〇号）　抄,2,第三条,PROCEDURE,商標,344,346
42,附　則　（平成一六年六月一八日法律第一二〇号）　抄,2,第三条,PROCEDURE,意匠,399,401
42,附　則　（平成一六年六月一八日法律第一二〇号）　抄,2,第三条,PROCEDURE,商標,405,407
42,附　則　（平成一六年六月一八日法律第一二〇号）　抄,2,第三条,LEGAL_STATUS,権利,126,128
43,附　則　（平成一六年一二月一日法律第一四七号）　抄,0,第一条,LAW_REFERENCE, この法,14,18
43,附　則　（平成一六年一二月一日法律第一四七号）　抄,0,第一条,LAW_REFERENCE,政令,45,47
43,附　則　（平成一六年一二月一日法律第一四七号）　抄,0,第一条,ARTICLE_REFERENCE,第一条,0,3
43,附　則　（平成一六年一二月一日法律第一四七号）　抄,0,第一条,ARTICLE_REFERENCE,第一条,11,14
43,附　則　（平成一六年一二月一日法律第一四七号）　抄,0,第一条,TIME_PERIOD,から,25,27
43,附　則　（平成一六年一二月一日法律第一四七号）　抄,0,第一条,TIME_PERIOD,六月,31,33
43,附　則　（平成一六年一二月一日法律第一四七号）　抄,0,第一条,TIME_PERIOD,から,52,54
44,附　則　（平成一七年六月二九日法律第七五号）　抄,0,第一条,LAW_REFERENCE, この法,14,18
44,附　則　（平成一七年六月二九日法律第七五号）　抄,0,第一条,LAW_REFERENCE,政令,45,47
44,附　則　（平成一七年六月二九日法律第七五号）　抄,0,第一条,ARTICLE_REFERENCE,第一条,0,3
44,附　則　（平成一七年六月二九日法律第七五号）　抄,0,第一条,ARTICLE_REFERENCE,第一条,11,14
44,附　則　（平成一七年六月二九日法律第七五号）　抄,0,第一条,TIME_PERIOD,から,25,27
44,附　則　（平成一七年六月二九日法律第七五号）　抄,0,第一条,TIME_PERIOD,一年,31,33
44,附　則　（平成一七年六月二九日法律第七五号）　抄,0,第一条,TIME_PERIOD,から,52,54
44,附　則　（平成一七年六月二九日法律第七五号）　抄,1,第五条,LAW_REFERENCE,政令,5,7
44,附　則　（平成一七年六月二九日法律第七五号）　抄,1,第五条,LAW_REFERENCE,に定めるもののほか、この法,22,35
44,附　則　（平成一七年六月二九日法律第七五号）　抄,1,第五条,LAW_REFERENCE,政令,51,53
44,附　則　（平成一七年六月二九日法律第七五号）　抄,1,第五条,ARTICLE_REFERENCE,第五条,0,3
44,附　則　（平成一七年六月二九日法律第七五号）　抄,1,第五条,ARTICLE_REFERENCE,第五条,13,16
44,附　則　（平成一七年六月二九日法律第七五号）　抄,1,第五条,ARTICLE_REFERENCE,附則,17,19
44,附　則　（平成一七年六月二九日法律第七五号）　抄,1,第五条,ARTICLE_REFERENCE,第二条,19,22
45,附　則　（平成一七年一〇月二一日法律第一〇二号）　抄,0,第一条,LAW_REFERENCE, この法律は、郵政民営化法,14,27
45,附　則　（平成一七年一〇月二一日法律第一〇二号）　抄,0,第一条,ARTICLE_REFERENCE,第一条,0,3
45,附　則　（平成一七年一〇月二一日法律第一〇二号）　抄,0,第一条,ARTICLE_REFERENCE,第一条,11,14
45,附　則　（平成一七年一〇月二一日法律第一〇二号）　抄,0,第一条,TIME_PERIOD,から,32,34
45,附　則　（平成一七年一〇月二一日法律第一〇二号）　抄,1,第九十六条,LAW_REFERENCE,"
（特許法",5,10
45,附　則　（平成一七年一〇月二一日法律第一〇二号）　抄,1,第九十六条,LAW_REFERENCE, この法,29,33
45,附　則　（平成一七年一〇月二一日法律第一〇二号）　抄,1,第九十六条,LAW_REFERENCE,の規定による改正前の特許法第十九条,47,64
45,附　則　（平成一七年一〇月二一日法律第一〇二号）　抄,1,第九十六条,LAW_REFERENCE,の規定による改正後の特許法第十九条,85,102
45,附　則　（平成一七年一〇月二一日法律第一〇二号）　抄,1,第九十六条,LAW_REFERENCE,の規定の適用については、郵便事業株式会社の営業所であって新委託法第二条,102,137
45,附　則　（平成一七年一〇月二一日法律第一〇二号）　抄,1,第九十六条,LAW_REFERENCE,に規定する郵便窓口業務を行うもの（新委託法第三条,137,161
45,附　則　（平成一七年一〇月二一日法律第一〇二号）　抄,1,第九十六条,LAW_REFERENCE,第一項若しくは第三項の規定による委託又は新委託法第四条,161,188
45,附　則　（平成一七年一〇月二一日法律第一〇二号）　抄,1,第九十六条,ARTICLE_REFERENCE,第九十六条,0,5
45,附　則　（平成一七年一〇月二一日法律第一〇二号）　抄,1,第九十六条,ARTICLE_REFERENCE,第九十六条,24,29
45,附　則　（平成一七年一〇月二一日法律第一〇二号）　抄,1,第九十六条,ARTICLE_REFERENCE,第六十九条,42,47
45,附　則　（平成一七年一〇月二一日法律第一〇二号）　抄,1,第九十六条,ARTICLE_REFERENCE,第十九条,60,64
45,附　則　（平成一七年一〇月二一日法律第一〇二号）　抄,1,第九十六条,ARTICLE_REFERENCE,第六十九条,80,85
45,附　則　（平成一七年一〇月二一日法律第一〇二号）　抄,1,第九十六条,ARTICLE_REFERENCE,第十九条,98,102
45,附　則　（平成一七年一〇月二一日法律第一〇二号）　抄,1,第九十六条,ARTICLE_REFERENCE,第二条,134,137
45,附　則　（平成一七年一〇月二一日法律第一〇二号）　抄,1,第九十六条,ARTICLE_REFERENCE,第三条,158,161
45,附　則　（平成一七年一〇月二一日法律第一〇二号）　抄,1,第九十六条,ARTICLE_REFERENCE,第一項,161,164
45,附　則　（平成一七年一〇月二一日法律第一〇二号）　抄,1,第九十六条,ARTICLE_REFERENCE,第三項,168,171
45,附　則　（平成一七年一〇月二一日法律第一〇二号）　抄,1,第九十六条,ARTICLE_REFERENCE,第四条,185,188
45,附　則　（平成一七年一〇月二一日法律第一〇二号）　抄,2,第百十七条,LAW_REFERENCE, この法律の施行前にした行為、この附則の規定によりなお従前の例によることとされる場合におけるこの法律の施行後にした行為、この法,24,87
45,附　則　（平成一七年一〇月二一日法律第一〇二号）　抄,2,第百十七条,LAW_REFERENCE,第一項の規定によりなおその効力を有するものとされる旧郵便為替法第三十八条,97,133
45,附　則　（平成一七年一〇月二一日法律第一〇二号）　抄,2,第百十七条,LAW_REFERENCE,の八（第二号及び第三号に係る部分に限る。）の規定の失効前にした行為、この法,133,170
45,附　則　（平成一七年一〇月二一日法律第一〇二号）　抄,2,第百十七条,LAW_REFERENCE,第一項の規定によりなおその効力を有するものとされる旧郵便振替法第七十条,181,216
45,附　則　（平成一七年一〇月二一日法律第一〇二号）　抄,2,第百十七条,LAW_REFERENCE,（第二号及び第三号に係る部分に限る。）の規定の失効前にした行為、この法,216,251
45,附　則　（平成一七年一〇月二一日法律第一〇二号）　抄,2,第百十七条,LAW_REFERENCE,第一項の規定によりなおその効力を有するものとされる旧郵便振替預り金寄附委託法第八条,263,304
45,附　則　（平成一七年一〇月二一日法律第一〇二号）　抄,2,第百十七条,LAW_REFERENCE,（第二号に係る部分に限る。）の規定の失効前にした行為、この法,304,334
45,附　則　（平成一七年一〇月二一日法律第一〇二号）　抄,2,第百十七条,LAW_REFERENCE,第二項の規定によりなおその効力を有するものとされる旧公社法第七十条,346,379
45,附　則　（平成一七年一〇月二一日法律第一〇二号）　抄,2,第百十七条,LAW_REFERENCE,（第二号に係る部分に限る。）の規定の失効前にした行為、この法,379,409
45,附　則　（平成一七年一〇月二一日法律第一〇二号）　抄,2,第百十七条,LAW_REFERENCE,第一項の規定によりなおその効力を有するものとされる旧公社法第七十一条,421,455
45,附　則　（平成一七年一〇月二一日法律第一〇二号）　抄,2,第百十七条,LAW_REFERENCE,第二項の規定の適用がある場合における郵政民営化法第百四条,497,525
45,附　則　（平成一七年一〇月二一日法律第一〇二号）　抄,2,第百十七条,ARTICLE_REFERENCE,第百十七条,0,5
45,附　則　（平成一七年一〇月二一日法律第一〇二号）　抄,2,第百十七条,ARTICLE_REFERENCE,第百十七条,19,24
45,附　則　（平成一七年一〇月二一日法律第一〇二号）　抄,2,第百十七条,ARTICLE_REFERENCE,附則,41,43
45,附　則　（平成一七年一〇月二一日法律第一〇二号）　抄,2,第百十七条,ARTICLE_REFERENCE,附則,92,94
45,附　則　（平成一七年一〇月二一日法律第一〇二号）　抄,2,第百十七条,ARTICLE_REFERENCE,第九条,94,97
45,附　則　（平成一七年一〇月二一日法律第一〇二号）　抄,2,第百十七条,ARTICLE_REFERENCE,第一項,97,100
45,附　則　（平成一七年一〇月二一日法律第一〇二号）　抄,2,第百十七条,ARTICLE_REFERENCE,第三十八条の八,128,135
45,附　則　（平成一七年一〇月二一日法律第一〇二号）　抄,2,第百十七条,ARTICLE_REFERENCE,第二号,136,139
45,附　則　（平成一七年一〇月二一日法律第一〇二号）　抄,2,第百十七条,ARTICLE_REFERENCE,第三号,141,144
45,附　則　（平成一七年一〇月二一日法律第一〇二号）　抄,2,第百十七条,ARTICLE_REFERENCE,附則,175,177
45,附　則　（平成一七年一〇月二一日法律第一〇二号）　抄,2,第百十七条,ARTICLE_REFERENCE,第十三条,177,181
45,附　則　（平成一七年一〇月二一日法律第一〇二号）　抄,2,第百十七条,ARTICLE_REFERENCE,第一項,181,184
45,附　則　（平成一七年一〇月二一日法律第一〇二号）　抄,2,第百十七条,ARTICLE_REFERENCE,第七十条,212,216
45,附　則　（平成一七年一〇月二一日法律第一〇二号）　抄,2,第百十七条,ARTICLE_REFERENCE,第二号,217,220
45,附　則　（平成一七年一〇月二一日法律第一〇二号）　抄,2,第百十七条,ARTICLE_REFERENCE,第三号,222,225
45,附　則　（平成一七年一〇月二一日法律第一〇二号）　抄,2,第百十七条,ARTICLE_REFERENCE,附則,256,258
45,附　則　（平成一七年一〇月二一日法律第一〇二号）　抄,2,第百十七条,ARTICLE_REFERENCE,第二十七条,258,263
45,附　則　（平成一七年一〇月二一日法律第一〇二号）　抄,2,第百十七条,ARTICLE_REFERENCE,第一項,263,266
45,附　則　（平成一七年一〇月二一日法律第一〇二号）　抄,2,第百十七条,ARTICLE_REFERENCE,第八条,301,304
45,附　則　（平成一七年一〇月二一日法律第一〇二号）　抄,2,第百十七条,ARTICLE_REFERENCE,第二号,305,308
45,附　則　（平成一七年一〇月二一日法律第一〇二号）　抄,2,第百十七条,ARTICLE_REFERENCE,附則,339,341
45,附　則　（平成一七年一〇月二一日法律第一〇二号）　抄,2,第百十七条,ARTICLE_REFERENCE,第三十九条,341,346
45,附　則　（平成一七年一〇月二一日法律第一〇二号）　抄,2,第百十七条,ARTICLE_REFERENCE,第二項,346,349
45,附　則　（平成一七年一〇月二一日法律第一〇二号）　抄,2,第百十七条,ARTICLE_REFERENCE,第七十条,375,379
45,附　則　（平成一七年一〇月二一日法律第一〇二号）　抄,2,第百十七条,ARTICLE_REFERENCE,第二号,380,383
45,附　則　（平成一七年一〇月二一日法律第一〇二号）　抄,2,第百十七条,ARTICLE_REFERENCE,附則,414,416
45,附　則　（平成一七年一〇月二一日法律第一〇二号）　抄,2,第百十七条,ARTICLE_REFERENCE,第四十二条,416,421
45,附　則　（平成一七年一〇月二一日法律第一〇二号）　抄,2,第百十七条,ARTICLE_REFERENCE,第一項,421,424
45,附　則　（平成一七年一〇月二一日法律第一〇二号）　抄,2,第百十七条,ARTICLE_REFERENCE,第七十一条,450,455
45,附　則　（平成一七年一〇月二一日法律第一〇二号）　抄,2,第百十七条,ARTICLE_REFERENCE,第七十二条,457,462
45,附　則　（平成一七年一〇月二一日法律第一〇二号）　抄,2,第百十七条,ARTICLE_REFERENCE,第十五号,463,467
45,附　則　（平成一七年一〇月二一日法律第一〇二号）　抄,2,第百十七条,ARTICLE_REFERENCE,附則,492,494
45,附　則　（平成一七年一〇月二一日法律第一〇二号）　抄,2,第百十七条,ARTICLE_REFERENCE,第二条,494,497
45,附　則　（平成一七年一〇月二一日法律第一〇二号）　抄,2,第百十七条,ARTICLE_REFERENCE,第二項,497,500
45,附　則　（平成一七年一〇月二一日法律第一〇二号）　抄,2,第百十七条,ARTICLE_REFERENCE,第百四条,521,525
45,附　則　（平成一七年一〇月二一日法律第一〇二号）　抄,2,第百十七条,LEGAL_STATUS,効力,110,112
45,附　則　（平成一七年一〇月二一日法律第一〇二号）　抄,2,第百十七条,LEGAL_STATUS,効力,194,196
45,附　則　（平成一七年一〇月二一日法律第一〇二号）　抄,2,第百十七条,LEGAL_STATUS,効力,276,278
45,附　則　（平成一七年一〇月二一日法律第一〇二号）　抄,2,第百十七条,LEGAL_STATUS,効力,359,361
45,附　則　（平成一七年一〇月二一日法律第一〇二号）　抄,2,第百十七条,LEGAL_STATUS,効力,434,436
46,附　則　（平成一八年六月七日法律第五五号）　抄,0,第一条,LAW_REFERENCE, この法,14,18
46,附　則　（平成一八年六月七日法律第五五号）　抄,0,第一条,LAW_REFERENCE,政令,45,47
46,附　則　（平成一八年六月七日法律第五五号）　抄,0,第一条,LAW_REFERENCE,中意匠法第二条,101,108
46,附　則　（平成一八年六月七日法律第五五号）　抄,0,第一条,LAW_REFERENCE,中特許法第二条,212,219
46,附　則　（平成一八年六月七日法律第五五号）　抄,0,第一条,LAW_REFERENCE,中商標法第二条,328,335
46,附　則　（平成一八年六月七日法律第五五号）　抄,0,第一条,ARTICLE_REFERENCE,第一条,0,3
46,附　則　（平成一八年六月七日法律第五五号）　抄,0,第一条,ARTICLE_REFERENCE,第一条,11,14
46,附　則　（平成一八年六月七日法律第五五号）　抄,0,第一条,ARTICLE_REFERENCE,各号,65,67
46,附　則　（平成一八年六月七日法律第五五号）　抄,0,第一条,ARTICLE_REFERENCE,各号,77,79
46,附　則　（平成一八年六月七日法律第五五号）　抄,0,第一条,ARTICLE_REFERENCE,第一条,98,101
46,附　則　（平成一八年六月七日法律第五五号）　抄,0,第一条,ARTICLE_REFERENCE,第二条,105,108
46,附　則　（平成一八年六月七日法律第五五号）　抄,0,第一条,ARTICLE_REFERENCE,第三項,108,111
46,附　則　（平成一八年六月七日法律第五五号）　抄,0,第一条,ARTICLE_REFERENCE,第三十八条,112,117
46,附　則　（平成一八年六月七日法律第五五号）　抄,0,第一条,ARTICLE_REFERENCE,第四十四条の三,118,125
46,附　則　（平成一八年六月七日法律第五五号）　抄,0,第一条,ARTICLE_REFERENCE,第五十五条,127,132
46,附　則　（平成一八年六月七日法律第五五号）　抄,0,第一条,ARTICLE_REFERENCE,第六十九条,138,143
46,附　則　（平成一八年六月七日法律第五五号）　抄,0,第一条,ARTICLE_REFERENCE,同条,155,157
46,附　則　（平成一八年六月七日法律第五五号）　抄,0,第一条,ARTICLE_REFERENCE,同条,172,174
46,附　則　（平成一八年六月七日法律第五五号）　抄,0,第一条,ARTICLE_REFERENCE,同条,180,182
46,附　則　（平成一八年六月七日法律第五五号）　抄,0,第一条,ARTICLE_REFERENCE,第七十四条,198,203
46,附　則　（平成一八年六月七日法律第五五号）　抄,0,第一条,ARTICLE_REFERENCE,第二条,209,212
46,附　則　（平成一八年六月七日法律第五五号）　抄,0,第一条,ARTICLE_REFERENCE,第二条,216,219
46,附　則　（平成一八年六月七日法律第五五号）　抄,0,第一条,ARTICLE_REFERENCE,第百一条,220,224
46,附　則　（平成一八年六月七日法律第五五号）　抄,0,第一条,ARTICLE_REFERENCE,第百十二条の三,225,232
46,附　則　（平成一八年六月七日法律第五五号）　抄,0,第一条,ARTICLE_REFERENCE,第百七十五条,234,240
46,附　則　（平成一八年六月七日法律第五五号）　抄,0,第一条,ARTICLE_REFERENCE,第百九十六条,246,252
46,附　則　（平成一八年六月七日法律第五五号）　抄,0,第一条,ARTICLE_REFERENCE,同条,264,266
46,附　則　（平成一八年六月七日法律第五五号）　抄,0,第一条,ARTICLE_REFERENCE,同条,281,283
46,附　則　（平成一八年六月七日法律第五五号）　抄,0,第一条,ARTICLE_REFERENCE,同条,289,291
46,附　則　（平成一八年六月七日法律第五五号）　抄,0,第一条,ARTICLE_REFERENCE,第二百一条,307,312
46,附　則　（平成一八年六月七日法律第五五号）　抄,0,第一条,ARTICLE_REFERENCE,第三条,318,321
46,附　則　（平成一八年六月七日法律第五五号）　抄,0,第一条,ARTICLE_REFERENCE,第四条,325,328
46,附　則　（平成一八年六月七日法律第五五号）　抄,0,第一条,ARTICLE_REFERENCE,第二条,332,335
46,附　則　（平成一八年六月七日法律第五五号）　抄,0,第一条,ARTICLE_REFERENCE,第三項,335,338
46,附　則　（平成一八年六月七日法律第五五号）　抄,0,第一条,ARTICLE_REFERENCE,第三十七条,339,344
46,附　則　（平成一八年六月七日法律第五五号）　抄,0,第一条,ARTICLE_REFERENCE,第六十七条,346,351
46,附　則　（平成一八年六月七日法律第五五号）　抄,0,第一条,ARTICLE_REFERENCE,第七十八条,357,362
46,附　則　（平成一八年六月七日法律第五五号）　抄,0,第一条,ARTICLE_REFERENCE,同条,374,376
46,附　則　（平成一八年六月七日法律第五五号）　抄,0,第一条,ARTICLE_REFERENCE,同条,391,393
46,附　則　（平成一八年六月七日法律第五五号）　抄,0,第一条,ARTICLE_REFERENCE,同条,399,401
46,附　則　（平成一八年六月七日法律第五五号）　抄,0,第一条,ARTICLE_REFERENCE,第八十二条,417,422
46,附　則　（平成一八年六月七日法律第五五号）　抄,0,第一条,ARTICLE_REFERENCE,第五条,430,433
46,附　則　（平成一八年六月七日法律第五五号）　抄,0,第一条,ARTICLE_REFERENCE,次条,439,441
46,附　則　（平成一八年六月七日法律第五五号）　抄,0,第一条,ARTICLE_REFERENCE,第三項,441,444
46,附　則　（平成一八年六月七日法律第五五号）　抄,0,第一条,ARTICLE_REFERENCE,附則,447,449
46,附　則　（平成一八年六月七日法律第五五号）　抄,0,第一条,ARTICLE_REFERENCE,第三条,449,452
46,附　則　（平成一八年六月七日法律第五五号）　抄,0,第一条,ARTICLE_REFERENCE,第二項,452,455
46,附　則　（平成一八年六月七日法律第五五号）　抄,0,第一条,ARTICLE_REFERENCE,第四条,456,459
46,附　則　（平成一八年六月七日法律第五五号）　抄,0,第一条,ARTICLE_REFERENCE,第五条,460,463
46,附　則　（平成一八年六月七日法律第五五号）　抄,0,第一条,ARTICLE_REFERENCE,第二項,463,466
46,附　則　（平成一八年六月七日法律第五五号）　抄,0,第一条,ARTICLE_REFERENCE,第九条,467,470
46,附　則　（平成一八年六月七日法律第五五号）　抄,0,第一条,ARTICLE_REFERENCE,第十二条,471,475
46,附　則　（平成一八年六月七日法律第五五号）　抄,0,第一条,ARTICLE_REFERENCE,第十三条,476,480
46,附　則　（平成一八年六月七日法律第五五号）　抄,0,第一条,ARTICLE_REFERENCE,第十六条,482,486
46,附　則　（平成一八年六月七日法律第五五号）　抄,0,第一条,TIME_PERIOD,から,25,27
46,附　則　（平成一八年六月七日法律第五五号）　抄,0,第一条,TIME_PERIOD,一年,31,33
46,附　則　（平成一八年六月七日法律第五五号）　抄,0,第一条,TIME_PERIOD,から,52,54
46,附　則　（平成一八年六月七日法律第五五号）　抄,0,第一条,TIME_PERIOD,から,84,86
46,附　則　（平成一八年六月七日法律第五五号）　抄,0,第一条,TIME_PERIOD,十九年一月一日,492,499
46,附　則　（平成一八年六月七日法律第五五号）　抄,0,第一条,PROCEDURE,意匠,102,104
46,附　則　（平成一八年六月七日法律第五五号）　抄,0,第一条,PROCEDURE,商標,329,331
46,附　則　（平成一八年六月七日法律第五五号）　抄,1,第三条,LAW_REFERENCE,"
（特許法",3,8
46,附　則　（平成一八年六月七日法律第五五号）　抄,1,第三条,LAW_REFERENCE,の規定による改正後の特許法（以下「新特許法,27,48
46,附　則　（平成一八年六月七日法律第五五号）　抄,1,第三条,LAW_REFERENCE,の規定は、この法律の施行後にする特許出願について適用し、この法律の施行前にした特許出願については、なお従前の例による。 ２ 新特許法第二条,132,201
46,附　則　（平成一八年六月七日法律第五五号）　抄,1,第三条,ARTICLE_REFERENCE,第三条,0,3
46,附　則　（平成一八年六月七日法律第五五号）　抄,1,第三条,ARTICLE_REFERENCE,第三条,20,23
46,附　則　（平成一八年六月七日法律第五五号）　抄,1,第三条,ARTICLE_REFERENCE,第二条,24,27
46,附　則　（平成一八年六月七日法律第五五号）　抄,1,第三条,ARTICLE_REFERENCE,第十七条の二,54,60
46,附　則　（平成一八年六月七日法律第五五号）　抄,1,第三条,ARTICLE_REFERENCE,第十七条の三,61,67
46,附　則　（平成一八年六月七日法律第五五号）　抄,1,第三条,ARTICLE_REFERENCE,第三十六条の二,68,75
46,附　則　（平成一八年六月七日法律第五五号）　抄,1,第三条,ARTICLE_REFERENCE,第四十一条,76,81
46,附　則　（平成一八年六月七日法律第五五号）　抄,1,第三条,ARTICLE_REFERENCE,第四十四条,82,87
46,附　則　（平成一八年六月七日法律第五五号）　抄,1,第三条,ARTICLE_REFERENCE,第四十六条の二,88,95
46,附　則　（平成一八年六月七日法律第五五号）　抄,1,第三条,ARTICLE_REFERENCE,第四十九条,96,101
46,附　則　（平成一八年六月七日法律第五五号）　抄,1,第三条,ARTICLE_REFERENCE,第五十条の二,103,109
46,附　則　（平成一八年六月七日法律第五五号）　抄,1,第三条,ARTICLE_REFERENCE,第五十三条,112,117
46,附　則　（平成一八年六月七日法律第五五号）　抄,1,第三条,ARTICLE_REFERENCE,第百五十九条,118,124
46,附　則　（平成一八年六月七日法律第五五号）　抄,1,第三条,ARTICLE_REFERENCE,第百六十三条,126,132
46,附　則　（平成一八年六月七日法律第五五号）　抄,1,第三条,ARTICLE_REFERENCE,第二条,198,201
46,附　則　（平成一八年六月七日法律第五五号）　抄,1,第三条,ARTICLE_REFERENCE,第百一条,202,206
46,附　則　（平成一八年六月七日法律第五五号）　抄,1,第三条,ARTICLE_REFERENCE,第百十二条の三,207,214
46,附　則　（平成一八年六月七日法律第五五号）　抄,1,第三条,ARTICLE_REFERENCE,第百七十五条,216,222
46,附　則　（平成一八年六月七日法律第五五号）　抄,1,第三条,TIME_PERIOD,から,101,103
46,附　則　（平成一八年六月七日法律第五五号）　抄,1,第三条,TIME_PERIOD,まで,109,111
46,附　則　（平成一八年六月七日法律第五五号）　抄,1,第三条,PROCEDURE,出願,150,152
46,附　則　（平成一八年六月七日法律第五五号）　抄,1,第三条,PROCEDURE,出願,173,175
46,附　則　（平成一八年六月七日法律第五五号）　抄,2,第十一条,LAW_REFERENCE, この法,25,29
46,附　則　（平成一八年六月七日法律第五五号）　抄,2,第十一条,ARTICLE_REFERENCE,第十一条,0,4
46,附　則　（平成一八年六月七日法律第五五号）　抄,2,第十一条,ARTICLE_REFERENCE,第十一条,21,25
46,附　則　（平成一八年六月七日法律第五五号）　抄,3,第十四条,LAW_REFERENCE,政令,6,8
46,附　則　（平成一八年六月七日法律第五五号）　抄,3,第十四条,LAW_REFERENCE,に定めるもののほか、この法,36,49
46,附　則　（平成一八年六月七日法律第五五号）　抄,3,第十四条,LAW_REFERENCE,政令,65,67
46,附　則　（平成一八年六月七日法律第五五号）　抄,3,第十四条,ARTICLE_REFERENCE,第十四条,0,4
46,附　則　（平成一八年六月七日法律第五五号）　抄,3,第十四条,ARTICLE_REFERENCE,第十四条,14,18
46,附　則　（平成一八年六月七日法律第五五号）　抄,3,第十四条,ARTICLE_REFERENCE,附則,19,21
46,附　則　（平成一八年六月七日法律第五五号）　抄,3,第十四条,ARTICLE_REFERENCE,第二条,21,24
46,附　則　（平成一八年六月七日法律第五五号）　抄,3,第十四条,ARTICLE_REFERENCE,第十一条,26,30
46,附　則　（平成一八年六月七日法律第五五号）　抄,3,第十四条,ARTICLE_REFERENCE,前条,34,36
46,附　則　（平成一八年六月七日法律第五五号）　抄,3,第十四条,TIME_PERIOD,から,24,26
46,附　則　（平成一八年六月七日法律第五五号）　抄,3,第十四条,TIME_PERIOD,まで,30,32
47,附　則　（平成二〇年四月一八日法律第一六号）　抄,0,第一条,LAW_REFERENCE, この法,14,18
47,附　則　（平成二〇年四月一八日法律第一六号）　抄,0,第一条,LAW_REFERENCE,政令,45,47
47,附　則　（平成二〇年四月一八日法律第一六号）　抄,0,第一条,LAW_REFERENCE,中特許法第百七条,113,121
47,附　則　（平成二〇年四月一八日法律第一六号）　抄,0,第一条,LAW_REFERENCE,中商標法第四十条,133,141
47,附　則　（平成二〇年四月一八日法律第一六号）　抄,0,第一条,LAW_REFERENCE,政令,265,267
47,附　則　（平成二〇年四月一八日法律第一六号）　抄,0,第一条,LAW_REFERENCE,中特許法第二十七条,278,287
47,附　則　（平成二〇年四月一八日法律第一六号）　抄,0,第一条,LAW_REFERENCE,中実用新案法第四十九条,315,326
47,附　則　（平成二〇年四月一八日法律第一六号）　抄,0,第一条,LAW_REFERENCE,中意匠法第六十一条,341,350
47,附　則　（平成二〇年四月一八日法律第一六号）　抄,0,第一条,LAW_REFERENCE,中商標法第六十八条,367,376
47,附　則　（平成二〇年四月一八日法律第一六号）　抄,0,第一条,ARTICLE_REFERENCE,第一条,0,3
47,附　則　（平成二〇年四月一八日法律第一六号）　抄,0,第一条,ARTICLE_REFERENCE,第一条,11,14
47,附　則　（平成二〇年四月一八日法律第一六号）　抄,0,第一条,ARTICLE_REFERENCE,各号,65,67
47,附　則　（平成二〇年四月一八日法律第一六号）　抄,0,第一条,ARTICLE_REFERENCE,各号,77,79
47,附　則　（平成二〇年四月一八日法律第一六号）　抄,0,第一条,ARTICLE_REFERENCE,附則,94,96
47,附　則　（平成二〇年四月一八日法律第一六号）　抄,0,第一条,ARTICLE_REFERENCE,第六条,96,99
47,附　則　（平成二〇年四月一八日法律第一六号）　抄,0,第一条,ARTICLE_REFERENCE,第一条,110,113
47,附　則　（平成二〇年四月一八日法律第一六号）　抄,0,第一条,ARTICLE_REFERENCE,第百七条,117,121
47,附　則　（平成二〇年四月一八日法律第一六号）　抄,0,第一条,ARTICLE_REFERENCE,第一項,121,124
47,附　則　（平成二〇年四月一八日法律第一六号）　抄,0,第一条,ARTICLE_REFERENCE,第四条,130,133
47,附　則　（平成二〇年四月一八日法律第一六号）　抄,0,第一条,ARTICLE_REFERENCE,第四十条,137,141
47,附　則　（平成二〇年四月一八日法律第一六号）　抄,0,第一条,ARTICLE_REFERENCE,第一項,141,144
47,附　則　（平成二〇年四月一八日法律第一六号）　抄,0,第一条,ARTICLE_REFERENCE,第二項,146,149
47,附　則　（平成二〇年四月一八日法律第一六号）　抄,0,第一条,ARTICLE_REFERENCE,第四十一条の二,150,157
47,附　則　（平成二〇年四月一八日法律第一六号）　抄,0,第一条,ARTICLE_REFERENCE,第一項,157,160
47,附　則　（平成二〇年四月一八日法律第一六号）　抄,0,第一条,ARTICLE_REFERENCE,第二項,162,165
47,附　則　（平成二〇年四月一八日法律第一六号）　抄,0,第一条,ARTICLE_REFERENCE,第六十五条の七,166,173
47,附　則　（平成二〇年四月一八日法律第一六号）　抄,0,第一条,ARTICLE_REFERENCE,第一項,173,176
47,附　則　（平成二〇年四月一八日法律第一六号）　抄,0,第一条,ARTICLE_REFERENCE,第二項,178,181
47,附　則　（平成二〇年四月一八日法律第一六号）　抄,0,第一条,ARTICLE_REFERENCE,第六十八条の三十,184,192
47,附　則　（平成二〇年四月一八日法律第一六号）　抄,0,第一条,ARTICLE_REFERENCE,第一項,192,195
47,附　則　（平成二〇年四月一八日法律第一六号）　抄,0,第一条,ARTICLE_REFERENCE,各号,195,197
47,附　則　（平成二〇年四月一八日法律第一六号）　抄,0,第一条,ARTICLE_REFERENCE,第五項,199,202
47,附　則　（平成二〇年四月一八日法律第一六号）　抄,0,第一条,ARTICLE_REFERENCE,次条,210,212
47,附　則　（平成二〇年四月一八日法律第一六号）　抄,0,第一条,ARTICLE_REFERENCE,第五項,212,215
47,附　則　（平成二〇年四月一八日法律第一六号）　抄,0,第一条,ARTICLE_REFERENCE,附則,216,218
47,附　則　（平成二〇年四月一八日法律第一六号）　抄,0,第一条,ARTICLE_REFERENCE,第五条,218,221
47,附　則　（平成二〇年四月一八日法律第一六号）　抄,0,第一条,ARTICLE_REFERENCE,第二項,221,224
47,附　則　（平成二〇年四月一八日法律第一六号）　抄,0,第一条,ARTICLE_REFERENCE,第七条,226,229
47,附　則　（平成二〇年四月一八日法律第一六号）　抄,0,第一条,ARTICLE_REFERENCE,第十三条,231,235
47,附　則　（平成二〇年四月一八日法律第一六号）　抄,0,第一条,ARTICLE_REFERENCE,第一条,275,278
47,附　則　（平成二〇年四月一八日法律第一六号）　抄,0,第一条,ARTICLE_REFERENCE,第二十七条,282,287
47,附　則　（平成二〇年四月一八日法律第一六号）　抄,0,第一条,ARTICLE_REFERENCE,第一項,287,290
47,附　則　（平成二〇年四月一八日法律第一六号）　抄,0,第一条,ARTICLE_REFERENCE,第一号,290,293
47,附　則　（平成二〇年四月一八日法律第一六号）　抄,0,第一条,ARTICLE_REFERENCE,第九十八条,295,300
47,附　則　（平成二〇年四月一八日法律第一六号）　抄,0,第一条,ARTICLE_REFERENCE,第一項,300,303
47,附　則　（平成二〇年四月一八日法律第一六号）　抄,0,第一条,ARTICLE_REFERENCE,第一号,303,306
47,附　則　（平成二〇年四月一八日法律第一六号）　抄,0,第一条,ARTICLE_REFERENCE,第二条,312,315
47,附　則　（平成二〇年四月一八日法律第一六号）　抄,0,第一条,ARTICLE_REFERENCE,第四十九条,321,326
47,附　則　（平成二〇年四月一八日法律第一六号）　抄,0,第一条,ARTICLE_REFERENCE,第一項,326,329
47,附　則　（平成二〇年四月一八日法律第一六号）　抄,0,第一条,ARTICLE_REFERENCE,第一号,329,332
47,附　則　（平成二〇年四月一八日法律第一六号）　抄,0,第一条,ARTICLE_REFERENCE,第三条,338,341
47,附　則　（平成二〇年四月一八日法律第一六号）　抄,0,第一条,ARTICLE_REFERENCE,第六十一条,345,350
47,附　則　（平成二〇年四月一八日法律第一六号）　抄,0,第一条,ARTICLE_REFERENCE,第一項,350,353
47,附　則　（平成二〇年四月一八日法律第一六号）　抄,0,第一条,ARTICLE_REFERENCE,第一号,353,356
47,附　則　（平成二〇年四月一八日法律第一六号）　抄,0,第一条,ARTICLE_REFERENCE,第四条,364,367
47,附　則　（平成二〇年四月一八日法律第一六号）　抄,0,第一条,ARTICLE_REFERENCE,第六十八条の二十七,371,380
47,附　則　（平成二〇年四月一八日法律第一六号）　抄,0,第一条,ARTICLE_REFERENCE,第一項,380,383
47,附　則　（平成二〇年四月一八日法律第一六号）　抄,0,第一条,ARTICLE_REFERENCE,第二項,385,388
47,附　則　（平成二〇年四月一八日法律第一六号）　抄,0,第一条,TIME_PERIOD,から,25,27
47,附　則　（平成二〇年四月一八日法律第一六号）　抄,0,第一条,TIME_PERIOD,一年,31,33
47,附　則　（平成二〇年四月一八日法律第一六号）　抄,0,第一条,TIME_PERIOD,から,52,54
47,附　則　（平成二〇年四月一八日法律第一六号）　抄,0,第一条,TIME_PERIOD,から,84,86
47,附　則　（平成二〇年四月一八日法律第一六号）　抄,0,第一条,TIME_PERIOD,から,229,231
47,附　則　（平成二〇年四月一八日法律第一六号）　抄,0,第一条,TIME_PERIOD,まで,235,237
47,附　則　（平成二〇年四月一八日法律第一六号）　抄,0,第一条,TIME_PERIOD,から,245,247
47,附　則　（平成二〇年四月一八日法律第一六号）　抄,0,第一条,TIME_PERIOD,三月,251,253
47,附　則　（平成二〇年四月一八日法律第一六号）　抄,0,第一条,TIME_PERIOD,二十年九月三十日,396,404
47,附　則　（平成二〇年四月一八日法律第一六号）　抄,0,第一条,PROCEDURE,商標,134,136
47,附　則　（平成二〇年四月一八日法律第一六号）　抄,0,第一条,PROCEDURE,意匠,342,344
47,附　則　（平成二〇年四月一八日法律第一六号）　抄,0,第一条,PROCEDURE,商標,368,370
47,附　則　（平成二〇年四月一八日法律第一六号）　抄,1,第二条,LAW_REFERENCE,"
（特許法",3,8
47,附　則　（平成二〇年四月一八日法律第一六号）　抄,1,第二条,LAW_REFERENCE,の規定による改正後の特許法（以下「新特許法,27,48
47,附　則　（平成二〇年四月一八日法律第一六号）　抄,1,第二条,LAW_REFERENCE,の規定は、この法律の施行の日以後に謄本が送達される拒絶をすべき旨の査定に対する拒絶査定不服審判の請求について適用し、この法律の施行の日前に謄本の送達があった拒絶をすべき旨の査定に対する拒絶査定不服審判の請求については、なお従前の例による。 ２ 新特許法第四十三条,84,215
47,附　則　（平成二〇年四月一八日法律第一六号）　抄,1,第二条,LAW_REFERENCE,第五項（実用新案法第十一条,215,228
47,附　則　（平成二〇年四月一八日法律第一六号）　抄,1,第二条,LAW_REFERENCE,第一項において準用する場合を含む。）の規定は、この法律の施行の日以後にする特許出願又は実用新案登録出願について適用し、この法律の施行の日前にした特許出願又は実用新案登録出願については、なお従前の例による。 ３ 新特許法第四十四条,228,342
47,附　則　（平成二〇年四月一八日法律第一六号）　抄,1,第二条,LAW_REFERENCE,第一項第三号及び第六項の規定は、この法律の施行の日以後に拒絶をすべき旨の最初の査定の謄本が送達される特許出願であって、意匠法等の一部を改正する法律（平成十八年法律第五十五号。以下「平成十八年改正法」という。）の施行の日以後にしたものについて適用し、この法律の施行の日前に拒絶をすべき旨の最初の査定の謄本の送達があった特許出願又は平成十八年改正法の施行の日前にした特許出願については、なお従前の例による。 ４ 新特許法第四十六条,342,555
47,附　則　（平成二〇年四月一八日法律第一六号）　抄,1,第二条,LAW_REFERENCE,第二項及び第三項の規定は、この法律の施行の日以後に拒絶をすべき旨の最初の査定の謄本が送達される意匠登録出願について適用し、この法,555,619
47,附　則　（平成二〇年四月一八日法律第一六号）　抄,1,第二条,LAW_REFERENCE,第二号に掲げる規定の施行の日前に既に納付した特許料又は同日前に納付すべきであった特許料（同日前に特許法第百九条,677,732
47,附　則　（平成二〇年四月一八日法律第一六号）　抄,1,第二条,LAW_REFERENCE,の規定によりその納付が猶予されたものを含む。）については、新特許法第百七条,732,769
47,附　則　（平成二〇年四月一八日法律第一六号）　抄,1,第二条,LAW_REFERENCE,第一項の規定にかかわらず、なお従前の例による。 ６ 新特許法第百八十六条,769,805
47,附　則　（平成二〇年四月一八日法律第一六号）　抄,1,第二条,LAW_REFERENCE,の規定による改正後の実用新案法（以下「新実用新案法,812,837
47,附　則　（平成二〇年四月一八日法律第一六号）　抄,1,第二条,LAW_REFERENCE,の規定による改正後の工業所有権に関する手続等の特例に関する法,871,901
47,附　則　（平成二〇年四月一八日法律第一六号）　抄,1,第二条,LAW_REFERENCE,第三項において準用する場合を含む。）の規定は、この法,906,932
47,附　則　（平成二〇年四月一八日法律第一六号）　抄,1,第二条,ARTICLE_REFERENCE,第二条,0,3
47,附　則　（平成二〇年四月一八日法律第一六号）　抄,1,第二条,ARTICLE_REFERENCE,第二条,20,23
47,附　則　（平成二〇年四月一八日法律第一六号）　抄,1,第二条,ARTICLE_REFERENCE,第一条,24,27
47,附　則　（平成二〇年四月一八日法律第一六号）　抄,1,第二条,ARTICLE_REFERENCE,第十七条の二,54,60
47,附　則　（平成二〇年四月一八日法律第一六号）　抄,1,第二条,ARTICLE_REFERENCE,第一項,60,63
47,附　則　（平成二〇年四月一八日法律第一六号）　抄,1,第二条,ARTICLE_REFERENCE,第四号,63,66
47,附　則　（平成二〇年四月一八日法律第一六号）　抄,1,第二条,ARTICLE_REFERENCE,第百二十一条,67,73
47,附　則　（平成二〇年四月一八日法律第一六号）　抄,1,第二条,ARTICLE_REFERENCE,第一項,73,76
47,附　則　（平成二〇年四月一八日法律第一六号）　抄,1,第二条,ARTICLE_REFERENCE,第百六十二条,78,84
47,附　則　（平成二〇年四月一八日法律第一六号）　抄,1,第二条,ARTICLE_REFERENCE,第四十三条,210,215
47,附　則　（平成二〇年四月一八日法律第一六号）　抄,1,第二条,ARTICLE_REFERENCE,第五項,215,218
47,附　則　（平成二〇年四月一八日法律第一六号）　抄,1,第二条,ARTICLE_REFERENCE,第十一条,224,228
47,附　則　（平成二〇年四月一八日法律第一六号）　抄,1,第二条,ARTICLE_REFERENCE,第一項,228,231
47,附　則　（平成二〇年四月一八日法律第一六号）　抄,1,第二条,ARTICLE_REFERENCE,第四十四条,337,342
47,附　則　（平成二〇年四月一八日法律第一六号）　抄,1,第二条,ARTICLE_REFERENCE,第一項,342,345
47,附　則　（平成二〇年四月一八日法律第一六号）　抄,1,第二条,ARTICLE_REFERENCE,第三号,345,348
47,附　則　（平成二〇年四月一八日法律第一六号）　抄,1,第二条,ARTICLE_REFERENCE,第六項,350,353
47,附　則　（平成二〇年四月一八日法律第一六号）　抄,1,第二条,ARTICLE_REFERENCE,第五十五号,423,428
47,附　則　（平成二〇年四月一八日法律第一六号）　抄,1,第二条,ARTICLE_REFERENCE,第四十六条,550,555
47,附　則　（平成二〇年四月一八日法律第一六号）　抄,1,第二条,ARTICLE_REFERENCE,第二項,555,558
47,附　則　（平成二〇年四月一八日法律第一六号）　抄,1,第二条,ARTICLE_REFERENCE,第三項,560,563
47,附　則　（平成二〇年四月一八日法律第一六号）　抄,1,第二条,ARTICLE_REFERENCE,前条,675,677
47,附　則　（平成二〇年四月一八日法律第一六号）　抄,1,第二条,ARTICLE_REFERENCE,第二号,677,680
47,附　則　（平成二〇年四月一八日法律第一六号）　抄,1,第二条,ARTICLE_REFERENCE,第百九条,728,732
47,附　則　（平成二〇年四月一八日法律第一六号）　抄,1,第二条,ARTICLE_REFERENCE,第百七条,765,769
47,附　則　（平成二〇年四月一八日法律第一六号）　抄,1,第二条,ARTICLE_REFERENCE,第一項,769,772
47,附　則　（平成二〇年四月一八日法律第一六号）　抄,1,第二条,ARTICLE_REFERENCE,第百八十六条,799,805
47,附　則　（平成二〇年四月一八日法律第一六号）　抄,1,第二条,ARTICLE_REFERENCE,第三項,805,808
47,附　則　（平成二〇年四月一八日法律第一六号）　抄,1,第二条,ARTICLE_REFERENCE,第二条,809,812
47,附　則　（平成二〇年四月一八日法律第一六号）　抄,1,第二条,ARTICLE_REFERENCE,第五十五条,843,848
47,附　則　（平成二〇年四月一八日法律第一六号）　抄,1,第二条,ARTICLE_REFERENCE,第一項,848,851
47,附　則　（平成二〇年四月一八日法律第一六号）　抄,1,第二条,ARTICLE_REFERENCE,第五条,868,871
47,附　則　（平成二〇年四月一八日法律第一六号）　抄,1,第二条,ARTICLE_REFERENCE,第十二条,902,906
47,附　則　（平成二〇年四月一八日法律第一六号）　抄,1,第二条,ARTICLE_REFERENCE,第三項,906,909
47,附　則　（平成二〇年四月一八日法律第一六号）　抄,1,第二条,TIME_PERIOD,十八年,418,421
47,附　則　（平成二〇年四月一八日法律第一六号）　抄,1,第二条,TIME_PERIOD,十八年,434,437
47,附　則　（平成二〇年四月一八日法律第一六号）　抄,1,第二条,TIME_PERIOD,十八年,508,511
47,附　則　（平成二〇年四月一八日法律第一六号）　抄,1,第二条,PROCEDURE,審判,129,131
47,附　則　（平成二〇年四月一八日法律第一六号）　抄,1,第二条,PROCEDURE,請求,132,134
47,附　則　（平成二〇年四月一八日法律第一六号）　抄,1,第二条,PROCEDURE,審判,182,184
47,附　則　（平成二〇年四月一八日法律第一六号）　抄,1,第二条,PROCEDURE,請求,185,187
47,附　則　（平成二〇年四月一八日法律第一六号）　抄,1,第二条,PROCEDURE,出願,267,269
47,附　則　（平成二〇年四月一八日法律第一六号）　抄,1,第二条,PROCEDURE,登録,275,277
47,附　則　（平成二〇年四月一八日法律第一六号）　抄,1,第二条,PROCEDURE,出願,277,279
47,附　則　（平成二〇年四月一八日法律第一六号）　抄,1,第二条,PROCEDURE,出願,302,304
47,附　則　（平成二〇年四月一八日法律第一六号）　抄,1,第二条,PROCEDURE,登録,310,312
47,附　則　（平成二〇年四月一八日法律第一六号）　抄,1,第二条,PROCEDURE,出願,312,314
47,附　則　（平成二〇年四月一八日法律第一六号）　抄,1,第二条,PROCEDURE,出願,394,396
47,附　則　（平成二〇年四月一八日法律第一六号）　抄,1,第二条,PROCEDURE,意匠,401,403
47,附　則　（平成二〇年四月一八日法律第一六号）　抄,1,第二条,PROCEDURE,出願,502,504
47,附　則　（平成二〇年四月一八日法律第一六号）　抄,1,第二条,PROCEDURE,出願,525,527
47,附　則　（平成二〇年四月一八日法律第一六号）　抄,1,第二条,PROCEDURE,意匠,602,604
47,附　則　（平成二〇年四月一八日法律第一六号）　抄,1,第二条,PROCEDURE,登録,604,606
47,附　則　（平成二〇年四月一八日法律第一六号）　抄,1,第二条,PROCEDURE,出願,606,608
47,附　則　（平成二〇年四月一八日法律第一六号）　抄,1,第二条,PROCEDURE,意匠,650,652
47,附　則　（平成二〇年四月一八日法律第一六号）　抄,1,第二条,PROCEDURE,登録,652,654
47,附　則　（平成二〇年四月一八日法律第一六号）　抄,1,第二条,PROCEDURE,出願,654,656
47,附　則　（平成二〇年四月一八日法律第一六号）　抄,1,第二条,PROCEDURE,登録,940,942
47,附　則　（平成二〇年四月一八日法律第一六号）　抄,1,第二条,LEGAL_STATUS,拒絶,109,111
47,附　則　（平成二〇年四月一八日法律第一六号）　抄,1,第二条,LEGAL_STATUS,拒絶,123,125
47,附　則　（平成二〇年四月一八日法律第一六号）　抄,1,第二条,LEGAL_STATUS,拒絶,162,164
47,附　則　（平成二〇年四月一八日法律第一六号）　抄,1,第二条,LEGAL_STATUS,拒絶,176,178
47,附　則　（平成二〇年四月一八日法律第一六号）　抄,1,第二条,LEGAL_STATUS,拒絶,370,372
47,附　則　（平成二〇年四月一八日法律第一六号）　抄,1,第二条,LEGAL_STATUS,拒絶,477,479
47,附　則　（平成二〇年四月一八日法律第一六号）　抄,1,第二条,LEGAL_STATUS,拒絶,580,582
47,附　則　（平成二〇年四月一八日法律第一六号）　抄,1,第二条,LEGAL_STATUS,拒絶,627,629
47,附　則　（平成二〇年四月一八日法律第一六号）　抄,2,第六条,LAW_REFERENCE,政令,5,7
47,附　則　（平成二〇年四月一八日法律第一六号）　抄,2,第六条,LAW_REFERENCE,までに定めるもののほか、この法,26,41
47,附　則　（平成二〇年四月一八日法律第一六号）　抄,2,第六条,LAW_REFERENCE,政令,57,59
47,附　則　（平成二〇年四月一八日法律第一六号）　抄,2,第六条,ARTICLE_REFERENCE,第六条,0,3
47,附　則　（平成二〇年四月一八日法律第一六号）　抄,2,第六条,ARTICLE_REFERENCE,第六条,13,16
47,附　則　（平成二〇年四月一八日法律第一六号）　抄,2,第六条,ARTICLE_REFERENCE,附則,17,19
47,附　則　（平成二〇年四月一八日法律第一六号）　抄,2,第六条,ARTICLE_REFERENCE,第二条,19,22
47,附　則　（平成二〇年四月一八日法律第一六号）　抄,2,第六条,ARTICLE_REFERENCE,前条,24,26
47,附　則　（平成二〇年四月一八日法律第一六号）　抄,2,第六条,TIME_PERIOD,から,22,24
47,附　則　（平成二〇年四月一八日法律第一六号）　抄,2,第六条,TIME_PERIOD,まで,26,28
47,附　則　（平成二〇年四月一八日法律第一六号）　抄,3,第七条,LAW_REFERENCE,第二号に掲げる規定の施行後五年を経過した場合において、新特許法第百七条,22,57
47,附　則　（平成二〇年四月一八日法律第一六号）　抄,3,第七条,LAW_REFERENCE,第一項並びに新商標法第四十条,57,71
47,附　則　（平成二〇年四月一八日法律第一六号）　抄,3,第七条,ARTICLE_REFERENCE,第七条,0,3
47,附　則　（平成二〇年四月一八日法律第一六号）　抄,3,第七条,ARTICLE_REFERENCE,第七条,9,12
47,附　則　（平成二〇年四月一八日法律第一六号）　抄,3,第七条,ARTICLE_REFERENCE,附則,17,19
47,附　則　（平成二〇年四月一八日法律第一六号）　抄,3,第七条,ARTICLE_REFERENCE,第一条,19,22
47,附　則　（平成二〇年四月一八日法律第一六号）　抄,3,第七条,ARTICLE_REFERENCE,第二号,22,25
47,附　則　（平成二〇年四月一八日法律第一六号）　抄,3,第七条,ARTICLE_REFERENCE,第百七条,53,57
47,附　則　（平成二〇年四月一八日法律第一六号）　抄,3,第七条,ARTICLE_REFERENCE,第一項,57,60
47,附　則　（平成二〇年四月一八日法律第一六号）　抄,3,第七条,ARTICLE_REFERENCE,第四十条,67,71
47,附　則　（平成二〇年四月一八日法律第一六号）　抄,3,第七条,ARTICLE_REFERENCE,第一項,71,74
47,附　則　（平成二〇年四月一八日法律第一六号）　抄,3,第七条,ARTICLE_REFERENCE,第二項,76,79
47,附　則　（平成二〇年四月一八日法律第一六号）　抄,3,第七条,ARTICLE_REFERENCE,第四十一条の二,80,87
47,附　則　（平成二〇年四月一八日法律第一六号）　抄,3,第七条,ARTICLE_REFERENCE,第一項,87,90
47,附　則　（平成二〇年四月一八日法律第一六号）　抄,3,第七条,ARTICLE_REFERENCE,第二項,92,95
47,附　則　（平成二〇年四月一八日法律第一六号）　抄,3,第七条,ARTICLE_REFERENCE,第六十五条の七,96,103
47,附　則　（平成二〇年四月一八日法律第一六号）　抄,3,第七条,ARTICLE_REFERENCE,第一項,103,106
47,附　則　（平成二〇年四月一八日法律第一六号）　抄,3,第七条,ARTICLE_REFERENCE,第二項,108,111
47,附　則　（平成二〇年四月一八日法律第一六号）　抄,3,第七条,ARTICLE_REFERENCE,第六十八条の三十,114,122
47,附　則　（平成二〇年四月一八日法律第一六号）　抄,3,第七条,ARTICLE_REFERENCE,第一項,122,125
47,附　則　（平成二〇年四月一八日法律第一六号）　抄,3,第七条,ARTICLE_REFERENCE,各号,125,127
47,附　則　（平成二〇年四月一八日法律第一六号）　抄,3,第七条,ARTICLE_REFERENCE,第五項,129,132
47,附　則　（平成二〇年四月一八日法律第一六号）　抄,3,第七条,TIME_PERIOD,五年,35,37
47,附　則　（平成二〇年四月一八日法律第一六号）　抄,3,第七条,TIME_PERIOD,を経過,37,40
47,附　則　（平成二〇年四月一八日法律第一六号）　抄,3,第七条,PROCEDURE,商標,64,66
47,附　則　（平成二〇年四月一八日法律第一六号）　抄,4,第九条,LAW_REFERENCE,"
（昭和六十二年改正法",3,14
47,附　則　（平成二〇年四月一八日法律第一六号）　抄,4,第九条,LAW_REFERENCE,の規定による改正前の昭和六十二年改正法,55,74
47,附　則　（平成二〇年四月一八日法律第一六号）　抄,4,第九条,LAW_REFERENCE,の規定による改正前の特許法第百七条,101,118
47,附　則　（平成二〇年四月一八日法律第一六号）　抄,4,第九条,LAW_REFERENCE,第一項の規定により既に納付した特許料又は同日前に同項の規定により納付すべきであった特許料（同日前に特許法第百九条,118,174
47,附　則　（平成二〇年四月一八日法律第一六号）　抄,4,第九条,LAW_REFERENCE,の規定による改正後の昭和六十二年改正法,205,224
47,附　則　（平成二〇年四月一八日法律第一六号）　抄,4,第九条,LAW_REFERENCE,第三項の規定により読み替えて適用される新特許法第百七条,229,256
47,附　則　（平成二〇年四月一八日法律第一六号）　抄,4,第九条,ARTICLE_REFERENCE,第九条,0,3
47,附　則　（平成二〇年四月一八日法律第一六号）　抄,4,第九条,ARTICLE_REFERENCE,第九条,28,31
47,附　則　（平成二〇年四月一八日法律第一六号）　抄,4,第九条,ARTICLE_REFERENCE,附則,32,34
47,附　則　（平成二〇年四月一八日法律第一六号）　抄,4,第九条,ARTICLE_REFERENCE,第一条,34,37
47,附　則　（平成二〇年四月一八日法律第一六号）　抄,4,第九条,ARTICLE_REFERENCE,第二号,37,40
47,附　則　（平成二〇年四月一八日法律第一六号）　抄,4,第九条,ARTICLE_REFERENCE,前条,53,55
47,附　則　（平成二〇年四月一八日法律第一六号）　抄,4,第九条,ARTICLE_REFERENCE,附則,74,76
47,附　則　（平成二〇年四月一八日法律第一六号）　抄,4,第九条,ARTICLE_REFERENCE,第三条,76,79
47,附　則　（平成二〇年四月一八日法律第一六号）　抄,4,第九条,ARTICLE_REFERENCE,第三項,79,82
47,附　則　（平成二〇年四月一八日法律第一六号）　抄,4,第九条,ARTICLE_REFERENCE,第一条,98,101
47,附　則　（平成二〇年四月一八日法律第一六号）　抄,4,第九条,ARTICLE_REFERENCE,第百七条,114,118
47,附　則　（平成二〇年四月一八日法律第一六号）　抄,4,第九条,ARTICLE_REFERENCE,第一項,118,121
47,附　則　（平成二〇年四月一八日法律第一六号）　抄,4,第九条,ARTICLE_REFERENCE,同項,142,144
47,附　則　（平成二〇年四月一八日法律第一六号）　抄,4,第九条,ARTICLE_REFERENCE,第百九条,170,174
47,附　則　（平成二〇年四月一八日法律第一六号）　抄,4,第九条,ARTICLE_REFERENCE,前条,203,205
47,附　則　（平成二〇年四月一八日法律第一六号）　抄,4,第九条,ARTICLE_REFERENCE,附則,224,226
47,附　則　（平成二〇年四月一八日法律第一六号）　抄,4,第九条,ARTICLE_REFERENCE,第三条,226,229
47,附　則　（平成二〇年四月一八日法律第一六号）　抄,4,第九条,ARTICLE_REFERENCE,第三項,229,232
47,附　則　（平成二〇年四月一八日法律第一六号）　抄,4,第九条,ARTICLE_REFERENCE,第百七条,252,256
47,附　則　（平成二〇年四月一八日法律第一六号）　抄,4,第九条,ARTICLE_REFERENCE,第一項,256,259
47,附　則　（平成二〇年四月一八日法律第一六号）　抄,4,第九条,TIME_PERIOD,六十二年,7,11
47,附　則　（平成二〇年四月一八日法律第一六号）　抄,4,第九条,TIME_PERIOD,六十二年,67,71
47,附　則　（平成二〇年四月一八日法律第一六号）　抄,4,第九条,TIME_PERIOD,六十二年,217,221
48,附　則　（平成二三年六月八日法律第六三号）　抄,0,第一条,LAW_REFERENCE, この法,14,18
48,附　則　（平成二三年六月八日法律第六三号）　抄,0,第一条,LAW_REFERENCE,政令,45,47
48,附　則　（平成二三年六月八日法律第六三号）　抄,0,第一条,ARTICLE_REFERENCE,第一条,0,3
48,附　則　（平成二三年六月八日法律第六三号）　抄,0,第一条,ARTICLE_REFERENCE,第一条,11,14
48,附　則　（平成二三年六月八日法律第六三号）　抄,0,第一条,TIME_PERIOD,から,25,27
48,附　則　（平成二三年六月八日法律第六三号）　抄,0,第一条,TIME_PERIOD,一年,31,33
48,附　則　（平成二三年六月八日法律第六三号）　抄,0,第一条,TIME_PERIOD,から,52,54
48,附　則　（平成二三年六月八日法律第六三号）　抄,1,第二条,LAW_REFERENCE,"
（特許法",3,8
48,附　則　（平成二三年六月八日法律第六三号）　抄,1,第二条,LAW_REFERENCE,の規定による改正後の特許法（以下「新特許法,29,50
48,附　則　（平成二三年六月八日法律第六三号）　抄,1,第二条,LAW_REFERENCE,の規定は、次項に規定する場合を除き、この法律の施行の日以後にする特許出願に係る発明について適用し、この法律の施行の日前にした特許出願に係る発明については、なお従前の例による。 ２ この法律の施行の日以後にする特許出願が新特許法第四十一条,60,178
48,附　則　（平成二三年六月八日法律第六三号）　抄,1,第二条,LAW_REFERENCE,第一項の規定による優先権の主張を伴う場合であって、当該優先権の主張の基礎とされた同項に規定する先の出願がこの法律の施行の日前にされたものであるときは、当該特許出願に係る発明のうち、当該先の出願に係る発明については、新特許法第三十条,178,293
48,附　則　（平成二三年六月八日法律第六三号）　抄,1,第二条,LAW_REFERENCE,の規定にかかわらず、なお従前の例による。 ３ 新特許法第三十四条,293,325
48,附　則　（平成二三年六月八日法律第六三号）　抄,1,第二条,LAW_REFERENCE,の五の規定は、この法律の施行の際現に存する仮通常実施権にも適用する。 ４ 新特許法第三十四条,351,397
48,附　則　（平成二三年六月八日法律第六三号）　抄,1,第二条,LAW_REFERENCE,の三第五項の規定は、この法律の施行の日前に新特許法第四十一条,397,427
48,附　則　（平成二三年六月八日法律第六三号）　抄,1,第二条,LAW_REFERENCE,第一項の規定による優先権の主張があった場合については、適用しない。 ５ この法,427,466
48,附　則　（平成二三年六月八日法律第六三号）　抄,1,第二条,LAW_REFERENCE,の規定による改正前の特許法（以下「旧特許法,502,523
48,附　則　（平成二三年六月八日法律第六三号）　抄,1,第二条,LAW_REFERENCE,の五第二項の登録がされた場合における当該登録の第三者に対する効力については、なお従前の例による。 ６ 新特許法第三十六条,534,594
48,附　則　（平成二三年六月八日法律第六三号）　抄,1,第二条,LAW_REFERENCE,の二第四項及び第五項の規定は、この法律の施行の日前に旧特許法第三十六条,594,629
48,附　則　（平成二三年六月八日法律第六三号）　抄,1,第二条,LAW_REFERENCE,の二第三項の規定により取り下げられたものとみなされた特許出願には、適用しない。 ７ この法律の施行の際現に特許庁に係属している特許出願について登録した仮通常実施権を有する者がある場合には、当該特許出願の放棄若しくは取下げ又は当該特許出願を基礎とする新特許法第四十一条,629,762
48,附　則　（平成二三年六月八日法律第六三号）　抄,1,第二条,LAW_REFERENCE,第一項の規定による優先権の主張に係る承諾については、新特許法第三十八条,762,797
48,附　則　（平成二三年六月八日法律第六三号）　抄,1,第二条,LAW_REFERENCE,第一項ただし書の規定にかかわらず、なお従前の例による。 ８ 新特許法第三十九条,806,845
48,附　則　（平成二三年六月八日法律第六三号）　抄,1,第二条,LAW_REFERENCE,の規定は、この法律の施行の日以後にする特許出願又は実用新案登録出願について適用し、この法律の施行の日前にした特許出願又は実用新案登録出願については、なお従前の例による。 ９ 新特許法第四十九条,845,941
48,附　則　（平成二三年六月八日法律第六三号）　抄,1,第二条,LAW_REFERENCE,第一項第六号及び第二項の規定は、この法律の施行の日以後にする特許出願について適用し、この法律の施行の日前にした特許出願については、なお従前の例による。 １０ 新特許法第六十七条,966,1054
48,附　則　（平成二三年六月八日法律第六三号）　抄,1,第二条,LAW_REFERENCE,の二第一項の規定は、この法律の施行の日以後にする特許権の存続期間の延長登録の出願について適用し、この法律の施行の日前にした特許権の存続期間の延長登録の出願については、なお従前の例による。 １１ 新特許法第八十条,1067,1172
48,附　則　（平成二三年六月八日法律第六三号）　抄,1,第二条,LAW_REFERENCE,の規定は、この法律の施行の際現に存する通常実施権にも適用する。 １２ 新特許法第八十二条,1182,1226
48,附　則　（平成二三年六月八日法律第六三号）　抄,1,第二条,LAW_REFERENCE,第一項の規定は、この法律の施行の際現に存する意匠権又はその専用実施権についての通常実施権にも適用する。 １３ この法律の施行の日前に通常実施権の移転、変更、消滅若しくは処分の制限又は通常実施権を目的とする質権の設定、移転、変更、消滅若しくは処分の制限に係る旧特許法第九十九条,1226,1363
48,附　則　（平成二三年六月八日法律第六三号）　抄,1,第二条,LAW_REFERENCE,の規定による改正前の産業活力の再生及び産業活動の革新に関する特別措置法（以下「旧産活法,1373,1416
48,附　則　（平成二三年六月八日法律第六三号）　抄,1,第二条,LAW_REFERENCE,第二項の規定により旧特許法第九十九条,1427,1445
48,附　則　（平成二三年六月八日法律第六三号）　抄,1,第二条,LAW_REFERENCE,第三項の登録があったものとみなされた場合における当該登録を含む。）がされた場合における当該登録の第三者に対する効力については、なお従前の例による。 １４ この法律の施行の日前に、訴訟の完結した事件、第二審である高等裁判所又は地方裁判所における口頭弁論が終結した事件及び簡易裁判所の判決又は地方裁判所が第一審としてした判決に対して上告をする権利を留保して控訴をしない旨の合意をした事件については、新特許法第百四条,1445,1650
48,附　則　（平成二三年六月八日法律第六三号）　抄,1,第二条,LAW_REFERENCE,の三第一項の規定にかかわらず、なお従前の例による。 １５ 新特許法第百四条,1650,1687
48,附　則　（平成二三年六月八日法律第六三号）　抄,1,第二条,LAW_REFERENCE,の四の規定は、この法,1687,1697
48,附　則　（平成二三年六月八日法律第六三号）　抄,1,第二条,LAW_REFERENCE,第一号又は第三号に掲げる審決が確定したことの主張（裁判所法等の一部を改正する法律（平成十六年法,1824,1871
48,附　則　（平成二三年六月八日法律第六三号）　抄,1,第二条,LAW_REFERENCE,の規定による改正後の特許法（以下「平成十六年改正特許法,1881,1908
48,附　則　（平成二三年六月八日法律第六三号）　抄,1,第二条,LAW_REFERENCE,の三第一項の規定が適用される訴訟事件に係る再審の訴えにおけるものに限る。）及び新特許法第百四条,1918,1965
48,附　則　（平成二三年六月八日法律第六三号）　抄,1,第二条,LAW_REFERENCE,の四第二号に掲げる審決が確定したことの主張（新特許法第百四条,1965,1995
48,附　則　（平成二三年六月八日法律第六三号）　抄,1,第二条,LAW_REFERENCE,の三第一項の規定が適用される訴訟事件に係る再審の訴えにおけるものに限る。）について適用する。 １６ この法律の施行の日前に既に納付した特許料又は同日前に納付すべきであった特許料の減免又は猶予については、新特許法第百九条,1995,2104
48,附　則　（平成二三年六月八日法律第六三号）　抄,1,第二条,LAW_REFERENCE,の規定にかかわらず、なお従前の例による。 １７ 新特許法第百十二条,2104,2137
48,附　則　（平成二三年六月八日法律第六三号）　抄,1,第二条,LAW_REFERENCE,の二第一項の規定は、この法律の施行の日以後に新特許法第百十二条,2137,2168
48,附　則　（平成二三年六月八日法律第六三号）　抄,1,第二条,LAW_REFERENCE,第四項から第六項までの規定により消滅したもの又は初めから存在しなかったものとみなされた特許権について適用し、この法律の施行の日前に旧特許法第百十二条,2168,2242
48,附　則　（平成二三年六月八日法律第六三号）　抄,1,第二条,LAW_REFERENCE,第四項から第六項までの規定により消滅したもの又は初めから存在しなかったものとみなされた特許権については、なお従前の例による。 １８ この法律の施行の日前に請求された審判又は再審については、その審決が確定するまでは、なお従前の例による。 １９ この法律の施行の日前に請求された特許無効審判であって、その審決が確定していないものに係る特許についての訂正審判については、その審決が確定するまでは、なお従前の例による。 ２０ この法律の施行の日前に請求された審判の確定審決及びこの法律の施行の日以後に前項の規定によりなお従前の例により請求される訂正審判の確定審決に対する再審については、なお従前の例による。 ２１ この法律の施行の日前にした旧特許法第百二十六条,2242,2568
48,附　則　（平成二三年六月八日法律第六三号）　抄,1,第二条,LAW_REFERENCE,の二第一項の訂正（この法律の施行の日以後にする第十八項又は第十九項の規定によりなお従前の例によることとされるものを含む。）に係る特許の無効（旧特許法第百二十三条,2579,2659
48,附　則　（平成二三年六月八日法律第六三号）　抄,1,第二条,LAW_REFERENCE,第一項第八号に係るものに限る。）については、なお従前の例による。 ２２ 新特許法第百六十七条,2659,2705
48,附　則　（平成二三年六月八日法律第六三号）　抄,1,第二条,LAW_REFERENCE,の規定は、この法律の施行の日以後に確定審決の登録があった審判と同一の事実及び同一の証拠に基づく審判について適用し、この法律の施行の日前に確定審決の登録があった審判と同一の事実及び同一の証拠に基づく審判については、なお従前の例による。 ２３ 新特許法第百七十八条,2705,2835
48,附　則　（平成二三年六月八日法律第六三号）　抄,1,第二条,LAW_REFERENCE,の四の規定は、この法律の施行の日以後に請求された特許無効審判に係る新特許法第百三十三条,2846,2889
48,附　則　（平成二三年六月八日法律第六三号）　抄,1,第二条,LAW_REFERENCE,第三項の規定によりされる新特許法第百三十四条,2889,2911
48,附　則　（平成二三年六月八日法律第六三号）　抄,1,第二条,LAW_REFERENCE,の二第一項の訂正の請求書の却下の決定について適用し、この法律の施行の日前に請求された特許無効審判に係る旧特許法第百三十三条,2911,2972
48,附　則　（平成二三年六月八日法律第六三号）　抄,1,第二条,LAW_REFERENCE,第三項の規定によりされた旧特許法第百三十四条,2972,2994
48,附　則　（平成二三年六月八日法律第六三号）　抄,1,第二条,LAW_REFERENCE,の二第一項の訂正の請求書の却下の決定については、なお従前の例による。 ２４ 新特許法第百八十一条,2994,3042
48,附　則　（平成二三年六月八日法律第六三号）　抄,1,第二条,LAW_REFERENCE,の規定は、この法律の施行の日以後に請求される審判についての審決に対する訴えについて適用し、この法律の施行の日前に請求された審判についての審決に対する訴えについては、なお従前の例による。 ２５ 新特許法第百八十四条,3042,3148
48,附　則　（平成二三年六月八日法律第六三号）　抄,1,第二条,LAW_REFERENCE,の四第四項及び第五項の規定は、この法律の施行の日前に旧特許法第百八十四条,3148,3184
48,附　則　（平成二三年六月八日法律第六三号）　抄,1,第二条,LAW_REFERENCE,の四第三項の規定により取り下げられたものとみなされた国際特許出願には、適用しない。 ２６ この法律の施行の日前に登録された通常実施権又は仮通常実施権に係る情報であって旧特許法第百八十六条,3184,3277
48,附　則　（平成二三年六月八日法律第六三号）　抄,1,第二条,LAW_REFERENCE,第三項の規定により証明等を行わないものとされたものについての証明等については、新特許法第百八十六条,3277,3326
48,附　則　（平成二三年六月八日法律第六三号）　抄,1,第二条,LAW_REFERENCE,の規定にかかわらず、なお従前の例による。 ２７ 新特許法別表第十三号の規定は、この法律の施行の日以後に請求される特許無効審判に係る手数料について適用し、施行の日前に請求された特許無効審判に係る手数料については、旧特許法,3331,3440
48,附　則　（平成二三年六月八日法律第六三号）　抄,1,第二条,ARTICLE_REFERENCE,第二条,0,3
48,附　則　（平成二三年六月八日法律第六三号）　抄,1,第二条,ARTICLE_REFERENCE,第二条,22,25
48,附　則　（平成二三年六月八日法律第六三号）　抄,1,第二条,ARTICLE_REFERENCE,第一条,26,29
48,附　則　（平成二三年六月八日法律第六三号）　抄,1,第二条,ARTICLE_REFERENCE,第三十条,56,60
48,附　則　（平成二三年六月八日法律第六三号）　抄,1,第二条,ARTICLE_REFERENCE,次項,65,67
48,附　則　（平成二三年六月八日法律第六三号）　抄,1,第二条,ARTICLE_REFERENCE,第四十一条,173,178
48,附　則　（平成二三年六月八日法律第六三号）　抄,1,第二条,ARTICLE_REFERENCE,第一項,178,181
48,附　則　（平成二三年六月八日法律第六三号）　抄,1,第二条,ARTICLE_REFERENCE,同項,218,220
48,附　則　（平成二三年六月八日法律第六三号）　抄,1,第二条,ARTICLE_REFERENCE,第三十条,289,293
48,附　則　（平成二三年六月八日法律第六三号）　抄,1,第二条,ARTICLE_REFERENCE,第三十四条の三,320,327
48,附　則　（平成二三年六月八日法律第六三号）　抄,1,第二条,ARTICLE_REFERENCE,第二項,327,330
48,附　則　（平成二三年六月八日法律第六三号）　抄,1,第二条,ARTICLE_REFERENCE,第三項,331,334
48,附　則　（平成二三年六月八日法律第六三号）　抄,1,第二条,ARTICLE_REFERENCE,第六項,335,338
48,附　則　（平成二三年六月八日法律第六三号）　抄,1,第二条,ARTICLE_REFERENCE,第七項,340,343
48,附　則　（平成二三年六月八日法律第六三号）　抄,1,第二条,ARTICLE_REFERENCE,第三十四条の五,346,353
48,附　則　（平成二三年六月八日法律第六三号）　抄,1,第二条,ARTICLE_REFERENCE,第三十四条の三,392,399
48,附　則　（平成二三年六月八日法律第六三号）　抄,1,第二条,ARTICLE_REFERENCE,第五項,399,402
48,附　則　（平成二三年六月八日法律第六三号）　抄,1,第二条,ARTICLE_REFERENCE,第四十一条,422,427
48,附　則　（平成二三年六月八日法律第六三号）　抄,1,第二条,ARTICLE_REFERENCE,第一項,427,430
48,附　則　（平成二三年六月八日法律第六三号）　抄,1,第二条,ARTICLE_REFERENCE,第一条,499,502
48,附　則　（平成二三年六月八日法律第六三号）　抄,1,第二条,ARTICLE_REFERENCE,第三十四条の五,529,536
48,附　則　（平成二三年六月八日法律第六三号）　抄,1,第二条,ARTICLE_REFERENCE,第二項,536,539
48,附　則　（平成二三年六月八日法律第六三号）　抄,1,第二条,ARTICLE_REFERENCE,第三十六条の二,589,596
48,附　則　（平成二三年六月八日法律第六三号）　抄,1,第二条,ARTICLE_REFERENCE,第四項,596,599
48,附　則　（平成二三年六月八日法律第六三号）　抄,1,第二条,ARTICLE_REFERENCE,第五項,601,604
48,附　則　（平成二三年六月八日法律第六三号）　抄,1,第二条,ARTICLE_REFERENCE,第三十六条の二,624,631
48,附　則　（平成二三年六月八日法律第六三号）　抄,1,第二条,ARTICLE_REFERENCE,第三項,631,634
48,附　則　（平成二三年六月八日法律第六三号）　抄,1,第二条,ARTICLE_REFERENCE,第四十一条,757,762
48,附　則　（平成二三年六月八日法律第六三号）　抄,1,第二条,ARTICLE_REFERENCE,第一項,762,765
48,附　則　（平成二三年六月八日法律第六三号）　抄,1,第二条,ARTICLE_REFERENCE,第三十八条の二,792,799
48,附　則　（平成二三年六月八日法律第六三号）　抄,1,第二条,ARTICLE_REFERENCE,第四十一条,801,806
48,附　則　（平成二三年六月八日法律第六三号）　抄,1,第二条,ARTICLE_REFERENCE,第一項,806,809
48,附　則　（平成二三年六月八日法律第六三号）　抄,1,第二条,ARTICLE_REFERENCE,第三十九条,840,845
48,附　則　（平成二三年六月八日法律第六三号）　抄,1,第二条,ARTICLE_REFERENCE,第四十九条,936,941
48,附　則　（平成二三年六月八日法律第六三号）　抄,1,第二条,ARTICLE_REFERENCE,第七十四条,942,947
48,附　則　（平成二三年六月八日法律第六三号）　抄,1,第二条,ARTICLE_REFERENCE,第百四条の三,948,954
48,附　則　（平成二三年六月八日法律第六三号）　抄,1,第二条,ARTICLE_REFERENCE,第三項,954,957
48,附　則　（平成二三年六月八日法律第六三号）　抄,1,第二条,ARTICLE_REFERENCE,第百二十三条,960,966
48,附　則　（平成二三年六月八日法律第六三号）　抄,1,第二条,ARTICLE_REFERENCE,第一項,966,969
48,附　則　（平成二三年六月八日法律第六三号）　抄,1,第二条,ARTICLE_REFERENCE,第六号,969,972
48,附　則　（平成二三年六月八日法律第六三号）　抄,1,第二条,ARTICLE_REFERENCE,第二項,974,977
48,附　則　（平成二三年六月八日法律第六三号）　抄,1,第二条,ARTICLE_REFERENCE,第六十七条の三,1049,1056
48,附　則　（平成二三年六月八日法律第六三号）　抄,1,第二条,ARTICLE_REFERENCE,第一項,1056,1059
48,附　則　（平成二三年六月八日法律第六三号）　抄,1,第二条,ARTICLE_REFERENCE,第百二十五条の二,1061,1069
48,附　則　（平成二三年六月八日法律第六三号）　抄,1,第二条,ARTICLE_REFERENCE,第一項,1069,1072
48,附　則　（平成二三年六月八日法律第六三号）　抄,1,第二条,ARTICLE_REFERENCE,第八十条,1168,1172
48,附　則　（平成二三年六月八日法律第六三号）　抄,1,第二条,ARTICLE_REFERENCE,第一項,1172,1175
48,附　則　（平成二三年六月八日法律第六三号）　抄,1,第二条,ARTICLE_REFERENCE,第九十九条,1177,1182
48,附　則　（平成二三年六月八日法律第六三号）　抄,1,第二条,ARTICLE_REFERENCE,第八十二条,1221,1226
48,附　則　（平成二三年六月八日法律第六三号）　抄,1,第二条,ARTICLE_REFERENCE,第一項,1226,1229
48,附　則　（平成二三年六月八日法律第六三号）　抄,1,第二条,ARTICLE_REFERENCE,第九十九条,1358,1363
48,附　則　（平成二三年六月八日法律第六三号）　抄,1,第二条,ARTICLE_REFERENCE,第三項,1363,1366
48,附　則　（平成二三年六月八日法律第六三号）　抄,1,第二条,ARTICLE_REFERENCE,第七条,1370,1373
48,附　則　（平成二三年六月八日法律第六三号）　抄,1,第二条,ARTICLE_REFERENCE,第五十八条,1422,1427
48,附　則　（平成二三年六月八日法律第六三号）　抄,1,第二条,ARTICLE_REFERENCE,第二項,1427,1430
48,附　則　（平成二三年六月八日法律第六三号）　抄,1,第二条,ARTICLE_REFERENCE,第九十九条,1440,1445
48,附　則　（平成二三年六月八日法律第六三号）　抄,1,第二条,ARTICLE_REFERENCE,第三項,1445,1448
48,附　則　（平成二三年六月八日法律第六三号）　抄,1,第二条,ARTICLE_REFERENCE,第百四条の三,1646,1652
48,附　則　（平成二三年六月八日法律第六三号）　抄,1,第二条,ARTICLE_REFERENCE,第一項,1652,1655
48,附　則　（平成二三年六月八日法律第六三号）　抄,1,第二条,ARTICLE_REFERENCE,第百四条の四,1683,1689
48,附　則　（平成二三年六月八日法律第六三号）　抄,1,第二条,ARTICLE_REFERENCE,同条,1822,1824
48,附　則　（平成二三年六月八日法律第六三号）　抄,1,第二条,ARTICLE_REFERENCE,第一号,1824,1827
48,附　則　（平成二三年六月八日法律第六三号）　抄,1,第二条,ARTICLE_REFERENCE,第三号,1829,1832
48,附　則　（平成二三年六月八日法律第六三号）　抄,1,第二条,ARTICLE_REFERENCE,第百二十号,1872,1877
48,附　則　（平成二三年六月八日法律第六三号）　抄,1,第二条,ARTICLE_REFERENCE,第四条,1878,1881
48,附　則　（平成二三年六月八日法律第六三号）　抄,1,第二条,ARTICLE_REFERENCE,第百四条の三,1914,1920
48,附　則　（平成二三年六月八日法律第六三号）　抄,1,第二条,ARTICLE_REFERENCE,第一項,1920,1923
48,附　則　（平成二三年六月八日法律第六三号）　抄,1,第二条,ARTICLE_REFERENCE,第百四条の四,1961,1967
48,附　則　（平成二三年六月八日法律第六三号）　抄,1,第二条,ARTICLE_REFERENCE,第二号,1967,1970
48,附　則　（平成二三年六月八日法律第六三号）　抄,1,第二条,ARTICLE_REFERENCE,第百四条の三,1991,1997
48,附　則　（平成二三年六月八日法律第六三号）　抄,1,第二条,ARTICLE_REFERENCE,第一項,1997,2000
48,附　則　（平成二三年六月八日法律第六三号）　抄,1,第二条,ARTICLE_REFERENCE,第百九条,2100,2104
48,附　則　（平成二三年六月八日法律第六三号）　抄,1,第二条,ARTICLE_REFERENCE,第百十二条の二,2132,2139
48,附　則　（平成二三年六月八日法律第六三号）　抄,1,第二条,ARTICLE_REFERENCE,第一項,2139,2142
48,附　則　（平成二三年六月八日法律第六三号）　抄,1,第二条,ARTICLE_REFERENCE,第百十二条,2163,2168
48,附　則　（平成二三年六月八日法律第六三号）　抄,1,第二条,ARTICLE_REFERENCE,第四項,2168,2171
48,附　則　（平成二三年六月八日法律第六三号）　抄,1,第二条,ARTICLE_REFERENCE,第六項,2173,2176
48,附　則　（平成二三年六月八日法律第六三号）　抄,1,第二条,ARTICLE_REFERENCE,第百十二条,2237,2242
48,附　則　（平成二三年六月八日法律第六三号）　抄,1,第二条,ARTICLE_REFERENCE,第四項,2242,2245
48,附　則　（平成二三年六月八日法律第六三号）　抄,1,第二条,ARTICLE_REFERENCE,第六項,2247,2250
48,附　則　（平成二三年六月八日法律第六三号）　抄,1,第二条,ARTICLE_REFERENCE,前項,2488,2490
48,附　則　（平成二三年六月八日法律第六三号）　抄,1,第二条,ARTICLE_REFERENCE,第百二十六条,2562,2568
48,附　則　（平成二三年六月八日法律第六三号）　抄,1,第二条,ARTICLE_REFERENCE,第一項,2568,2571
48,附　則　（平成二三年六月八日法律第六三号）　抄,1,第二条,ARTICLE_REFERENCE,第百三十四条の二,2573,2581
48,附　則　（平成二三年六月八日法律第六三号）　抄,1,第二条,ARTICLE_REFERENCE,第一項,2581,2584
48,附　則　（平成二三年六月八日法律第六三号）　抄,1,第二条,ARTICLE_REFERENCE,第十八項,2602,2606
48,附　則　（平成二三年六月八日法律第六三号）　抄,1,第二条,ARTICLE_REFERENCE,第十九項,2608,2612
48,附　則　（平成二三年六月八日法律第六三号）　抄,1,第二条,ARTICLE_REFERENCE,第百二十三条,2653,2659
48,附　則　（平成二三年六月八日法律第六三号）　抄,1,第二条,ARTICLE_REFERENCE,第一項,2659,2662
48,附　則　（平成二三年六月八日法律第六三号）　抄,1,第二条,ARTICLE_REFERENCE,第八号,2662,2665
48,附　則　（平成二三年六月八日法律第六三号）　抄,1,第二条,ARTICLE_REFERENCE,第百六十七条,2699,2705
48,附　則　（平成二三年六月八日法律第六三号）　抄,1,第二条,ARTICLE_REFERENCE,第百七十八条,2829,2835
48,附　則　（平成二三年六月八日法律第六三号）　抄,1,第二条,ARTICLE_REFERENCE,第一項,2835,2838
48,附　則　（平成二三年六月八日法律第六三号）　抄,1,第二条,ARTICLE_REFERENCE,第百九十五条の四,2840,2848
48,附　則　（平成二三年六月八日法律第六三号）　抄,1,第二条,ARTICLE_REFERENCE,第百三十三条,2883,2889
48,附　則　（平成二三年六月八日法律第六三号）　抄,1,第二条,ARTICLE_REFERENCE,第三項,2889,2892
48,附　則　（平成二三年六月八日法律第六三号）　抄,1,第二条,ARTICLE_REFERENCE,第百三十四条の二,2905,2913
48,附　則　（平成二三年六月八日法律第六三号）　抄,1,第二条,ARTICLE_REFERENCE,第一項,2913,2916
48,附　則　（平成二三年六月八日法律第六三号）　抄,1,第二条,ARTICLE_REFERENCE,第百三十三条,2966,2972
48,附　則　（平成二三年六月八日法律第六三号）　抄,1,第二条,ARTICLE_REFERENCE,第三項,2972,2975
48,附　則　（平成二三年六月八日法律第六三号）　抄,1,第二条,ARTICLE_REFERENCE,第百三十四条の二,2988,2996
48,附　則　（平成二三年六月八日法律第六三号）　抄,1,第二条,ARTICLE_REFERENCE,第一項,2996,2999
48,附　則　（平成二三年六月八日法律第六三号）　抄,1,第二条,ARTICLE_REFERENCE,第百八十一条,3036,3042
48,附　則　（平成二三年六月八日法律第六三号）　抄,1,第二条,ARTICLE_REFERENCE,第百八十四条の四,3142,3150
48,附　則　（平成二三年六月八日法律第六三号）　抄,1,第二条,ARTICLE_REFERENCE,第四項,3150,3153
48,附　則　（平成二三年六月八日法律第六三号）　抄,1,第二条,ARTICLE_REFERENCE,第五項,3155,3158
48,附　則　（平成二三年六月八日法律第六三号）　抄,1,第二条,ARTICLE_REFERENCE,第百八十四条の四,3178,3186
48,附　則　（平成二三年六月八日法律第六三号）　抄,1,第二条,ARTICLE_REFERENCE,第三項,3186,3189
48,附　則　（平成二三年六月八日法律第六三号）　抄,1,第二条,ARTICLE_REFERENCE,第百八十六条,3271,3277
48,附　則　（平成二三年六月八日法律第六三号）　抄,1,第二条,ARTICLE_REFERENCE,第三項,3277,3280
48,附　則　（平成二三年六月八日法律第六三号）　抄,1,第二条,ARTICLE_REFERENCE,第百八十六条,3320,3326
48,附　則　（平成二三年六月八日法律第六三号）　抄,1,第二条,ARTICLE_REFERENCE,第一項,3326,3329
48,附　則　（平成二三年六月八日法律第六三号）　抄,1,第二条,ARTICLE_REFERENCE,第十三号,3361,3365
48,附　則　（平成二三年六月八日法律第六三号）　抄,1,第二条,ARTICLE_REFERENCE,第十三号,3442,3446
48,附　則　（平成二三年六月八日法律第六三号）　抄,1,第二条,TIME_PERIOD,十六年,1867,1870
48,附　則　（平成二三年六月八日法律第六三号）　抄,1,第二条,TIME_PERIOD,十六年,1900,1903
48,附　則　（平成二三年六月八日法律第六三号）　抄,1,第二条,TIME_PERIOD,から,2171,2173
48,附　則　（平成二三年六月八日法律第六三号）　抄,1,第二条,TIME_PERIOD,まで,2176,2178
48,附　則　（平成二三年六月八日法律第六三号）　抄,1,第二条,TIME_PERIOD,から,2194,2196
48,附　則　（平成二三年六月八日法律第六三号）　抄,1,第二条,TIME_PERIOD,から,2245,2247
48,附　則　（平成二三年六月八日法律第六三号）　抄,1,第二条,TIME_PERIOD,まで,2250,2252
48,附　則　（平成二三年六月八日法律第六三号）　抄,1,第二条,TIME_PERIOD,から,2268,2270
48,附　則　（平成二三年六月八日法律第六三号）　抄,1,第二条,TIME_PERIOD,まで,2345,2347
48,附　則　（平成二三年六月八日法律第六三号）　抄,1,第二条,TIME_PERIOD,まで,2433,2435
48,附　則　（平成二三年六月八日法律第六三号）　抄,1,第二条,MONEY_AMOUNT,手数料,3396,3399
48,附　則　（平成二三年六月八日法律第六三号）　抄,1,第二条,MONEY_AMOUNT,手数料,3427,3430
48,附　則　（平成二三年六月八日法律第六三号）　抄,1,第二条,ORGANIZATION,特許庁,682,685
48,附　則　（平成二三年六月八日法律第六三号）　抄,1,第二条,ORGANIZATION,高等裁判所,1550,1555
48,附　則　（平成二三年六月八日法律第六三号）　抄,1,第二条,ORGANIZATION,地方裁判所,1557,1562
48,附　則　（平成二三年六月八日法律第六三号）　抄,1,第二条,ORGANIZATION,地方裁判所,1589,1594
48,附　則　（平成二三年六月八日法律第六三号）　抄,1,第二条,PROCEDURE,出願,94,96
48,附　則　（平成二三年六月八日法律第六三号）　抄,1,第二条,PROCEDURE,発明,99,101
48,附　則　（平成二三年六月八日法律第六三号）　抄,1,第二条,PROCEDURE,出願,124,126
48,附　則　（平成二三年六月八日法律第六三号）　抄,1,第二条,PROCEDURE,発明,129,131
48,附　則　（平成二三年六月八日法律第六三号）　抄,1,第二条,PROCEDURE,出願,166,168
48,附　則　（平成二三年六月八日法律第六三号）　抄,1,第二条,PROCEDURE,出願,227,229
48,附　則　（平成二三年六月八日法律第六三号）　抄,1,第二条,PROCEDURE,出願,257,259
48,附　則　（平成二三年六月八日法律第六三号）　抄,1,第二条,PROCEDURE,発明,262,264
48,附　則　（平成二三年六月八日法律第六三号）　抄,1,第二条,PROCEDURE,出願,272,274
48,附　則　（平成二三年六月八日法律第六三号）　抄,1,第二条,PROCEDURE,発明,277,279
48,附　則　（平成二三年六月八日法律第六三号）　抄,1,第二条,PROCEDURE,登録,540,542
48,附　則　（平成二三年六月八日法律第六三号）　抄,1,第二条,PROCEDURE,登録,554,556
48,附　則　（平成二三年六月八日法律第六三号）　抄,1,第二条,PROCEDURE,出願,657,659
48,附　則　（平成二三年六月八日法律第六三号）　抄,1,第二条,PROCEDURE,出願,694,696
48,附　則　（平成二三年六月八日法律第六三号）　抄,1,第二条,PROCEDURE,登録,700,702
48,附　則　（平成二三年六月八日法律第六三号）　抄,1,第二条,PROCEDURE,出願,727,729
48,附　則　（平成二三年六月八日法律第六三号）　抄,1,第二条,PROCEDURE,出願,745,747
48,附　則　（平成二三年六月八日法律第六三号）　抄,1,第二条,PROCEDURE,出願,866,868
48,附　則　（平成二三年六月八日法律第六三号）　抄,1,第二条,PROCEDURE,登録,874,876
48,附　則　（平成二三年六月八日法律第六三号）　抄,1,第二条,PROCEDURE,出願,876,878
48,附　則　（平成二三年六月八日法律第六三号）　抄,1,第二条,PROCEDURE,出願,901,903
48,附　則　（平成二三年六月八日法律第六三号）　抄,1,第二条,PROCEDURE,登録,909,911
48,附　則　（平成二三年六月八日法律第六三号）　抄,1,第二条,PROCEDURE,出願,911,913
48,附　則　（平成二三年六月八日法律第六三号）　抄,1,第二条,PROCEDURE,出願,998,1000
48,附　則　（平成二三年六月八日法律第六三号）　抄,1,第二条,PROCEDURE,出願,1023,1025
48,附　則　（平成二三年六月八日法律第六三号）　抄,1,第二条,PROCEDURE,特許権,1091,1094
48,附　則　（平成二三年六月八日法律第六三号）　抄,1,第二条,PROCEDURE,登録,1102,1104
48,附　則　（平成二三年六月八日法律第六三号）　抄,1,第二条,PROCEDURE,出願,1105,1107
48,附　則　（平成二三年六月八日法律第六三号）　抄,1,第二条,PROCEDURE,特許権,1128,1131
48,附　則　（平成二三年六月八日法律第六三号）　抄,1,第二条,PROCEDURE,登録,1139,1141
48,附　則　（平成二三年六月八日法律第六三号）　抄,1,第二条,PROCEDURE,出願,1142,1144
48,附　則　（平成二三年六月八日法律第六三号）　抄,1,第二条,PROCEDURE,意匠権,1248,1251
48,附　則　（平成二三年六月八日法律第六三号）　抄,1,第二条,PROCEDURE,登録,1367,1369
48,附　則　（平成二三年六月八日法律第六三号）　抄,1,第二条,PROCEDURE,登録,1449,1451
48,附　則　（平成二三年六月八日法律第六三号）　抄,1,第二条,PROCEDURE,登録,1471,1473
48,附　則　（平成二三年六月八日法律第六三号）　抄,1,第二条,PROCEDURE,登録,1490,1492
48,附　則　（平成二三年六月八日法律第六三号）　抄,1,第二条,PROCEDURE,再審,1711,1713
48,附　則　（平成二三年六月八日法律第六三号）　抄,1,第二条,PROCEDURE,請求,1747,1749
48,附　則　（平成二三年六月八日法律第六三号）　抄,1,第二条,PROCEDURE,請求,1798,1800
48,附　則　（平成二三年六月八日法律第六三号）　抄,1,第二条,PROCEDURE,再審,1939,1941
48,附　則　（平成二三年六月八日法律第六三号）　抄,1,第二条,PROCEDURE,再審,2016,2018
48,附　則　（平成二三年六月八日法律第六三号）　抄,1,第二条,PROCEDURE,特許権,2211,2214
48,附　則　（平成二三年六月八日法律第六三号）　抄,1,第二条,PROCEDURE,特許権,2285,2288
48,附　則　（平成二三年六月八日法律第六三号）　抄,1,第二条,PROCEDURE,請求,2319,2321
48,附　則　（平成二三年六月八日法律第六三号）　抄,1,第二条,PROCEDURE,審判,2324,2326
48,附　則　（平成二三年六月八日法律第六三号）　抄,1,第二条,PROCEDURE,再審,2328,2330
48,附　則　（平成二三年六月八日法律第六三号）　抄,1,第二条,PROCEDURE,請求,2374,2376
48,附　則　（平成二三年六月八日法律第六三号）　抄,1,第二条,PROCEDURE,無効審判,2381,2385
48,附　則　（平成二三年六月八日法律第六三号）　抄,1,第二条,PROCEDURE,審判,2416,2418
48,附　則　（平成二三年六月八日法律第六三号）　抄,1,第二条,PROCEDURE,請求,2462,2464
48,附　則　（平成二三年六月八日法律第六三号）　抄,1,第二条,PROCEDURE,審判,2467,2469
48,附　則　（平成二三年六月八日法律第六三号）　抄,1,第二条,PROCEDURE,請求,2505,2507
48,附　則　（平成二三年六月八日法律第六三号）　抄,1,第二条,PROCEDURE,審判,2512,2514
48,附　則　（平成二三年六月八日法律第六三号）　抄,1,第二条,PROCEDURE,再審,2523,2525
48,附　則　（平成二三年六月八日法律第六三号）　抄,1,第二条,PROCEDURE,登録,2727,2729
48,附　則　（平成二三年六月八日法律第六三号）　抄,1,第二条,PROCEDURE,審判,2733,2735
48,附　則　（平成二三年六月八日法律第六三号）　抄,1,第二条,PROCEDURE,審判,2752,2754
48,附　則　（平成二三年六月八日法律第六三号）　抄,1,第二条,PROCEDURE,登録,2778,2780
48,附　則　（平成二三年六月八日法律第六三号）　抄,1,第二条,PROCEDURE,審判,2784,2786
48,附　則　（平成二三年六月八日法律第六三号）　抄,1,第二条,PROCEDURE,審判,2803,2805
48,附　則　（平成二三年六月八日法律第六三号）　抄,1,第二条,PROCEDURE,請求,2865,2867
48,附　則　（平成二三年六月八日法律第六三号）　抄,1,第二条,PROCEDURE,無効審判,2872,2876
48,附　則　（平成二三年六月八日法律第六三号）　抄,1,第二条,PROCEDURE,請求,2920,2922
48,附　則　（平成二三年六月八日法律第六三号）　抄,1,第二条,PROCEDURE,請求,2948,2950
48,附　則　（平成二三年六月八日法律第六三号）　抄,1,第二条,PROCEDURE,無効審判,2955,2959
48,附　則　（平成二三年六月八日法律第六三号）　抄,1,第二条,PROCEDURE,請求,3003,3005
48,附　則　（平成二三年六月八日法律第六三号）　抄,1,第二条,PROCEDURE,請求,3059,3061
48,附　則　（平成二三年六月八日法律第六三号）　抄,1,第二条,PROCEDURE,審判,3064,3066
48,附　則　（平成二三年六月八日法律第六三号）　抄,1,第二条,PROCEDURE,請求,3098,3100
48,附　則　（平成二三年六月八日法律第六三号）　抄,1,第二条,PROCEDURE,審判,3103,3105
48,附　則　（平成二三年六月八日法律第六三号）　抄,1,第二条,PROCEDURE,出願,3214,3216
48,附　則　（平成二三年六月八日法律第六三号）　抄,1,第二条,PROCEDURE,登録,3240,3242
48,附　則　（平成二三年六月八日法律第六三号）　抄,1,第二条,PROCEDURE,請求,3382,3384
48,附　則　（平成二三年六月八日法律第六三号）　抄,1,第二条,PROCEDURE,無効審判,3389,3393
48,附　則　（平成二三年六月八日法律第六三号）　抄,1,第二条,PROCEDURE,請求,3413,3415
48,附　則　（平成二三年六月八日法律第六三号）　抄,1,第二条,PROCEDURE,無効審判,3420,3424
48,附　則　（平成二三年六月八日法律第六三号）　抄,1,第二条,LEGAL_STATUS,効力,564,566
48,附　則　（平成二三年六月八日法律第六三号）　抄,1,第二条,LEGAL_STATUS,効力,1500,1502
48,附　則　（平成二三年六月八日法律第六三号）　抄,1,第二条,LEGAL_STATUS,権利,1614,1616
48,附　則　（平成二三年六月八日法律第六三号）　抄,1,第二条,LEGAL_STATUS,損害,1742,1744
48,附　則　（平成二三年六月八日法律第六三号）　抄,1,第二条,LEGAL_STATUS,損害,1785,1787
48,附　則　（平成二三年六月八日法律第六三号）　抄,1,第二条,LEGAL_STATUS,無効,2381,2383
48,附　則　（平成二三年六月八日法律第六三号）　抄,1,第二条,LEGAL_STATUS,無効,2646,2648
48,附　則　（平成二三年六月八日法律第六三号）　抄,1,第二条,LEGAL_STATUS,無効,2872,2874
48,附　則　（平成二三年六月八日法律第六三号）　抄,1,第二条,LEGAL_STATUS,却下,2924,2926
48,附　則　（平成二三年六月八日法律第六三号）　抄,1,第二条,LEGAL_STATUS,無効,2955,2957
48,附　則　（平成二三年六月八日法律第六三号）　抄,1,第二条,LEGAL_STATUS,却下,3007,3009
48,附　則　（平成二三年六月八日法律第六三号）　抄,1,第二条,LEGAL_STATUS,無効,3389,3391
48,附　則　（平成二三年六月八日法律第六三号）　抄,1,第二条,LEGAL_STATUS,無効,3420,3422
48,附　則　（平成二三年六月八日法律第六三号）　抄,1,第二条,LEGAL_STATUS,効力,3455,3457
48,附　則　（平成二三年六月八日法律第六三号）　抄,2,第十一条,LAW_REFERENCE,政令,6,8
48,附　則　（平成二三年六月八日法律第六三号）　抄,2,第十一条,LAW_REFERENCE,までに定めるもののほか、この法,28,43
48,附　則　（平成二三年六月八日法律第六三号）　抄,2,第十一条,LAW_REFERENCE,政令,59,61
48,附　則　（平成二三年六月八日法律第六三号）　抄,2,第十一条,ARTICLE_REFERENCE,第十一条,0,4
48,附　則　（平成二三年六月八日法律第六三号）　抄,2,第十一条,ARTICLE_REFERENCE,第十一条,14,18
48,附　則　（平成二三年六月八日法律第六三号）　抄,2,第十一条,ARTICLE_REFERENCE,附則,19,21
48,附　則　（平成二三年六月八日法律第六三号）　抄,2,第十一条,ARTICLE_REFERENCE,第二条,21,24
48,附　則　（平成二三年六月八日法律第六三号）　抄,2,第十一条,ARTICLE_REFERENCE,前条,26,28
48,附　則　（平成二三年六月八日法律第六三号）　抄,2,第十一条,TIME_PERIOD,から,24,26
48,附　則　（平成二三年六月八日法律第六三号）　抄,2,第十一条,TIME_PERIOD,まで,28,30
49,附　則　（平成二三年六月二四日法律第七四号）　抄,0,第一条,LAW_REFERENCE, この法,14,18
49,附　則　（平成二三年六月二四日法律第七四号）　抄,0,第一条,LAW_REFERENCE,の規定 不正競争防止法の一部を改正する法律（平成二十三年法,98,127
49,附　則　（平成二三年六月二四日法律第七四号）　抄,0,第一条,LAW_REFERENCE,において「不正競争防止法一部改正法,145,162
49,附　則　（平成二三年六月二四日法律第七四号）　抄,0,第一条,ARTICLE_REFERENCE,第一条,0,3
49,附　則　（平成二三年六月二四日法律第七四号）　抄,0,第一条,ARTICLE_REFERENCE,第一条,11,14
49,附　則　（平成二三年六月二四日法律第七四号）　抄,0,第一条,ARTICLE_REFERENCE,各号,53,55
49,附　則　（平成二三年六月二四日法律第七四号）　抄,0,第一条,ARTICLE_REFERENCE,各号,65,67
49,附　則　（平成二三年六月二四日法律第七四号）　抄,0,第一条,ARTICLE_REFERENCE,附則,91,93
49,附　則　（平成二三年六月二四日法律第七四号）　抄,0,第一条,ARTICLE_REFERENCE,第六十二条,93,98
49,附　則　（平成二三年六月二四日法律第七四号）　抄,0,第一条,ARTICLE_REFERENCE,第六十二号,128,133
49,附　則　（平成二三年六月二四日法律第七四号）　抄,0,第一条,ARTICLE_REFERENCE,同条,134,136
49,附　則　（平成二三年六月二四日法律第七四号）　抄,0,第一条,ARTICLE_REFERENCE,附則,138,140
49,附　則　（平成二三年六月二四日法律第七四号）　抄,0,第一条,ARTICLE_REFERENCE,第六十三条,140,145
49,附　則　（平成二三年六月二四日法律第七四号）　抄,0,第一条,TIME_PERIOD,から,25,27
49,附　則　（平成二三年六月二四日法律第七四号）　抄,0,第一条,TIME_PERIOD,二十日,31,34
49,附　則　（平成二三年六月二四日法律第七四号）　抄,0,第一条,TIME_PERIOD,を経過,34,37
49,附　則　（平成二三年六月二四日法律第七四号）　抄,0,第一条,TIME_PERIOD,から,40,42
49,附　則　（平成二三年六月二四日法律第七四号）　抄,0,第一条,TIME_PERIOD,から,72,74
49,附　則　（平成二三年六月二四日法律第七四号）　抄,0,第一条,TIME_PERIOD,から,81,83
49,附　則　（平成二三年六月二四日法律第七四号）　抄,0,第一条,TIME_PERIOD,まで,84,86
49,附　則　（平成二三年六月二四日法律第七四号）　抄,0,第一条,TIME_PERIOD,二十三年,122,126
50,附　則　（平成二四年五月八日法律第三〇号）　抄,0,第一条,LAW_REFERENCE, この法,14,18
50,附　則　（平成二四年五月八日法律第三〇号）　抄,0,第一条,LAW_REFERENCE,政令,45,47
50,附　則　（平成二四年五月八日法律第三〇号）　抄,0,第一条,LAW_REFERENCE,の規定（郵政民営化法,66,76
50,附　則　（平成二四年五月八日法律第三〇号）　抄,0,第一条,LAW_REFERENCE,）／ 第二節 設立に関する郵便事業株式会社法,113,135
50,附　則　（平成二四年五月八日法律第三〇号）　抄,0,第一条,LAW_REFERENCE,）／第七章 郵便局株式会社／」を「／第六章 削除／第七章 日本郵便株式会社／」に改める改正規定、同法第十九条,185,239
50,附　則　（平成二四年五月八日法律第三〇号）　抄,0,第一条,LAW_REFERENCE,第一号並びに第六章の改正規定、同法中「第七章 郵便局株式会社」を「第七章 日本郵便株式会社」に改める改正規定、同法第七十九条,262,324
50,附　則　（平成二四年五月八日法律第三〇号）　抄,0,第一条,LAW_REFERENCE,第一項の改正規定、同法第九十条,337,352
50,附　則　（平成二四年五月八日法律第三〇号）　抄,0,第一条,LAW_REFERENCE,までの改正規定、同法第百五条,359,373
50,附　則　（平成二四年五月八日法律第三〇号）　抄,0,第一条,LAW_REFERENCE,第一項第二号ホの改正規定、同法第百十条,388,407
50,附　則　（平成二四年五月八日法律第三〇号）　抄,0,第一条,LAW_REFERENCE,を加える改正規定、同法第百三十五条,412,429
50,附　則　（平成二四年五月八日法律第三〇号）　抄,0,第一条,LAW_REFERENCE,第二項第四号の改正規定、同法第百三十八条,446,466
50,附　則　（平成二四年五月八日法律第三〇号）　抄,0,第一条,LAW_REFERENCE,を加える改正規定、同法第十一章に一節を加える改正規定（第百七十六条,471,504
50,附　則　（平成二四年五月八日法律第三〇号）　抄,0,第一条,LAW_REFERENCE,の五に係る部分に限る。）、同法第百八十条,504,524
50,附　則　（平成二四年五月八日法律第三〇号）　抄,0,第一条,LAW_REFERENCE,の改正規定（第十二号を削る部分を除く。）並びに同法,544,569
50,附　則　（平成二四年五月八日法律第三〇号）　抄,0,第一条,LAW_REFERENCE,のうち日本郵政株式会社法,591,603
50,附　則　（平成二四年五月八日法律第三〇号）　抄,0,第一条,LAW_REFERENCE,の規定（郵政民営化法等の施行に伴う関係法律の整備等に関する法律（平成十七年法,681,719
50,附　則　（平成二四年五月八日法律第三〇号）　抄,0,第一条,LAW_REFERENCE,中総務省設置法（平成十一年法,845,859
50,附　則　（平成二四年五月八日法律第三〇号）　抄,0,第一条,ARTICLE_REFERENCE,第一条,0,3
50,附　則　（平成二四年五月八日法律第三〇号）　抄,0,第一条,ARTICLE_REFERENCE,第一条,11,14
50,附　則　（平成二四年五月八日法律第三〇号）　抄,0,第一条,ARTICLE_REFERENCE,第一条,63,66
50,附　則　（平成二四年五月八日法律第三〇号）　抄,0,第一条,ARTICLE_REFERENCE,第六章,81,84
50,附　則　（平成二四年五月八日法律第三〇号）　抄,0,第一条,ARTICLE_REFERENCE,第一節,95,98
50,附　則　（平成二四年五月八日法律第三〇号）　抄,0,第一条,ARTICLE_REFERENCE,第七十条,103,107
50,附　則　（平成二四年五月八日法律第三〇号）　抄,0,第一条,ARTICLE_REFERENCE,第七十二条,108,113
50,附　則　（平成二四年五月八日法律第三〇号）　抄,0,第一条,ARTICLE_REFERENCE,第二節,116,119
50,附　則　（平成二四年五月八日法律第三〇号）　抄,0,第一条,ARTICLE_REFERENCE,第七十三条,140,145
50,附　則　（平成二四年五月八日法律第三〇号）　抄,0,第一条,ARTICLE_REFERENCE,第七十四条,146,151
50,附　則　（平成二四年五月八日法律第三〇号）　抄,0,第一条,ARTICLE_REFERENCE,第三節,154,157
50,附　則　（平成二四年五月八日法律第三〇号）　抄,0,第一条,ARTICLE_REFERENCE,第七十五条,174,179
50,附　則　（平成二四年五月八日法律第三〇号）　抄,0,第一条,ARTICLE_REFERENCE,第七十八条,180,185
50,附　則　（平成二四年五月八日法律第三〇号）　抄,0,第一条,ARTICLE_REFERENCE,第七章,187,190
50,附　則　（平成二四年五月八日法律第三〇号）　抄,0,第一条,ARTICLE_REFERENCE,第六章,203,206
50,附　則　（平成二四年五月八日法律第三〇号）　抄,0,第一条,ARTICLE_REFERENCE,第七章,210,213
50,附　則　（平成二四年五月八日法律第三〇号）　抄,0,第一条,ARTICLE_REFERENCE,第十九条,235,239
50,附　則　（平成二四年五月八日法律第三〇号）　抄,0,第一条,ARTICLE_REFERENCE,第一項,239,242
50,附　則　（平成二四年五月八日法律第三〇号）　抄,0,第一条,ARTICLE_REFERENCE,第一号,242,245
50,附　則　（平成二四年五月八日法律第三〇号）　抄,0,第一条,ARTICLE_REFERENCE,第二号,247,250
50,附　則　（平成二四年五月八日法律第三〇号）　抄,0,第一条,ARTICLE_REFERENCE,第二十六条,251,256
50,附　則　（平成二四年五月八日法律第三〇号）　抄,0,第一条,ARTICLE_REFERENCE,第六十一条,257,262
50,附　則　（平成二四年五月八日法律第三〇号）　抄,0,第一条,ARTICLE_REFERENCE,第一号,262,265
50,附　則　（平成二四年五月八日法律第三〇号）　抄,0,第一条,ARTICLE_REFERENCE,第六章,268,271
50,附　則　（平成二四年五月八日法律第三〇号）　抄,0,第一条,ARTICLE_REFERENCE,第七章,281,284
50,附　則　（平成二四年五月八日法律第三〇号）　抄,0,第一条,ARTICLE_REFERENCE,第七章,295,298
50,附　則　（平成二四年五月八日法律第三〇号）　抄,0,第一条,ARTICLE_REFERENCE,第七十九条,319,324
50,附　則　（平成二四年五月八日法律第三〇号）　抄,0,第一条,ARTICLE_REFERENCE,第三項,324,327
50,附　則　（平成二四年五月八日法律第三〇号）　抄,0,第一条,ARTICLE_REFERENCE,第二号,327,330
50,附　則　（平成二四年五月八日法律第三〇号）　抄,0,第一条,ARTICLE_REFERENCE,第八十三条,332,337
50,附　則　（平成二四年五月八日法律第三〇号）　抄,0,第一条,ARTICLE_REFERENCE,第一項,337,340
50,附　則　（平成二四年五月八日法律第三〇号）　抄,0,第一条,ARTICLE_REFERENCE,第九十条,348,352
50,附　則　（平成二四年五月八日法律第三〇号）　抄,0,第一条,ARTICLE_REFERENCE,第九十三条,354,359
50,附　則　（平成二四年五月八日法律第三〇号）　抄,0,第一条,ARTICLE_REFERENCE,第百五条,369,373
50,附　則　（平成二四年五月八日法律第三〇号）　抄,0,第一条,ARTICLE_REFERENCE,第一項,373,376
50,附　則　（平成二四年五月八日法律第三〇号）　抄,0,第一条,ARTICLE_REFERENCE,同項,377,379
50,附　則　（平成二四年五月八日法律第三〇号）　抄,0,第一条,ARTICLE_REFERENCE,第二号,379,382
50,附　則　（平成二四年五月八日法律第三〇号）　抄,0,第一条,ARTICLE_REFERENCE,第百十条,384,388
50,附　則　（平成二四年五月八日法律第三〇号）　抄,0,第一条,ARTICLE_REFERENCE,第一項,388,391
50,附　則　（平成二四年五月八日法律第三〇号）　抄,0,第一条,ARTICLE_REFERENCE,第二号,391,394
50,附　則　（平成二四年五月八日法律第三〇号）　抄,0,第一条,ARTICLE_REFERENCE,第百十条,403,407
50,附　則　（平成二四年五月八日法律第三〇号）　抄,0,第一条,ARTICLE_REFERENCE,第百三十五条,423,429
50,附　則　（平成二四年五月八日法律第三〇号）　抄,0,第一条,ARTICLE_REFERENCE,第一項,429,432
50,附　則　（平成二四年五月八日法律第三〇号）　抄,0,第一条,ARTICLE_REFERENCE,同項,433,435
50,附　則　（平成二四年五月八日法律第三〇号）　抄,0,第一条,ARTICLE_REFERENCE,第二号,435,438
50,附　則　（平成二四年五月八日法律第三〇号）　抄,0,第一条,ARTICLE_REFERENCE,第百三十八条,440,446
50,附　則　（平成二四年五月八日法律第三〇号）　抄,0,第一条,ARTICLE_REFERENCE,第二項,446,449
50,附　則　（平成二四年五月八日法律第三〇号）　抄,0,第一条,ARTICLE_REFERENCE,第四号,449,452
50,附　則　（平成二四年五月八日法律第三〇号）　抄,0,第一条,ARTICLE_REFERENCE,第百三十八条,460,466
50,附　則　（平成二四年五月八日法律第三〇号）　抄,0,第一条,ARTICLE_REFERENCE,第十一章,482,486
50,附　則　（平成二四年五月八日法律第三〇号）　抄,0,第一条,ARTICLE_REFERENCE,第百七十六条の五,498,506
50,附　則　（平成二四年五月八日法律第三〇号）　抄,0,第一条,ARTICLE_REFERENCE,第百八十条,519,524
50,附　則　（平成二四年五月八日法律第三〇号）　抄,0,第一条,ARTICLE_REFERENCE,第一項,524,527
50,附　則　（平成二四年五月八日法律第三〇号）　抄,0,第一条,ARTICLE_REFERENCE,第一号,527,530
50,附　則　（平成二四年五月八日法律第三〇号）　抄,0,第一条,ARTICLE_REFERENCE,第二号,532,535
50,附　則　（平成二四年五月八日法律第三〇号）　抄,0,第一条,ARTICLE_REFERENCE,第百九十六条,538,544
50,附　則　（平成二四年五月八日法律第三〇号）　抄,0,第一条,ARTICLE_REFERENCE,第十二号,550,554
50,附　則　（平成二四年五月八日法律第三〇号）　抄,0,第一条,ARTICLE_REFERENCE,附則,569,571
50,附　則　（平成二四年五月八日法律第三〇号）　抄,0,第一条,ARTICLE_REFERENCE,第二条,571,574
50,附　則　（平成二四年五月八日法律第三〇号）　抄,0,第一条,ARTICLE_REFERENCE,第二号,574,577
50,附　則　（平成二四年五月八日法律第三〇号）　抄,0,第一条,ARTICLE_REFERENCE,第二条,588,591
50,附　則　（平成二四年五月八日法律第三〇号）　抄,0,第一条,ARTICLE_REFERENCE,附則,603,605
50,附　則　（平成二四年五月八日法律第三〇号）　抄,0,第一条,ARTICLE_REFERENCE,第二条,605,608
50,附　則　（平成二四年五月八日法律第三〇号）　抄,0,第一条,ARTICLE_REFERENCE,第三条,610,613
50,附　則　（平成二四年五月八日法律第三〇号）　抄,0,第一条,ARTICLE_REFERENCE,第五条,619,622
50,附　則　（平成二四年五月八日法律第三〇号）　抄,0,第一条,ARTICLE_REFERENCE,第二号,623,626
50,附　則　（平成二四年五月八日法律第三〇号）　抄,0,第一条,ARTICLE_REFERENCE,次条,640,642
50,附　則　（平成二四年五月八日法律第三〇号）　抄,0,第一条,ARTICLE_REFERENCE,附則,646,648
50,附　則　（平成二四年五月八日法律第三〇号）　抄,0,第一条,ARTICLE_REFERENCE,第四条,648,651
50,附　則　（平成二四年五月八日法律第三〇号）　抄,0,第一条,ARTICLE_REFERENCE,第六条,652,655
50,附　則　（平成二四年五月八日法律第三〇号）　抄,0,第一条,ARTICLE_REFERENCE,第十条,656,659
50,附　則　（平成二四年五月八日法律第三〇号）　抄,0,第一条,ARTICLE_REFERENCE,第十四条,660,664
50,附　則　（平成二四年五月八日法律第三〇号）　抄,0,第一条,ARTICLE_REFERENCE,第十八条,666,670
50,附　則　（平成二四年五月八日法律第三〇号）　抄,0,第一条,ARTICLE_REFERENCE,附則,674,676
50,附　則　（平成二四年五月八日法律第三〇号）　抄,0,第一条,ARTICLE_REFERENCE,第三十八条,676,681
50,附　則　（平成二四年五月八日法律第三〇号）　抄,0,第一条,ARTICLE_REFERENCE,第百二号,720,724
50,附　則　（平成二四年五月八日法律第三〇号）　抄,0,第一条,ARTICLE_REFERENCE,附則,725,727
50,附　則　（平成二四年五月八日法律第三〇号）　抄,0,第一条,ARTICLE_REFERENCE,第二条,727,730
50,附　則　（平成二四年五月八日法律第三〇号）　抄,0,第一条,ARTICLE_REFERENCE,第一項,730,733
50,附　則　（平成二四年五月八日法律第三〇号）　抄,0,第一条,ARTICLE_REFERENCE,第四十九条,734,739
50,附　則　（平成二四年五月八日法律第三〇号）　抄,0,第一条,ARTICLE_REFERENCE,第五十五条,740,745
50,附　則　（平成二四年五月八日法律第三〇号）　抄,0,第一条,ARTICLE_REFERENCE,第七十九条,747,752
50,附　則　（平成二四年五月八日法律第三〇号）　抄,0,第一条,ARTICLE_REFERENCE,第二項,752,755
50,附　則　（平成二四年五月八日法律第三〇号）　抄,0,第一条,ARTICLE_REFERENCE,附則,761,763
50,附　則　（平成二四年五月八日法律第三〇号）　抄,0,第一条,ARTICLE_REFERENCE,第九十条,763,767
50,附　則　（平成二四年五月八日法律第三〇号）　抄,0,第一条,ARTICLE_REFERENCE,同条,777,779
50,附　則　（平成二四年五月八日法律第三〇号）　抄,0,第一条,ARTICLE_REFERENCE,附則,794,796
50,附　則　（平成二四年五月八日法律第三〇号）　抄,0,第一条,ARTICLE_REFERENCE,第九十一条,796,801
50,附　則　（平成二四年五月八日法律第三〇号）　抄,0,第一条,ARTICLE_REFERENCE,第九十五条,803,808
50,附　則　（平成二四年五月八日法律第三〇号）　抄,0,第一条,ARTICLE_REFERENCE,附則,819,821
50,附　則　（平成二四年五月八日法律第三〇号）　抄,0,第一条,ARTICLE_REFERENCE,第四十条,821,825
50,附　則　（平成二四年五月八日法律第三〇号）　抄,0,第一条,ARTICLE_REFERENCE,第四十四条,827,832
50,附　則　（平成二四年五月八日法律第三〇号）　抄,0,第一条,ARTICLE_REFERENCE,附則,838,840
50,附　則　（平成二四年五月八日法律第三〇号）　抄,0,第一条,ARTICLE_REFERENCE,第四十五条,840,845
50,附　則　（平成二四年五月八日法律第三〇号）　抄,0,第一条,ARTICLE_REFERENCE,第九十一号,860,865
50,附　則　（平成二四年五月八日法律第三〇号）　抄,0,第一条,ARTICLE_REFERENCE,第三条,866,869
50,附　則　（平成二四年五月八日法律第三〇号）　抄,0,第一条,ARTICLE_REFERENCE,第四条,871,874
50,附　則　（平成二四年五月八日法律第三〇号）　抄,0,第一条,ARTICLE_REFERENCE,第七十九号,874,879
50,附　則　（平成二四年五月八日法律第三〇号）　抄,0,第一条,ARTICLE_REFERENCE,附則,887,889
50,附　則　（平成二四年五月八日法律第三〇号）　抄,0,第一条,ARTICLE_REFERENCE,第四十六条,889,894
50,附　則　（平成二四年五月八日法律第三〇号）　抄,0,第一条,ARTICLE_REFERENCE,第四十七条,896,901
50,附　則　（平成二四年五月八日法律第三〇号）　抄,0,第一条,TIME_PERIOD,から,25,27
50,附　則　（平成二四年五月八日法律第三〇号）　抄,0,第一条,TIME_PERIOD,一年,31,33
50,附　則　（平成二四年五月八日法律第三〇号）　抄,0,第一条,TIME_PERIOD,から,52,54
50,附　則　（平成二四年五月八日法律第三〇号）　抄,0,第一条,TIME_PERIOD,から,352,354
50,附　則　（平成二四年五月八日法律第三〇号）　抄,0,第一条,TIME_PERIOD,まで,359,361
50,附　則　（平成二四年五月八日法律第三〇号）　抄,0,第一条,TIME_PERIOD,十七年,715,718
50,附　則　（平成二四年五月八日法律第三〇号）　抄,0,第一条,TIME_PERIOD,から,825,827
50,附　則　（平成二四年五月八日法律第三〇号）　抄,0,第一条,TIME_PERIOD,まで,832,834
50,附　則　（平成二四年五月八日法律第三〇号）　抄,0,第一条,TIME_PERIOD,十一年,855,858
50,附　則　（平成二四年五月八日法律第三〇号）　抄,0,第一条,TIME_PERIOD,から,910,912
50,附　則　（平成二四年五月八日法律第三〇号）　抄,1,第三十二条,LAW_REFERENCE,"
（特許法",5,10
50,附　則　（平成二四年五月八日法律第三〇号）　抄,1,第三十二条,LAW_REFERENCE, この法,29,33
50,附　則　（平成二四年五月八日法律第三〇号）　抄,1,第三十二条,LAW_REFERENCE,の規定による改正前の郵便窓口業務の委託等に関する法,61,86
50,附　則　（平成二四年五月八日法律第三〇号）　抄,1,第三十二条,LAW_REFERENCE,に規定する郵便窓口業務を行うもの（同法第三条,90,112
50,附　則　（平成二四年五月八日法律第三〇号）　抄,1,第三十二条,LAW_REFERENCE,第一項若しくは第三項の規定による委託又は同法第四条,112,137
50,附　則　（平成二四年五月八日法律第三〇号）　抄,1,第三十二条,LAW_REFERENCE,の規定による改正前の特許法第十九条,169,186
50,附　則　（平成二四年五月八日法律第三〇号）　抄,1,第三十二条,LAW_REFERENCE,（実用新案法（昭和三十四年法,186,200
50,附　則　（平成二四年五月八日法律第三〇号）　抄,1,第三十二条,LAW_REFERENCE,の五第二項、意匠法（昭和三十四年法,211,228
50,附　則　（平成二四年五月八日法律第三〇号）　抄,1,第三十二条,LAW_REFERENCE,第二項、商標法（昭和三十四年法,241,256
50,附　則　（平成二四年五月八日法律第三〇号）　抄,1,第三十二条,LAW_REFERENCE,第二項並びに工業所有権に関する手続等の特例に関する法律（平成二年法,281,314
50,附　則　（平成二四年五月八日法律第三〇号）　抄,1,第三十二条,LAW_REFERENCE,の規定による改正後の特許法第十九条,354,371
50,附　則　（平成二四年五月八日法律第三〇号）　抄,1,第三十二条,LAW_REFERENCE,（実用新案法第二条,371,380
50,附　則　（平成二四年五月八日法律第三〇号）　抄,1,第三十二条,LAW_REFERENCE,の五第二項、意匠法第六十八条,380,394
50,附　則　（平成二四年五月八日法律第三〇号）　抄,1,第三十二条,LAW_REFERENCE,第二項、商標法第七十七条,394,406
50,附　則　（平成二四年五月八日法律第三〇号）　抄,1,第三十二条,LAW_REFERENCE,第二項並びに工業所有権に関する手続等の特例に関する法,418,444
50,附　則　（平成二四年五月八日法律第三〇号）　抄,1,第三十二条,ARTICLE_REFERENCE,第三十二条,0,5
50,附　則　（平成二四年五月八日法律第三〇号）　抄,1,第三十二条,ARTICLE_REFERENCE,第三十二条,24,29
50,附　則　（平成二四年五月八日法律第三〇号）　抄,1,第三十二条,ARTICLE_REFERENCE,附則,55,57
50,附　則　（平成二四年五月八日法律第三〇号）　抄,1,第三十二条,ARTICLE_REFERENCE,第十七条,57,61
50,附　則　（平成二四年五月八日法律第三〇号）　抄,1,第三十二条,ARTICLE_REFERENCE,第二条,87,90
50,附　則　（平成二四年五月八日法律第三〇号）　抄,1,第三十二条,ARTICLE_REFERENCE,第三条,109,112
50,附　則　（平成二四年五月八日法律第三〇号）　抄,1,第三十二条,ARTICLE_REFERENCE,第一項,112,115
50,附　則　（平成二四年五月八日法律第三〇号）　抄,1,第三十二条,ARTICLE_REFERENCE,第三項,119,122
50,附　則　（平成二四年五月八日法律第三〇号）　抄,1,第三十二条,ARTICLE_REFERENCE,第四条,134,137
50,附　則　（平成二四年五月八日法律第三〇号）　抄,1,第三十二条,ARTICLE_REFERENCE,前条,167,169
50,附　則　（平成二四年五月八日法律第三〇号）　抄,1,第三十二条,ARTICLE_REFERENCE,第十九条,182,186
50,附　則　（平成二四年五月八日法律第三〇号）　抄,1,第三十二条,ARTICLE_REFERENCE,第百二十三号,201,207
50,附　則　（平成二四年五月八日法律第三〇号）　抄,1,第三十二条,ARTICLE_REFERENCE,第二条の五,208,213
50,附　則　（平成二四年五月八日法律第三〇号）　抄,1,第三十二条,ARTICLE_REFERENCE,第二項,213,216
50,附　則　（平成二四年五月八日法律第三〇号）　抄,1,第三十二条,ARTICLE_REFERENCE,第百二十五号,229,235
50,附　則　（平成二四年五月八日法律第三〇号）　抄,1,第三十二条,ARTICLE_REFERENCE,第六十八条,236,241
50,附　則　（平成二四年五月八日法律第三〇号）　抄,1,第三十二条,ARTICLE_REFERENCE,第二項,241,244
50,附　則　（平成二四年五月八日法律第三〇号）　抄,1,第三十二条,ARTICLE_REFERENCE,第百二十七号,257,263
50,附　則　（平成二四年五月八日法律第三〇号）　抄,1,第三十二条,ARTICLE_REFERENCE,第七十七条,264,269
50,附　則　（平成二四年五月八日法律第三〇号）　抄,1,第三十二条,ARTICLE_REFERENCE,第二項,269,272
50,附　則　（平成二四年五月八日法律第三〇号）　抄,1,第三十二条,ARTICLE_REFERENCE,附則,274,276
50,附　則　（平成二四年五月八日法律第三〇号）　抄,1,第三十二条,ARTICLE_REFERENCE,第二十七条,276,281
50,附　則　（平成二四年五月八日法律第三〇号）　抄,1,第三十二条,ARTICLE_REFERENCE,第二項,281,284
50,附　則　（平成二四年五月八日法律第三〇号）　抄,1,第三十二条,ARTICLE_REFERENCE,第三十号,315,319
50,附　則　（平成二四年五月八日法律第三〇号）　抄,1,第三十二条,ARTICLE_REFERENCE,第四十一条,320,325
50,附　則　（平成二四年五月八日法律第三〇号）　抄,1,第三十二条,ARTICLE_REFERENCE,第二項,325,328
50,附　則　（平成二四年五月八日法律第三〇号）　抄,1,第三十二条,ARTICLE_REFERENCE,前条,352,354
50,附　則　（平成二四年五月八日法律第三〇号）　抄,1,第三十二条,ARTICLE_REFERENCE,第十九条,367,371
50,附　則　（平成二四年五月八日法律第三〇号）　抄,1,第三十二条,ARTICLE_REFERENCE,第二条の五,377,382
50,附　則　（平成二四年五月八日法律第三〇号）　抄,1,第三十二条,ARTICLE_REFERENCE,第二項,382,385
50,附　則　（平成二四年五月八日法律第三〇号）　抄,1,第三十二条,ARTICLE_REFERENCE,第六十八条,389,394
50,附　則　（平成二四年五月八日法律第三〇号）　抄,1,第三十二条,ARTICLE_REFERENCE,第二項,394,397
50,附　則　（平成二四年五月八日法律第三〇号）　抄,1,第三十二条,ARTICLE_REFERENCE,第七十七条,401,406
50,附　則　（平成二四年五月八日法律第三〇号）　抄,1,第三十二条,ARTICLE_REFERENCE,第二項,406,409
50,附　則　（平成二四年五月八日法律第三〇号）　抄,1,第三十二条,ARTICLE_REFERENCE,附則,411,413
50,附　則　（平成二四年五月八日法律第三〇号）　抄,1,第三十二条,ARTICLE_REFERENCE,第二十七条,413,418
50,附　則　（平成二四年五月八日法律第三〇号）　抄,1,第三十二条,ARTICLE_REFERENCE,第二項,418,421
50,附　則　（平成二四年五月八日法律第三〇号）　抄,1,第三十二条,ARTICLE_REFERENCE,第四十一条,445,450
50,附　則　（平成二四年五月八日法律第三〇号）　抄,1,第三十二条,ARTICLE_REFERENCE,第二項,450,453
50,附　則　（平成二四年五月八日法律第三〇号）　抄,1,第三十二条,TIME_PERIOD,三十四年,195,199
50,附　則　（平成二四年五月八日法律第三〇号）　抄,1,第三十二条,TIME_PERIOD,三十四年,223,227
50,附　則　（平成二四年五月八日法律第三〇号）　抄,1,第三十二条,TIME_PERIOD,三十四年,251,255
50,附　則　（平成二四年五月八日法律第三〇号）　抄,1,第三十二条,TIME_PERIOD,二年,311,313
50,附　則　（平成二四年五月八日法律第三〇号）　抄,1,第三十二条,PROCEDURE,意匠,217,219
50,附　則　（平成二四年五月八日法律第三〇号）　抄,1,第三十二条,PROCEDURE,商標,245,247
50,附　則　（平成二四年五月八日法律第三〇号）　抄,1,第三十二条,PROCEDURE,意匠,386,388
50,附　則　（平成二四年五月八日法律第三〇号）　抄,1,第三十二条,PROCEDURE,商標,398,400
50,附　則　（平成二四年五月八日法律第三〇号）　抄,2,第四十六条,LAW_REFERENCE, この法,24,28
50,附　則　（平成二四年五月八日法律第三〇号）　抄,2,第四十六条,LAW_REFERENCE,ただし書に規定する規定にあっては、当該規定）の施行前にした行為及びこの附則の規定によりなお従前の例によることとされる場合におけるこの法,35,102
50,附　則　（平成二四年五月八日法律第三〇号）　抄,2,第四十六条,ARTICLE_REFERENCE,第四十六条,0,5
50,附　則　（平成二四年五月八日法律第三〇号）　抄,2,第四十六条,ARTICLE_REFERENCE,第四十六条,19,24
50,附　則　（平成二四年五月八日法律第三〇号）　抄,2,第四十六条,ARTICLE_REFERENCE,附則,30,32
50,附　則　（平成二四年五月八日法律第三〇号）　抄,2,第四十六条,ARTICLE_REFERENCE,第一条,32,35
50,附　則　（平成二四年五月八日法律第三〇号）　抄,2,第四十六条,ARTICLE_REFERENCE,附則,70,72
50,附　則　（平成二四年五月八日法律第三〇号）　抄,3,第四十七条,LAW_REFERENCE,政令,16,18
50,附　則　（平成二四年五月八日法律第三〇号）　抄,3,第四十七条,LAW_REFERENCE, この附則に定めるもののほか、この法,29,47
50,附　則　（平成二四年五月八日法律第三〇号）　抄,3,第四十七条,LAW_REFERENCE,政令,79,81
50,附　則　（平成二四年五月八日法律第三〇号）　抄,3,第四十七条,ARTICLE_REFERENCE,第四十七条,0,5
50,附　則　（平成二四年五月八日法律第三〇号）　抄,3,第四十七条,ARTICLE_REFERENCE,第四十七条,24,29
50,附　則　（平成二四年五月八日法律第三〇号）　抄,3,第四十七条,ARTICLE_REFERENCE,附則,32,34
51,附　則　（平成二六年五月一四日法律第三六号）　抄,0,第一条,LAW_REFERENCE, この法,14,18
51,附　則　（平成二六年五月一四日法律第三六号）　抄,0,第一条,LAW_REFERENCE,政令,45,47
51,附　則　（平成二六年五月一四日法律第三六号）　抄,0,第一条,ARTICLE_REFERENCE,第一条,0,3
51,附　則　（平成二六年五月一四日法律第三六号）　抄,0,第一条,ARTICLE_REFERENCE,第一条,11,14
51,附　則　（平成二六年五月一四日法律第三六号）　抄,0,第一条,ARTICLE_REFERENCE,各号,65,67
51,附　則　（平成二六年五月一四日法律第三六号）　抄,0,第一条,ARTICLE_REFERENCE,各号,77,79
51,附　則　（平成二六年五月一四日法律第三六号）　抄,0,第一条,ARTICLE_REFERENCE,附則,94,96
51,附　則　（平成二六年五月一四日法律第三六号）　抄,0,第一条,ARTICLE_REFERENCE,第九条,96,99
51,附　則　（平成二六年五月一四日法律第三六号）　抄,0,第一条,TIME_PERIOD,から,25,27
51,附　則　（平成二六年五月一四日法律第三六号）　抄,0,第一条,TIME_PERIOD,一年,31,33
51,附　則　（平成二六年五月一四日法律第三六号）　抄,0,第一条,TIME_PERIOD,から,52,54
51,附　則　（平成二六年五月一四日法律第三六号）　抄,0,第一条,TIME_PERIOD,から,84,86
51,附　則　（平成二六年五月一四日法律第三六号）　抄,1,第二条,LAW_REFERENCE,"
（特許法",3,8
51,附　則　（平成二六年五月一四日法律第三六号）　抄,1,第二条,LAW_REFERENCE,の規定による改正後の特許法（以下「新特許法,29,50
51,附　則　（平成二六年五月一四日法律第三六号）　抄,1,第二条,LAW_REFERENCE,の四の規定は、この法律の施行前にした特許出願に伴う優先権の主張については、適用しない。 ２ 新特許法第三十条,60,114
51,附　則　（平成二六年五月一四日法律第三六号）　抄,1,第二条,LAW_REFERENCE,第四項の規定は、この法,114,125
51,附　則　（平成二六年五月一四日法律第三六号）　抄,1,第二条,LAW_REFERENCE,の規定による改正前の特許法（以下「旧特許法,134,155
51,附　則　（平成二六年五月一四日法律第三六号）　抄,1,第二条,LAW_REFERENCE,第三項に規定する期間内に同項に規定する証明書の提出がなかった場合については、適用しない。 ３ 新特許法第四十一条,165,221
51,附　則　（平成二六年五月一四日法律第三六号）　抄,1,第二条,LAW_REFERENCE,第一項及び第四項の規定は、この法律の施行後にする特許出願に伴う優先権の主張について適用し、この法律の施行前にした特許出願に伴う優先権の主張については、なお従前の例による。 ４ 新特許法第四十二条,221,318
51,附　則　（平成二六年五月一四日法律第三六号）　抄,1,第二条,LAW_REFERENCE,第一項の規定は、この法律の施行後にする特許出願に伴う優先権の主張の基礎とした新特許法第四十一条,318,365
51,附　則　（平成二六年五月一四日法律第三六号）　抄,1,第二条,LAW_REFERENCE,第一項に規定する先の出願について適用し、この法律の施行前にした特許出願に伴う優先権の主張の基礎とした旧特許法第四十一条,365,424
51,附　則　（平成二六年五月一四日法律第三六号）　抄,1,第二条,LAW_REFERENCE,第一項に規定する先の出願については、なお従前の例による。 ５ 新特許法第四十二条,424,464
51,附　則　（平成二六年五月一四日法律第三六号）　抄,1,第二条,LAW_REFERENCE,第二項及び第三項の規定は、この法律の施行後にする特許出願に伴う優先権の主張について適用し、この法律の施行前にした特許出願に伴う優先権の主張については、なお従前の例による。 ６ 新特許法第四十三条,464,561
51,附　則　（平成二六年五月一四日法律第三六号）　抄,1,第二条,LAW_REFERENCE,第一項（新特許法第四十三条,561,574
51,附　則　（平成二六年五月一四日法律第三六号）　抄,1,第二条,LAW_REFERENCE,の三第三項において準用する場合を含む。）の規定は、この法律の施行後にする特許出願に伴う優先権の主張について適用し、この法律の施行前にした特許出願に伴う優先権の主張については、なお従前の例による。 ７ 新特許法第四十三条,574,683
51,附　則　（平成二六年五月一四日法律第三六号）　抄,1,第二条,LAW_REFERENCE,第六項（新特許法第四十三条,683,696
51,附　則　（平成二六年五月一四日法律第三六号）　抄,1,第二条,LAW_REFERENCE,の三第三項において準用する場合を含む。）の規定は、この法律の施行前に旧特許法第四十三条,696,739
51,附　則　（平成二六年五月一四日法律第三六号）　抄,1,第二条,LAW_REFERENCE,第二項（旧特許法第四十三条,739,752
51,附　則　（平成二六年五月一四日法律第三六号）　抄,1,第二条,LAW_REFERENCE,の二第三項において準用する場合を含む。以下この項において同じ。）に規定する期間内に旧特許法第四十三条,752,802
51,附　則　（平成二六年五月一四日法律第三六号）　抄,1,第二条,LAW_REFERENCE,第五項（旧特許法第四十三条,816,829
51,附　則　（平成二六年五月一四日法律第三六号）　抄,1,第二条,LAW_REFERENCE,の二第三項において準用する場合を含む。）に規定する書面の提出がなかった場合については、適用しない。 ８ 新特許法第四十三条,829,890
51,附　則　（平成二六年五月一四日法律第三六号）　抄,1,第二条,LAW_REFERENCE,の二（新特許法第四十三条,890,902
51,附　則　（平成二六年五月一四日法律第三六号）　抄,1,第二条,LAW_REFERENCE,の三第三項において準用する場合を含む。）の規定は、この法律の施行前にした特許出願に伴う優先権の主張については、適用しない。 ９ 新特許法第四十四条,902,975
51,附　則　（平成二六年五月一四日法律第三六号）　抄,1,第二条,LAW_REFERENCE,第七項の規定は、この法律の施行前に旧特許法第四十四条,975,1001
51,附　則　（平成二六年五月一四日法律第三六号）　抄,1,第二条,LAW_REFERENCE,第一項第二号又は第三号に規定する期間内に同項に規定する新たな特許出願がなかった場合については、適用しない。 １０ 新特許法第四十六条,1001,1067
51,附　則　（平成二六年五月一四日法律第三六号）　抄,1,第二条,LAW_REFERENCE,第五項の規定は、この法律の施行前に旧特許法第四十六条,1067,1093
51,附　則　（平成二六年五月一四日法律第三六号）　抄,1,第二条,LAW_REFERENCE,第二項に規定する三年の期間内に同項の規定による出願の変更がなかった場合については、適用しない。 １１ 新特許法第四十六条,1133,1193
51,附　則　（平成二六年五月一四日法律第三六号）　抄,1,第二条,LAW_REFERENCE,第一項第一号に係る部分に限る。）の規定は、この法律の施行前に旧特許法第四十六条,1201,1240
51,附　則　（平成二六年五月一四日法律第三六号）　抄,1,第二条,LAW_REFERENCE,の二第一項第一号に規定する期間内に同項の規定による特許出願がなかった場合については、適用しない。 １２ 新特許法第四十八条,1240,1301
51,附　則　（平成二六年五月一四日法律第三六号）　抄,1,第二条,LAW_REFERENCE,の三第五項から第七項までの規定は、この法律の施行前に旧特許法第四十八条,1301,1336
51,附　則　（平成二六年五月一四日法律第三六号）　抄,1,第二条,LAW_REFERENCE,の三第四項の規定により取り下げられたものとみなされた特許出願については、適用しない。 １３ 新特許法第六十七条,1336,1391
51,附　則　（平成二六年五月一四日法律第三六号）　抄,1,第二条,LAW_REFERENCE,の二の二第四項の規定は、この法律の施行前に旧特許法第六十七条,1391,1421
51,附　則　（平成二六年五月一四日法律第三六号）　抄,1,第二条,LAW_REFERENCE,の二の二第一項に規定する期間内に同項に規定する書面の提出がなかった場合については、適用しない。 １４ 新特許法第百八条,1421,1480
51,附　則　（平成二六年五月一四日法律第三六号）　抄,1,第二条,LAW_REFERENCE,第四項の規定は、この法律の施行前に旧特許法第百八条,1480,1505
51,附　則　（平成二六年五月一四日法律第三六号）　抄,1,第二条,LAW_REFERENCE,第一項に規定する期間内に特許料の納付がなかった場合については、適用しない。 １５ 新特許法第百十一条,1505,1555
51,附　則　（平成二六年五月一四日法律第三六号）　抄,1,第二条,LAW_REFERENCE,第三項の規定は、この法律の施行前に旧特許法第百十一条,1555,1581
51,附　則　（平成二六年五月一四日法律第三六号）　抄,1,第二条,LAW_REFERENCE,第一項の規定による特許料の返還の請求がなかった場合については、適用しない。 １６ 新特許法第百十三条,1595,1645
51,附　則　（平成二六年五月一四日法律第三六号）　抄,1,第二条,LAW_REFERENCE,の規定は、この法律の施行前に旧特許法第六十六条,1645,1668
51,附　則　（平成二六年五月一四日法律第三六号）　抄,1,第二条,LAW_REFERENCE,第三項の規定により同項各号に掲げる事項を掲載した特許公報の発行がされた特許については、適用しない。 １７ この法律の施行前に請求された特許無効審判については、新特許法第百二十三条,1668,1757
51,附　則　（平成二六年五月一四日法律第三六号）　抄,1,第二条,LAW_REFERENCE,第二項の規定にかかわらず、なお従前の例による。 １８ 新特許法第百九十五条,1757,1794
51,附　則　（平成二六年五月一四日法律第三六号）　抄,1,第二条,LAW_REFERENCE,第十三項の規定は、この法律の施行前に旧特許法第百九十五条,1794,1822
51,附　則　（平成二六年五月一四日法律第三六号）　抄,1,第二条,ARTICLE_REFERENCE,第二条,0,3
51,附　則　（平成二六年五月一四日法律第三六号）　抄,1,第二条,ARTICLE_REFERENCE,第二条,22,25
51,附　則　（平成二六年五月一四日法律第三六号）　抄,1,第二条,ARTICLE_REFERENCE,第一条,26,29
51,附　則　（平成二六年五月一四日法律第三六号）　抄,1,第二条,ARTICLE_REFERENCE,第十七条の四,56,62
51,附　則　（平成二六年五月一四日法律第三六号）　抄,1,第二条,ARTICLE_REFERENCE,第三十条,110,114
51,附　則　（平成二六年五月一四日法律第三六号）　抄,1,第二条,ARTICLE_REFERENCE,第四項,114,117
51,附　則　（平成二六年五月一四日法律第三六号）　抄,1,第二条,ARTICLE_REFERENCE,第一条,131,134
51,附　則　（平成二六年五月一四日法律第三六号）　抄,1,第二条,ARTICLE_REFERENCE,第三十条,161,165
51,附　則　（平成二六年五月一四日法律第三六号）　抄,1,第二条,ARTICLE_REFERENCE,第三項,165,168
51,附　則　（平成二六年五月一四日法律第三六号）　抄,1,第二条,ARTICLE_REFERENCE,同項,177,179
51,附　則　（平成二六年五月一四日法律第三六号）　抄,1,第二条,ARTICLE_REFERENCE,第四十一条,216,221
51,附　則　（平成二六年五月一四日法律第三六号）　抄,1,第二条,ARTICLE_REFERENCE,第一項,221,224
51,附　則　（平成二六年五月一四日法律第三六号）　抄,1,第二条,ARTICLE_REFERENCE,第四項,226,229
51,附　則　（平成二六年五月一四日法律第三六号）　抄,1,第二条,ARTICLE_REFERENCE,第四十二条,313,318
51,附　則　（平成二六年五月一四日法律第三六号）　抄,1,第二条,ARTICLE_REFERENCE,第一項,318,321
51,附　則　（平成二六年五月一四日法律第三六号）　抄,1,第二条,ARTICLE_REFERENCE,第四十一条,360,365
51,附　則　（平成二六年五月一四日法律第三六号）　抄,1,第二条,ARTICLE_REFERENCE,第一項,365,368
51,附　則　（平成二六年五月一四日法律第三六号）　抄,1,第二条,ARTICLE_REFERENCE,第四十一条,419,424
51,附　則　（平成二六年五月一四日法律第三六号）　抄,1,第二条,ARTICLE_REFERENCE,第一項,424,427
51,附　則　（平成二六年五月一四日法律第三六号）　抄,1,第二条,ARTICLE_REFERENCE,第四十二条,459,464
51,附　則　（平成二六年五月一四日法律第三六号）　抄,1,第二条,ARTICLE_REFERENCE,第二項,464,467
51,附　則　（平成二六年五月一四日法律第三六号）　抄,1,第二条,ARTICLE_REFERENCE,第三項,469,472
51,附　則　（平成二六年五月一四日法律第三六号）　抄,1,第二条,ARTICLE_REFERENCE,第四十三条,556,561
51,附　則　（平成二六年五月一四日法律第三六号）　抄,1,第二条,ARTICLE_REFERENCE,第一項,561,564
51,附　則　（平成二六年五月一四日法律第三六号）　抄,1,第二条,ARTICLE_REFERENCE,第四十三条の三,569,576
51,附　則　（平成二六年五月一四日法律第三六号）　抄,1,第二条,ARTICLE_REFERENCE,第三項,576,579
51,附　則　（平成二六年五月一四日法律第三六号）　抄,1,第二条,ARTICLE_REFERENCE,第四十三条,678,683
51,附　則　（平成二六年五月一四日法律第三六号）　抄,1,第二条,ARTICLE_REFERENCE,第六項,683,686
51,附　則　（平成二六年五月一四日法律第三六号）　抄,1,第二条,ARTICLE_REFERENCE,第四十三条の三,691,698
51,附　則　（平成二六年五月一四日法律第三六号）　抄,1,第二条,ARTICLE_REFERENCE,第三項,698,701
51,附　則　（平成二六年五月一四日法律第三六号）　抄,1,第二条,ARTICLE_REFERENCE,第四十三条,734,739
51,附　則　（平成二六年五月一四日法律第三六号）　抄,1,第二条,ARTICLE_REFERENCE,第二項,739,742
51,附　則　（平成二六年五月一四日法律第三六号）　抄,1,第二条,ARTICLE_REFERENCE,第四十三条の二,747,754
51,附　則　（平成二六年五月一四日法律第三六号）　抄,1,第二条,ARTICLE_REFERENCE,第三項,754,757
51,附　則　（平成二六年五月一四日法律第三六号）　抄,1,第二条,ARTICLE_REFERENCE,第四十三条,797,802
51,附　則　（平成二六年五月一四日法律第三六号）　抄,1,第二条,ARTICLE_REFERENCE,第二項,802,805
51,附　則　（平成二六年五月一四日法律第三六号）　抄,1,第二条,ARTICLE_REFERENCE,同条,814,816
51,附　則　（平成二六年五月一四日法律第三六号）　抄,1,第二条,ARTICLE_REFERENCE,第五項,816,819
51,附　則　（平成二六年五月一四日法律第三六号）　抄,1,第二条,ARTICLE_REFERENCE,第四十三条の二,824,831
51,附　則　（平成二六年五月一四日法律第三六号）　抄,1,第二条,ARTICLE_REFERENCE,第三項,831,834
51,附　則　（平成二六年五月一四日法律第三六号）　抄,1,第二条,ARTICLE_REFERENCE,第四十三条の二,885,892
51,附　則　（平成二六年五月一四日法律第三六号）　抄,1,第二条,ARTICLE_REFERENCE,第四十三条の三,897,904
51,附　則　（平成二六年五月一四日法律第三六号）　抄,1,第二条,ARTICLE_REFERENCE,第三項,904,907
51,附　則　（平成二六年五月一四日法律第三六号）　抄,1,第二条,ARTICLE_REFERENCE,第四十四条,970,975
51,附　則　（平成二六年五月一四日法律第三六号）　抄,1,第二条,ARTICLE_REFERENCE,第七項,975,978
51,附　則　（平成二六年五月一四日法律第三六号）　抄,1,第二条,ARTICLE_REFERENCE,第四十四条,996,1001
51,附　則　（平成二六年五月一四日法律第三六号）　抄,1,第二条,ARTICLE_REFERENCE,第一項,1001,1004
51,附　則　（平成二六年五月一四日法律第三六号）　抄,1,第二条,ARTICLE_REFERENCE,第二号,1004,1007
51,附　則　（平成二六年五月一四日法律第三六号）　抄,1,第二条,ARTICLE_REFERENCE,第三号,1009,1012
51,附　則　（平成二六年五月一四日法律第三六号）　抄,1,第二条,ARTICLE_REFERENCE,同項,1021,1023
51,附　則　（平成二六年五月一四日法律第三六号）　抄,1,第二条,ARTICLE_REFERENCE,第四十六条,1062,1067
51,附　則　（平成二六年五月一四日法律第三六号）　抄,1,第二条,ARTICLE_REFERENCE,第五項,1067,1070
51,附　則　（平成二六年五月一四日法律第三六号）　抄,1,第二条,ARTICLE_REFERENCE,第四十六条,1088,1093
51,附　則　（平成二六年五月一四日法律第三六号）　抄,1,第二条,ARTICLE_REFERENCE,第一項,1093,1096
51,附　則　（平成二六年五月一四日法律第三六号）　抄,1,第二条,ARTICLE_REFERENCE,同項,1109,1111
51,附　則　（平成二六年五月一四日法律第三六号）　抄,1,第二条,ARTICLE_REFERENCE,同条,1131,1133
51,附　則　（平成二六年五月一四日法律第三六号）　抄,1,第二条,ARTICLE_REFERENCE,第二項,1133,1136
51,附　則　（平成二六年五月一四日法律第三六号）　抄,1,第二条,ARTICLE_REFERENCE,同項,1148,1150
51,附　則　（平成二六年五月一四日法律第三六号）　抄,1,第二条,ARTICLE_REFERENCE,第四十六条の二,1188,1195
51,附　則　（平成二六年五月一四日法律第三六号）　抄,1,第二条,ARTICLE_REFERENCE,第三項,1195,1198
51,附　則　（平成二六年五月一四日法律第三六号）　抄,1,第二条,ARTICLE_REFERENCE,同条,1199,1201
51,附　則　（平成二六年五月一四日法律第三六号）　抄,1,第二条,ARTICLE_REFERENCE,第一項,1201,1204
51,附　則　（平成二六年五月一四日法律第三六号）　抄,1,第二条,ARTICLE_REFERENCE,第一号,1204,1207
51,附　則　（平成二六年五月一四日法律第三六号）　抄,1,第二条,ARTICLE_REFERENCE,第四十六条の二,1235,1242
51,附　則　（平成二六年五月一四日法律第三六号）　抄,1,第二条,ARTICLE_REFERENCE,第一項,1242,1245
51,附　則　（平成二六年五月一四日法律第三六号）　抄,1,第二条,ARTICLE_REFERENCE,第一号,1245,1248
51,附　則　（平成二六年五月一四日法律第三六号）　抄,1,第二条,ARTICLE_REFERENCE,同項,1257,1259
51,附　則　（平成二六年五月一四日法律第三六号）　抄,1,第二条,ARTICLE_REFERENCE,第四十八条の三,1296,1303
51,附　則　（平成二六年五月一四日法律第三六号）　抄,1,第二条,ARTICLE_REFERENCE,第五項,1303,1306
51,附　則　（平成二六年五月一四日法律第三六号）　抄,1,第二条,ARTICLE_REFERENCE,第七項,1308,1311
51,附　則　（平成二六年五月一四日法律第三六号）　抄,1,第二条,ARTICLE_REFERENCE,第四十八条の三,1331,1338
51,附　則　（平成二六年五月一四日法律第三六号）　抄,1,第二条,ARTICLE_REFERENCE,第四項,1338,1341
51,附　則　（平成二六年五月一四日法律第三六号）　抄,1,第二条,ARTICLE_REFERENCE,第六十七条の二,1386,1393
51,附　則　（平成二六年五月一四日法律第三六号）　抄,1,第二条,ARTICLE_REFERENCE,第四項,1395,1398
51,附　則　（平成二六年五月一四日法律第三六号）　抄,1,第二条,ARTICLE_REFERENCE,第六十七条の二,1416,1423
51,附　則　（平成二六年五月一四日法律第三六号）　抄,1,第二条,ARTICLE_REFERENCE,第一項,1425,1428
51,附　則　（平成二六年五月一四日法律第三六号）　抄,1,第二条,ARTICLE_REFERENCE,同項,1437,1439
51,附　則　（平成二六年五月一四日法律第三六号）　抄,1,第二条,ARTICLE_REFERENCE,第百八条,1476,1480
51,附　則　（平成二六年五月一四日法律第三六号）　抄,1,第二条,ARTICLE_REFERENCE,第四項,1480,1483
51,附　則　（平成二六年五月一四日法律第三六号）　抄,1,第二条,ARTICLE_REFERENCE,第百八条,1501,1505
51,附　則　（平成二六年五月一四日法律第三六号）　抄,1,第二条,ARTICLE_REFERENCE,第一項,1505,1508
51,附　則　（平成二六年五月一四日法律第三六号）　抄,1,第二条,ARTICLE_REFERENCE,第百十一条,1550,1555
51,附　則　（平成二六年五月一四日法律第三六号）　抄,1,第二条,ARTICLE_REFERENCE,第三項,1555,1558
51,附　則　（平成二六年五月一四日法律第三六号）　抄,1,第二条,ARTICLE_REFERENCE,第百十一条,1576,1581
51,附　則　（平成二六年五月一四日法律第三六号）　抄,1,第二条,ARTICLE_REFERENCE,第二項,1581,1584
51,附　則　（平成二六年五月一四日法律第三六号）　抄,1,第二条,ARTICLE_REFERENCE,同条,1593,1595
51,附　則　（平成二六年五月一四日法律第三六号）　抄,1,第二条,ARTICLE_REFERENCE,第一項,1595,1598
51,附　則　（平成二六年五月一四日法律第三六号）　抄,1,第二条,ARTICLE_REFERENCE,第百十三条,1640,1645
51,附　則　（平成二六年五月一四日法律第三六号）　抄,1,第二条,ARTICLE_REFERENCE,第六十六条,1663,1668
51,附　則　（平成二六年五月一四日法律第三六号）　抄,1,第二条,ARTICLE_REFERENCE,第三項,1668,1671
51,附　則　（平成二六年五月一四日法律第三六号）　抄,1,第二条,ARTICLE_REFERENCE,同項,1677,1679
51,附　則　（平成二六年五月一四日法律第三六号）　抄,1,第二条,ARTICLE_REFERENCE,各号,1679,1681
51,附　則　（平成二六年五月一四日法律第三六号）　抄,1,第二条,ARTICLE_REFERENCE,第百二十三条,1751,1757
51,附　則　（平成二六年五月一四日法律第三六号）　抄,1,第二条,ARTICLE_REFERENCE,第二項,1757,1760
51,附　則　（平成二六年五月一四日法律第三六号）　抄,1,第二条,ARTICLE_REFERENCE,第百九十五条,1788,1794
51,附　則　（平成二六年五月一四日法律第三六号）　抄,1,第二条,ARTICLE_REFERENCE,第十三項,1794,1798
51,附　則　（平成二六年五月一四日法律第三六号）　抄,1,第二条,ARTICLE_REFERENCE,第百九十五条,1816,1822
51,附　則　（平成二六年五月一四日法律第三六号）　抄,1,第二条,ARTICLE_REFERENCE,第十項,1822,1825
51,附　則　（平成二六年五月一四日法律第三六号）　抄,1,第二条,ARTICLE_REFERENCE,第十二項,1827,1831
51,附　則　（平成二六年五月一四日法律第三六号）　抄,1,第二条,ARTICLE_REFERENCE,同条,1840,1842
51,附　則　（平成二六年五月一四日法律第三六号）　抄,1,第二条,ARTICLE_REFERENCE,第九項,1842,1845
51,附　則　（平成二六年五月一四日法律第三六号）　抄,1,第二条,ARTICLE_REFERENCE,第十一項,1847,1851
51,附　則　（平成二六年五月一四日法律第三六号）　抄,1,第二条,TIME_PERIOD,三年,1141,1143
51,附　則　（平成二六年五月一四日法律第三六号）　抄,1,第二条,TIME_PERIOD,から,1306,1308
51,附　則　（平成二六年五月一四日法律第三六号）　抄,1,第二条,TIME_PERIOD,まで,1311,1313
51,附　則　（平成二六年五月一四日法律第三六号）　抄,1,第二条,MONEY_AMOUNT,手数料,1857,1860
51,附　則　（平成二六年五月一四日法律第三六号）　抄,1,第二条,PROCEDURE,出願,80,82
51,附　則　（平成二六年五月一四日法律第三六号）　抄,1,第二条,PROCEDURE,出願,247,249
51,附　則　（平成二六年五月一四日法律第三六号）　抄,1,第二条,PROCEDURE,出願,279,281
51,附　則　（平成二六年五月一四日法律第三六号）　抄,1,第二条,PROCEDURE,出願,339,341
51,附　則　（平成二六年五月一四日法律第三六号）　抄,1,第二条,PROCEDURE,出願,375,377
51,附　則　（平成二六年五月一四日法律第三六号）　抄,1,第二条,PROCEDURE,出願,398,400
51,附　則　（平成二六年五月一四日法律第三六号）　抄,1,第二条,PROCEDURE,出願,434,436
51,附　則　（平成二六年五月一四日法律第三六号）　抄,1,第二条,PROCEDURE,出願,490,492
51,附　則　（平成二六年五月一四日法律第三六号）　抄,1,第二条,PROCEDURE,出願,522,524
51,附　則　（平成二六年五月一四日法律第三六号）　抄,1,第二条,PROCEDURE,出願,612,614
51,附　則　（平成二六年五月一四日法律第三六号）　抄,1,第二条,PROCEDURE,出願,644,646
51,附　則　（平成二六年五月一四日法律第三六号）　抄,1,第二条,PROCEDURE,出願,940,942
51,附　則　（平成二六年五月一四日法律第三六号）　抄,1,第二条,PROCEDURE,出願,1033,1035
51,附　則　（平成二六年五月一四日法律第三六号）　抄,1,第二条,PROCEDURE,出願,1117,1119
51,附　則　（平成二六年五月一四日法律第三六号）　抄,1,第二条,PROCEDURE,出願,1156,1158
51,附　則　（平成二六年五月一四日法律第三六号）　抄,1,第二条,PROCEDURE,出願,1267,1269
51,附　則　（平成二六年五月一四日法律第三六号）　抄,1,第二条,PROCEDURE,出願,1364,1366
51,附　則　（平成二六年五月一四日法律第三六号）　抄,1,第二条,PROCEDURE,請求,1611,1613
51,附　則　（平成二六年五月一四日法律第三六号）　抄,1,第二条,PROCEDURE,請求,1730,1732
51,附　則　（平成二六年五月一四日法律第三六号）　抄,1,第二条,PROCEDURE,無効審判,1737,1741
51,附　則　（平成二六年五月一四日法律第三六号）　抄,1,第二条,PROCEDURE,請求,1864,1866
51,附　則　（平成二六年五月一四日法律第三六号）　抄,1,第二条,LEGAL_STATUS,無効,1737,1739
51,附　則　（平成二六年五月一四日法律第三六号）　抄,2,第八条,LAW_REFERENCE, この法,20,24
51,附　則　（平成二六年五月一四日法律第三六号）　抄,2,第八条,ARTICLE_REFERENCE,第八条,0,3
51,附　則　（平成二六年五月一四日法律第三六号）　抄,2,第八条,ARTICLE_REFERENCE,第八条,17,20
51,附　則　（平成二六年五月一四日法律第三六号）　抄,3,第九条,LAW_REFERENCE,政令,5,7
51,附　則　（平成二六年五月一四日法律第三六号）　抄,3,第九条,LAW_REFERENCE,に定めるもののほか、この法,36,49
51,附　則　（平成二六年五月一四日法律第三六号）　抄,3,第九条,LAW_REFERENCE,政令,65,67
51,附　則　（平成二六年五月一四日法律第三六号）　抄,3,第九条,ARTICLE_REFERENCE,第九条,0,3
51,附　則　（平成二六年五月一四日法律第三六号）　抄,3,第九条,ARTICLE_REFERENCE,第九条,13,16
51,附　則　（平成二六年五月一四日法律第三六号）　抄,3,第九条,ARTICLE_REFERENCE,附則,17,19
51,附　則　（平成二六年五月一四日法律第三六号）　抄,3,第九条,ARTICLE_REFERENCE,第二条,19,22
51,附　則　（平成二六年五月一四日法律第三六号）　抄,3,第九条,ARTICLE_REFERENCE,前条,24,26
51,附　則　（平成二六年五月一四日法律第三六号）　抄,3,第九条,ARTICLE_REFERENCE,附則,30,32
51,附　則　（平成二六年五月一四日法律第三六号）　抄,3,第九条,ARTICLE_REFERENCE,第十九条,32,36
51,附　則　（平成二六年五月一四日法律第三六号）　抄,3,第九条,TIME_PERIOD,から,22,24
51,附　則　（平成二六年五月一四日法律第三六号）　抄,3,第九条,TIME_PERIOD,まで,26,28
52,附　則　（平成二六年六月一三日法律第六九号）　抄,0,第一条,LAW_REFERENCE, この法律は、行政不服審査法（平成二十六年法,14,36
52,附　則　（平成二六年六月一三日法律第六九号）　抄,0,第一条,ARTICLE_REFERENCE,第一条,0,3
52,附　則　（平成二六年六月一三日法律第六九号）　抄,0,第一条,ARTICLE_REFERENCE,第一条,11,14
52,附　則　（平成二六年六月一三日法律第六九号）　抄,0,第一条,ARTICLE_REFERENCE,第六十八号,37,42
52,附　則　（平成二六年六月一三日法律第六九号）　抄,0,第一条,TIME_PERIOD,二十六年,31,35
52,附　則　（平成二六年六月一三日法律第六九号）　抄,0,第一条,TIME_PERIOD,から,48,50
52,附　則　（平成二六年六月一三日法律第六九号）　抄,0,第一条,PROCEDURE,審査,25,27
52,附　則　（平成二六年六月一三日法律第六九号）　抄,1,第五条,LAW_REFERENCE, 行政庁の処分その他の行為又は不作為についての不服申立てであってこの法律の施行前にされた行政庁の処分その他の行為又はこの法,17,78
52,附　則　（平成二六年六月一三日法律第六九号）　抄,1,第五条,ARTICLE_REFERENCE,第五条,0,3
52,附　則　（平成二六年六月一三日法律第六九号）　抄,1,第五条,ARTICLE_REFERENCE,第五条,14,17
52,附　則　（平成二六年六月一三日法律第六九号）　抄,1,第五条,ARTICLE_REFERENCE,附則,112,114
52,附　則　（平成二六年六月一三日法律第六九号）　抄,1,第五条,PROCEDURE,申請,87,89
52,附　則　（平成二六年六月一三日法律第六九号）　抄,2,第六条,LAW_REFERENCE, この法律による改正前の法律の規定により不服申立てに対する行政庁の裁決、決定その他の行為を経た後でなければ訴えを提起できないこととされる事項であって、当該不服申立てを提起しないでこの法律の施行前にこれを提起すべき期間を経過したもの（当該不服申立てが他の不服申立てに対する行政庁の裁決、決定その他の行為を経た後でなければ提起できないとされる場合にあっては、当該他の不服申立てを提起しないでこの法律の施行前にこれを提起すべき期間を経過したものを含む。）の訴えの提起については、なお従前の例による。 ２ この法律の規定による改正前の法,20,284
52,附　則　（平成二六年六月一三日法律第六九号）　抄,2,第六条,LAW_REFERENCE,の規定によりなお従前の例によることとされる場合を含む。）により異議申立てが提起された処分その他の行為であって、この法律の規定による改正後の法律の規定により審査請求に対する裁決を経た後でなければ取消しの訴えを提起することができないこととされるものの取消しの訴えの提起については、なお従前の例による。 ３ 不服申立てに対する行政庁の裁決、決定その他の行為の取消しの訴えであって、この法,291,481
52,附　則　（平成二六年六月一三日法律第六九号）　抄,2,第六条,ARTICLE_REFERENCE,第六条,0,3
52,附　則　（平成二六年六月一三日法律第六九号）　抄,2,第六条,ARTICLE_REFERENCE,第六条,17,20
52,附　則　（平成二六年六月一三日法律第六九号）　抄,2,第六条,ARTICLE_REFERENCE,前条,289,291
52,附　則　（平成二六年六月一三日法律第六九号）　抄,2,第六条,TIME_PERIOD,を経過,128,131
52,附　則　（平成二六年六月一三日法律第六九号）　抄,2,第六条,TIME_PERIOD,を経過,232,235
52,附　則　（平成二六年六月一三日法律第六九号）　抄,2,第六条,PROCEDURE,異議申立て,322,327
52,附　則　（平成二六年六月一三日法律第六九号）　抄,2,第六条,PROCEDURE,審査,368,370
52,附　則　（平成二六年六月一三日法律第六九号）　抄,2,第六条,PROCEDURE,請求,370,372
52,附　則　（平成二六年六月一三日法律第六九号）　抄,2,第六条,LEGAL_STATUS,取消,387,389
52,附　則　（平成二六年六月一三日法律第六九号）　抄,2,第六条,LEGAL_STATUS,取消,414,416
52,附　則　（平成二六年六月一三日法律第六九号）　抄,2,第六条,LEGAL_STATUS,取消,467,469
52,附　則　（平成二六年六月一三日法律第六九号）　抄,3,第九条,LAW_REFERENCE, この法,20,24
52,附　則　（平成二六年六月一三日法律第六九号）　抄,3,第九条,LAW_REFERENCE,の規定によりなお従前の例によることとされる場合におけるこの法,47,77
52,附　則　（平成二六年六月一三日法律第六九号）　抄,3,第九条,ARTICLE_REFERENCE,第九条,0,3
52,附　則　（平成二六年六月一三日法律第六九号）　抄,3,第九条,ARTICLE_REFERENCE,第九条,17,20
52,附　則　（平成二六年六月一三日法律第六九号）　抄,3,第九条,ARTICLE_REFERENCE,附則,37,39
52,附　則　（平成二六年六月一三日法律第六九号）　抄,3,第九条,ARTICLE_REFERENCE,第五条,39,42
52,附　則　（平成二六年六月一三日法律第六九号）　抄,4,第十条,LAW_REFERENCE,政令,14,16
52,附　則　（平成二六年六月一三日法律第六九号）　抄,4,第十条,LAW_REFERENCE,までに定めるもののほか、この法,35,50
52,附　則　（平成二六年六月一三日法律第六九号）　抄,4,第十条,LAW_REFERENCE,政令,82,84
52,附　則　（平成二六年六月一三日法律第六九号）　抄,4,第十条,ARTICLE_REFERENCE,第十条,0,3
52,附　則　（平成二六年六月一三日法律第六九号）　抄,4,第十条,ARTICLE_REFERENCE,第十条,22,25
52,附　則　（平成二六年六月一三日法律第六九号）　抄,4,第十条,ARTICLE_REFERENCE,附則,26,28
52,附　則　（平成二六年六月一三日法律第六九号）　抄,4,第十条,ARTICLE_REFERENCE,第五条,28,31
52,附　則　（平成二六年六月一三日法律第六九号）　抄,4,第十条,ARTICLE_REFERENCE,前条,33,35
52,附　則　（平成二六年六月一三日法律第六九号）　抄,4,第十条,TIME_PERIOD,から,31,33
52,附　則　（平成二六年六月一三日法律第六九号）　抄,4,第十条,TIME_PERIOD,まで,35,37
53,附　則　（平成二七年七月一〇日法律第五五号）　抄,0,第一条,LAW_REFERENCE, この法,14,18
53,附　則　（平成二七年七月一〇日法律第五五号）　抄,0,第一条,LAW_REFERENCE,政令,45,47
53,附　則　（平成二七年七月一〇日法律第五五号）　抄,0,第一条,ARTICLE_REFERENCE,第一条,0,3
53,附　則　（平成二七年七月一〇日法律第五五号）　抄,0,第一条,ARTICLE_REFERENCE,第一条,11,14
53,附　則　（平成二七年七月一〇日法律第五五号）　抄,0,第一条,TIME_PERIOD,から,25,27
53,附　則　（平成二七年七月一〇日法律第五五号）　抄,0,第一条,TIME_PERIOD,一年,31,33
53,附　則　（平成二七年七月一〇日法律第五五号）　抄,0,第一条,TIME_PERIOD,から,52,54
53,附　則　（平成二七年七月一〇日法律第五五号）　抄,1,第二条,LAW_REFERENCE,"
（特許法",3,8
53,附　則　（平成二七年七月一〇日法律第五五号）　抄,1,第二条,LAW_REFERENCE,の規定による改正後の特許法（以下「新特許法,29,50
53,附　則　（平成二七年七月一〇日法律第五五号）　抄,1,第二条,LAW_REFERENCE,第三項の規定は、この法,59,70
53,附　則　（平成二七年七月一〇日法律第五五号）　抄,1,第二条,LAW_REFERENCE,の規定による改正前の特許法（以下「旧特許法」という。）の規定により特許庁長官、審判長又は審査官が指定した手続をすべき期間を経過している手続については、適用しない。 ２ 新特許法第三十六条,94,187
53,附　則　（平成二七年七月一〇日法律第五五号）　抄,1,第二条,LAW_REFERENCE,の提出に係る期間について適用し、施行日前にした旧特許法第三十六条,236,268
53,附　則　（平成二七年七月一〇日法律第五五号）　抄,1,第二条,LAW_REFERENCE,の提出に係る期間については、なお従前の例による。 ３ 新特許法第三十六条,302,338
53,附　則　（平成二七年七月一〇日法律第五五号）　抄,1,第二条,LAW_REFERENCE,の二第三項の規定は、施行日前に旧特許法第三十六条,338,362
53,附　則　（平成二七年七月一〇日法律第五五号）　抄,1,第二条,LAW_REFERENCE,の二第三項の規定により取り下げられたものとみなされた特許出願については、適用しない。 ４ 新特許法第三十六条,362,416
53,附　則　（平成二七年七月一〇日法律第五五号）　抄,1,第二条,LAW_REFERENCE,第四項に規定する期間を経過する特許出願について適用し、施行日前に旧特許法第三十六条,439,480
53,附　則　（平成二七年七月一〇日法律第五五号）　抄,1,第二条,LAW_REFERENCE,を提出することができるときは、同項ただし書に規定する期間）を経過している特許出願については、なお従前の例による。 ５ 新特許法第四十三条,536,604
53,附　則　（平成二七年七月一〇日法律第五五号）　抄,1,第二条,LAW_REFERENCE,第六項の規定は、施行日前に旧特許法第四十三条,604,626
53,附　則　（平成二七年七月一〇日法律第五五号）　抄,1,第二条,LAW_REFERENCE,第二項に規定する期間を経過している特許出願については、適用しない。 ６ 新特許法第四十三条,626,671
53,附　則　（平成二七年七月一〇日法律第五五号）　抄,1,第二条,LAW_REFERENCE,第七項に規定する期間を経過する特許出願について適用し、施行日前に旧特許法第四十三条,692,733
53,附　則　（平成二七年七月一〇日法律第五五号）　抄,1,第二条,LAW_REFERENCE,第二項に規定する期間を経過している特許出願については、なお従前の例による。 ７ 施行日前に既に納付した特許料又は施行日前に納付すべきであった特許料（施行日前に旧特許法第百九条,733,820
53,附　則　（平成二七年七月一〇日法律第五五号）　抄,1,第二条,LAW_REFERENCE,の規定によりその納付が猶予されたものを含む。）については、なお従前の例による。 ８ 新特許法第百八十四条,820,872
53,附　則　（平成二七年七月一〇日法律第五五号）　抄,1,第二条,LAW_REFERENCE,の十一第三項及び第六項の規定は、施行日前に旧特許法第百八十四条,872,903
53,附　則　（平成二七年七月一〇日法律第五五号）　抄,1,第二条,ARTICLE_REFERENCE,第二条,0,3
53,附　則　（平成二七年七月一〇日法律第五五号）　抄,1,第二条,ARTICLE_REFERENCE,第二条,22,25
53,附　則　（平成二七年七月一〇日法律第五五号）　抄,1,第二条,ARTICLE_REFERENCE,第一条,26,29
53,附　則　（平成二七年七月一〇日法律第五五号）　抄,1,第二条,ARTICLE_REFERENCE,第五条,56,59
53,附　則　（平成二七年七月一〇日法律第五五号）　抄,1,第二条,ARTICLE_REFERENCE,第三項,59,62
53,附　則　（平成二七年七月一〇日法律第五五号）　抄,1,第二条,ARTICLE_REFERENCE,第一条,91,94
53,附　則　（平成二七年七月一〇日法律第五五号）　抄,1,第二条,ARTICLE_REFERENCE,第三十六条の二,182,189
53,附　則　（平成二七年七月一〇日法律第五五号）　抄,1,第二条,ARTICLE_REFERENCE,第二項,189,192
53,附　則　（平成二七年七月一〇日法律第五五号）　抄,1,第二条,ARTICLE_REFERENCE,同項,205,207
53,附　則　（平成二七年七月一〇日法律第五五号）　抄,1,第二条,ARTICLE_REFERENCE,第三十六条の二,263,270
53,附　則　（平成二七年七月一〇日法律第五五号）　抄,1,第二条,ARTICLE_REFERENCE,第二項,270,273
53,附　則　（平成二七年七月一〇日法律第五五号）　抄,1,第二条,ARTICLE_REFERENCE,第三十六条の二,333,340
53,附　則　（平成二七年七月一〇日法律第五五号）　抄,1,第二条,ARTICLE_REFERENCE,第三項,340,343
53,附　則　（平成二七年七月一〇日法律第五五号）　抄,1,第二条,ARTICLE_REFERENCE,第三十六条の二,357,364
53,附　則　（平成二七年七月一〇日法律第五五号）　抄,1,第二条,ARTICLE_REFERENCE,第三項,364,367
53,附　則　（平成二七年七月一〇日法律第五五号）　抄,1,第二条,ARTICLE_REFERENCE,第三十六条の二,411,418
53,附　則　（平成二七年七月一〇日法律第五五号）　抄,1,第二条,ARTICLE_REFERENCE,第六項,418,421
53,附　則　（平成二七年七月一〇日法律第五五号）　抄,1,第二条,ARTICLE_REFERENCE,第七項,423,426
53,附　則　（平成二七年七月一〇日法律第五五号）　抄,1,第二条,ARTICLE_REFERENCE,同条,437,439
53,附　則　（平成二七年七月一〇日法律第五五号）　抄,1,第二条,ARTICLE_REFERENCE,第四項,439,442
53,附　則　（平成二七年七月一〇日法律第五五号）　抄,1,第二条,ARTICLE_REFERENCE,第三十六条の二,475,482
53,附　則　（平成二七年七月一〇日法律第五五号）　抄,1,第二条,ARTICLE_REFERENCE,第二項,482,485
53,附　則　（平成二七年七月一〇日法律第五五号）　抄,1,第二条,ARTICLE_REFERENCE,同項,493,495
53,附　則　（平成二七年七月一〇日法律第五五号）　抄,1,第二条,ARTICLE_REFERENCE,同項,505,507
53,附　則　（平成二七年七月一〇日法律第五五号）　抄,1,第二条,ARTICLE_REFERENCE,同項,551,553
53,附　則　（平成二七年七月一〇日法律第五五号）　抄,1,第二条,ARTICLE_REFERENCE,第四十三条,599,604
53,附　則　（平成二七年七月一〇日法律第五五号）　抄,1,第二条,ARTICLE_REFERENCE,第六項,604,607
53,附　則　（平成二七年七月一〇日法律第五五号）　抄,1,第二条,ARTICLE_REFERENCE,第四十三条,621,626
53,附　則　（平成二七年七月一〇日法律第五五号）　抄,1,第二条,ARTICLE_REFERENCE,第二項,626,629
53,附　則　（平成二七年七月一〇日法律第五五号）　抄,1,第二条,ARTICLE_REFERENCE,第四十三条,666,671
53,附　則　（平成二七年七月一〇日法律第五五号）　抄,1,第二条,ARTICLE_REFERENCE,第八項,671,674
53,附　則　（平成二七年七月一〇日法律第五五号）　抄,1,第二条,ARTICLE_REFERENCE,第九項,676,679
53,附　則　（平成二七年七月一〇日法律第五五号）　抄,1,第二条,ARTICLE_REFERENCE,同条,690,692
53,附　則　（平成二七年七月一〇日法律第五五号）　抄,1,第二条,ARTICLE_REFERENCE,第七項,692,695
53,附　則　（平成二七年七月一〇日法律第五五号）　抄,1,第二条,ARTICLE_REFERENCE,第四十三条,728,733
53,附　則　（平成二七年七月一〇日法律第五五号）　抄,1,第二条,ARTICLE_REFERENCE,第二項,733,736
53,附　則　（平成二七年七月一〇日法律第五五号）　抄,1,第二条,ARTICLE_REFERENCE,第百九条,816,820
53,附　則　（平成二七年七月一〇日法律第五五号）　抄,1,第二条,ARTICLE_REFERENCE,第百八十四条の十一,866,875
53,附　則　（平成二七年七月一〇日法律第五五号）　抄,1,第二条,ARTICLE_REFERENCE,第三項,875,878
53,附　則　（平成二七年七月一〇日法律第五五号）　抄,1,第二条,ARTICLE_REFERENCE,第六項,880,883
53,附　則　（平成二七年七月一〇日法律第五五号）　抄,1,第二条,ARTICLE_REFERENCE,第百八十四条の十一,897,906
53,附　則　（平成二七年七月一〇日法律第五五号）　抄,1,第二条,ARTICLE_REFERENCE,第三項,906,909
53,附　則　（平成二七年七月一〇日法律第五五号）　抄,1,第二条,TIME_PERIOD,を経過,154,157
53,附　則　（平成二七年七月一〇日法律第五五号）　抄,1,第二条,TIME_PERIOD,を経過,449,452
53,附　則　（平成二七年七月一〇日法律第五五号）　抄,1,第二条,TIME_PERIOD,を経過,565,568
53,附　則　（平成二七年七月一〇日法律第五五号）　抄,1,第二条,TIME_PERIOD,を経過,636,639
53,附　則　（平成二七年七月一〇日法律第五五号）　抄,1,第二条,TIME_PERIOD,を経過,702,705
53,附　則　（平成二七年七月一〇日法律第五五号）　抄,1,第二条,TIME_PERIOD,を経過,743,746
53,附　則　（平成二七年七月一〇日法律第五五号）　抄,1,第二条,ORGANIZATION,特許庁長官,127,132
53,附　則　（平成二七年七月一〇日法律第五五号）　抄,1,第二条,ORGANIZATION,審査官,138,141
53,附　則　（平成二七年七月一〇日法律第五五号）　抄,1,第二条,PROCEDURE,審判,133,135
53,附　則　（平成二七年七月一〇日法律第五五号）　抄,1,第二条,PROCEDURE,審査,138,140
53,附　則　（平成二七年七月一〇日法律第五五号）　抄,1,第二条,PROCEDURE,要約書,222,225
53,附　則　（平成二七年七月一〇日法律第五五号）　抄,1,第二条,PROCEDURE,要約書,288,291
53,附　則　（平成二七年七月一〇日法律第五五号）　抄,1,第二条,PROCEDURE,出願,390,392
53,附　則　（平成二七年七月一〇日法律第五五号）　抄,1,第二条,PROCEDURE,出願,456,458
53,附　則　（平成二七年七月一〇日法律第五五号）　抄,1,第二条,PROCEDURE,要約書,522,525
53,附　則　（平成二七年七月一〇日法律第五五号）　抄,1,第二条,PROCEDURE,出願,574,576
53,附　則　（平成二七年七月一〇日法律第五五号）　抄,1,第二条,PROCEDURE,出願,645,647
53,附　則　（平成二七年七月一〇日法律第五五号）　抄,1,第二条,PROCEDURE,出願,709,711
53,附　則　（平成二七年七月一〇日法律第五五号）　抄,1,第二条,PROCEDURE,出願,752,754
53,附　則　（平成二七年七月一〇日法律第五五号）　抄,1,第二条,PROCEDURE,出願,934,936
53,附　則　（平成二七年七月一〇日法律第五五号）　抄,2,第五条,LAW_REFERENCE,政令,5,7
53,附　則　（平成二七年七月一〇日法律第五五号）　抄,2,第五条,LAW_REFERENCE,に定めるもののほか、この法,27,40
53,附　則　（平成二七年七月一〇日法律第五五号）　抄,2,第五条,LAW_REFERENCE,政令,56,58
53,附　則　（平成二七年七月一〇日法律第五五号）　抄,2,第五条,ARTICLE_REFERENCE,第五条,0,3
53,附　則　（平成二七年七月一〇日法律第五五号）　抄,2,第五条,ARTICLE_REFERENCE,第五条,13,16
53,附　則　（平成二七年七月一〇日法律第五五号）　抄,2,第五条,ARTICLE_REFERENCE,附則,22,24
53,附　則　（平成二七年七月一〇日法律第五五号）　抄,2,第五条,ARTICLE_REFERENCE,第九条,24,27
53,附　則　（平成二七年七月一〇日法律第五五号）　抄,3,第六条,LAW_REFERENCE, 政府は、施行日以後五年を経過した場合において、新特許法第百七条,12,44
53,附　則　（平成二七年七月一〇日法律第五五号）　抄,3,第六条,LAW_REFERENCE,第一項並びに新商標法第四十条,44,58
53,附　則　（平成二七年七月一〇日法律第五五号）　抄,3,第六条,ARTICLE_REFERENCE,第六条,0,3
53,附　則　（平成二七年七月一〇日法律第五五号）　抄,3,第六条,ARTICLE_REFERENCE,第六条,9,12
53,附　則　（平成二七年七月一〇日法律第五五号）　抄,3,第六条,ARTICLE_REFERENCE,第百七条,40,44
53,附　則　（平成二七年七月一〇日法律第五五号）　抄,3,第六条,ARTICLE_REFERENCE,第一項,44,47
53,附　則　（平成二七年七月一〇日法律第五五号）　抄,3,第六条,ARTICLE_REFERENCE,第四十条,54,58
53,附　則　（平成二七年七月一〇日法律第五五号）　抄,3,第六条,ARTICLE_REFERENCE,第一項,58,61
53,附　則　（平成二七年七月一〇日法律第五五号）　抄,3,第六条,ARTICLE_REFERENCE,第二項,63,66
53,附　則　（平成二七年七月一〇日法律第五五号）　抄,3,第六条,ARTICLE_REFERENCE,第四十一条の二,67,74
53,附　則　（平成二七年七月一〇日法律第五五号）　抄,3,第六条,ARTICLE_REFERENCE,第一項,74,77
53,附　則　（平成二七年七月一〇日法律第五五号）　抄,3,第六条,ARTICLE_REFERENCE,第七項,79,82
53,附　則　（平成二七年七月一〇日法律第五五号）　抄,3,第六条,ARTICLE_REFERENCE,第六十五条の七,83,90
53,附　則　（平成二七年七月一〇日法律第五五号）　抄,3,第六条,ARTICLE_REFERENCE,第一項,90,93
53,附　則　（平成二七年七月一〇日法律第五五号）　抄,3,第六条,ARTICLE_REFERENCE,第二項,95,98
53,附　則　（平成二七年七月一〇日法律第五五号）　抄,3,第六条,ARTICLE_REFERENCE,第六十八条の三十,101,109
53,附　則　（平成二七年七月一〇日法律第五五号）　抄,3,第六条,ARTICLE_REFERENCE,第一項,109,112
53,附　則　（平成二七年七月一〇日法律第五五号）　抄,3,第六条,ARTICLE_REFERENCE,各号,112,114
53,附　則　（平成二七年七月一〇日法律第五五号）　抄,3,第六条,ARTICLE_REFERENCE,第五項,116,119
53,附　則　（平成二七年七月一〇日法律第五五号）　抄,3,第六条,TIME_PERIOD,五年,22,24
53,附　則　（平成二七年七月一〇日法律第五五号）　抄,3,第六条,TIME_PERIOD,を経過,24,27
53,附　則　（平成二七年七月一〇日法律第五五号）　抄,3,第六条,PROCEDURE,商標,51,53
54,附　則　（平成二八年五月二七日法律第五一号）　抄,0,第一条,LAW_REFERENCE, この法,14,18
54,附　則　（平成二八年五月二七日法律第五一号）　抄,0,第一条,LAW_REFERENCE,政令,47,49
54,附　則　（平成二八年五月二七日法律第五一号）　抄,0,第一条,ARTICLE_REFERENCE,第一条,0,3
54,附　則　（平成二八年五月二七日法律第五一号）　抄,0,第一条,ARTICLE_REFERENCE,第一条,11,14
54,附　則　（平成二八年五月二七日法律第五一号）　抄,0,第一条,TIME_PERIOD,から,25,27
54,附　則　（平成二八年五月二七日法律第五一号）　抄,0,第一条,TIME_PERIOD,一年六月,31,35
54,附　則　（平成二八年五月二七日法律第五一号）　抄,0,第一条,TIME_PERIOD,から,54,56
55,附　則　（平成二八年一二月一六日法律第一〇八号）　抄,0,第一条,LAW_REFERENCE, この法,14,18
55,附　則　（平成二八年一二月一六日法律第一〇八号）　抄,0,第一条,ARTICLE_REFERENCE,第一条,0,3
55,附　則　（平成二八年一二月一六日法律第一〇八号）　抄,0,第一条,ARTICLE_REFERENCE,第一条,11,14
55,附　則　（平成二八年一二月一六日法律第一〇八号）　抄,0,第一条,ARTICLE_REFERENCE,第三号,64,67
55,附　則　（平成二八年一二月一六日法律第一〇八号）　抄,0,第一条,ARTICLE_REFERENCE,各号,94,96
55,附　則　（平成二八年一二月一六日法律第一〇八号）　抄,0,第一条,ARTICLE_REFERENCE,各号,106,108
55,附　則　（平成二八年一二月一六日法律第一〇八号）　抄,0,第一条,ARTICLE_REFERENCE,附則,123,125
55,附　則　（平成二八年一二月一六日法律第一〇八号）　抄,0,第一条,ARTICLE_REFERENCE,第九条,125,128
55,附　則　（平成二八年一二月一六日法律第一〇八号）　抄,0,第一条,TIME_PERIOD,から,81,83
55,附　則　（平成二八年一二月一六日法律第一〇八号）　抄,0,第一条,TIME_PERIOD,から,113,115
55,附　則　（平成二八年一二月一六日法律第一〇八号）　抄,0,第一条,LEGAL_STATUS,効力,56,58
55,附　則　（平成二八年一二月一六日法律第一〇八号）　抄,1,第二条,LAW_REFERENCE,"
（特許法",3,8
55,附　則　（平成二八年一二月一六日法律第一〇八号）　抄,1,第二条,LAW_REFERENCE, この法,25,29
55,附　則　（平成二八年一二月一六日法律第一〇八号）　抄,1,第二条,LAW_REFERENCE,の規定による改正後の特許法,134,147
55,附　則　（平成二八年一二月一六日法律第一〇八号）　抄,1,第二条,ARTICLE_REFERENCE,第二条,0,3
55,附　則　（平成二八年一二月一六日法律第一〇八号）　抄,1,第二条,ARTICLE_REFERENCE,第二条,22,25
55,附　則　（平成二八年一二月一六日法律第一〇八号）　抄,1,第二条,ARTICLE_REFERENCE,第二条,131,134
55,附　則　（平成二八年一二月一六日法律第一〇八号）　抄,1,第二条,TIME_PERIOD,から,84,86
55,附　則　（平成二八年一二月一六日法律第一〇八号）　抄,1,第二条,TIME_PERIOD,二年,86,88
55,附　則　（平成二八年一二月一六日法律第一〇八号）　抄,1,第二条,TIME_PERIOD,を経過,88,91
55,附　則　（平成二八年一二月一六日法律第一〇八号）　抄,1,第二条,PROCEDURE,出願,109,111
55,附　則　（平成二八年一二月一六日法律第一〇八号）　抄,1,第二条,PROCEDURE,特許権,114,117
55,附　則　（平成二八年一二月一六日法律第一〇八号）　抄,2,第八条,ARTICLE_REFERENCE,第八条,0,3
55,附　則　（平成二八年一二月一六日法律第一〇八号）　抄,2,第八条,ARTICLE_REFERENCE,第八条,17,20
55,附　則　（平成二八年一二月一六日法律第一〇八号）　抄,2,第八条,ARTICLE_REFERENCE,附則,32,34
55,附　則　（平成二八年一二月一六日法律第一〇八号）　抄,2,第八条,ARTICLE_REFERENCE,第五条,34,37
55,附　則　（平成二八年一二月一六日法律第一〇八号）　抄,3,第九条,LAW_REFERENCE,政令,5,7
55,附　則　（平成二八年一二月一六日法律第一〇八号）　抄,3,第九条,LAW_REFERENCE, この附則に規定するもののほか、この法,16,35
55,附　則　（平成二八年一二月一六日法律第一〇八号）　抄,3,第九条,LAW_REFERENCE,政令,67,69
55,附　則　（平成二八年一二月一六日法律第一〇八号）　抄,3,第九条,ARTICLE_REFERENCE,第九条,0,3
55,附　則　（平成二八年一二月一六日法律第一〇八号）　抄,3,第九条,ARTICLE_REFERENCE,第九条,13,16
55,附　則　（平成二八年一二月一六日法律第一〇八号）　抄,3,第九条,ARTICLE_REFERENCE,附則,19,21
56,附　則　（平成三〇年五月三〇日法律第三三号）　抄,0,第一条,LAW_REFERENCE, この法,14,18
56,附　則　（平成三〇年五月三〇日法律第三三号）　抄,0,第一条,LAW_REFERENCE,政令,47,49
56,附　則　（平成三〇年五月三〇日法律第三三号）　抄,0,第一条,LAW_REFERENCE,中特許法第三十条,123,131
56,附　則　（平成三〇年五月三〇日法律第三三号）　抄,0,第一条,LAW_REFERENCE,中意匠法第四条,148,155
56,附　則　（平成三〇年五月三〇日法律第三三号）　抄,0,第一条,LAW_REFERENCE,中商標法第十条,174,181
56,附　則　（平成三〇年五月三〇日法律第三三号）　抄,0,第一条,LAW_REFERENCE,中特許法第百七条,251,259
56,附　則　（平成三〇年五月三〇日法律第三三号）　抄,0,第一条,LAW_REFERENCE,政令,465,467
56,附　則　（平成三〇年五月三〇日法律第三三号）　抄,0,第一条,ARTICLE_REFERENCE,第一条,0,3
56,附　則　（平成三〇年五月三〇日法律第三三号）　抄,0,第一条,ARTICLE_REFERENCE,第一条,11,14
56,附　則　（平成三〇年五月三〇日法律第三三号）　抄,0,第一条,ARTICLE_REFERENCE,各号,67,69
56,附　則　（平成三〇年五月三〇日法律第三三号）　抄,0,第一条,ARTICLE_REFERENCE,各号,79,81
56,附　則　（平成三〇年五月三〇日法律第三三号）　抄,0,第一条,ARTICLE_REFERENCE,附則,96,98
56,附　則　（平成三〇年五月三〇日法律第三三号）　抄,0,第一条,ARTICLE_REFERENCE,第十八条,98,102
56,附　則　（平成三〇年五月三〇日法律第三三号）　抄,0,第一条,ARTICLE_REFERENCE,第三十四条,104,109
56,附　則　（平成三〇年五月三〇日法律第三三号）　抄,0,第一条,ARTICLE_REFERENCE,第三条,120,123
56,附　則　（平成三〇年五月三〇日法律第三三号）　抄,0,第一条,ARTICLE_REFERENCE,第三十条,127,131
56,附　則　（平成三〇年五月三〇日法律第三三号）　抄,0,第一条,ARTICLE_REFERENCE,第一項,131,134
56,附　則　（平成三〇年五月三〇日法律第三三号）　抄,0,第一条,ARTICLE_REFERENCE,第二項,136,139
56,附　則　（平成三〇年五月三〇日法律第三三号）　抄,0,第一条,ARTICLE_REFERENCE,第四条,145,148
56,附　則　（平成三〇年五月三〇日法律第三三号）　抄,0,第一条,ARTICLE_REFERENCE,第四条,152,155
56,附　則　（平成三〇年五月三〇日法律第三三号）　抄,0,第一条,ARTICLE_REFERENCE,第一項,155,158
56,附　則　（平成三〇年五月三〇日法律第三三号）　抄,0,第一条,ARTICLE_REFERENCE,第二項,160,163
56,附　則　（平成三〇年五月三〇日法律第三三号）　抄,0,第一条,ARTICLE_REFERENCE,第五条,171,174
56,附　則　（平成三〇年五月三〇日法律第三三号）　抄,0,第一条,ARTICLE_REFERENCE,第十条,178,181
56,附　則　（平成三〇年五月三〇日法律第三三号）　抄,0,第一条,ARTICLE_REFERENCE,第一項,181,184
56,附　則　（平成三〇年五月三〇日法律第三三号）　抄,0,第一条,ARTICLE_REFERENCE,附則,192,194
56,附　則　（平成三〇年五月三〇日法律第三三号）　抄,0,第一条,ARTICLE_REFERENCE,第十条,194,197
56,附　則　（平成三〇年五月三〇日法律第三三号）　抄,0,第一条,ARTICLE_REFERENCE,第十二条,198,202
56,附　則　（平成三〇年五月三〇日法律第三三号）　抄,0,第一条,ARTICLE_REFERENCE,第十四条,203,207
56,附　則　（平成三〇年五月三〇日法律第三三号）　抄,0,第一条,ARTICLE_REFERENCE,第十六条,208,212
56,附　則　（平成三〇年五月三〇日法律第三三号）　抄,0,第一条,ARTICLE_REFERENCE,第三十三条,214,219
56,附　則　（平成三〇年五月三〇日法律第三三号）　抄,0,第一条,ARTICLE_REFERENCE,第三条,248,251
56,附　則　（平成三〇年五月三〇日法律第三三号）　抄,0,第一条,ARTICLE_REFERENCE,第百七条,255,259
56,附　則　（平成三〇年五月三〇日法律第三三号）　抄,0,第一条,ARTICLE_REFERENCE,第三項,259,262
56,附　則　（平成三〇年五月三〇日法律第三三号）　抄,0,第一条,ARTICLE_REFERENCE,第百九条,268,272
56,附　則　（平成三〇年五月三〇日法律第三三号）　抄,0,第一条,ARTICLE_REFERENCE,同条,280,282
56,附　則　（平成三〇年五月三〇日法律第三三号）　抄,0,第一条,ARTICLE_REFERENCE,同条,292,294
56,附　則　（平成三〇年五月三〇日法律第三三号）　抄,0,第一条,ARTICLE_REFERENCE,第百十二条,308,313
56,附　則　（平成三〇年五月三〇日法律第三三号）　抄,0,第一条,ARTICLE_REFERENCE,第一項,313,316
56,附　則　（平成三〇年五月三〇日法律第三三号）　抄,0,第一条,ARTICLE_REFERENCE,第六項,318,321
56,附　則　（平成三〇年五月三〇日法律第三三号）　抄,0,第一条,ARTICLE_REFERENCE,第百九十五条,327,333
56,附　則　（平成三〇年五月三〇日法律第三三号）　抄,0,第一条,ARTICLE_REFERENCE,第六項,333,336
56,附　則　（平成三〇年五月三〇日法律第三三号）　抄,0,第一条,ARTICLE_REFERENCE,第百九十五条の二,344,352
56,附　則　（平成三〇年五月三〇日法律第三三号）　抄,0,第一条,ARTICLE_REFERENCE,同条,360,362
56,附　則　（平成三〇年五月三〇日法律第三三号）　抄,0,第一条,ARTICLE_REFERENCE,同条,372,374
56,附　則　（平成三〇年五月三〇日法律第三三号）　抄,0,第一条,ARTICLE_REFERENCE,第六条,390,393
56,附　則　（平成三〇年五月三〇日法律第三三号）　抄,0,第一条,ARTICLE_REFERENCE,第七条,395,398
56,附　則　（平成三〇年五月三〇日法律第三三号）　抄,0,第一条,ARTICLE_REFERENCE,附則,404,406
56,附　則　（平成三〇年五月三〇日法律第三三号）　抄,0,第一条,ARTICLE_REFERENCE,第十一条,406,410
56,附　則　（平成三〇年五月三〇日法律第三三号）　抄,0,第一条,ARTICLE_REFERENCE,第十五条,411,415
56,附　則　（平成三〇年五月三〇日法律第三三号）　抄,0,第一条,ARTICLE_REFERENCE,第二十三条,416,421
56,附　則　（平成三〇年五月三〇日法律第三三号）　抄,0,第一条,ARTICLE_REFERENCE,第二十五条,423,428
56,附　則　（平成三〇年五月三〇日法律第三三号）　抄,0,第一条,ARTICLE_REFERENCE,第三十二条,430,435
56,附　則　（平成三〇年五月三〇日法律第三三号）　抄,0,第一条,TIME_PERIOD,から,25,27
56,附　則　（平成三〇年五月三〇日法律第三三号）　抄,0,第一条,TIME_PERIOD,一年六月,31,35
56,附　則　（平成三〇年五月三〇日法律第三三号）　抄,0,第一条,TIME_PERIOD,から,54,56
56,附　則　（平成三〇年五月三〇日法律第三三号）　抄,0,第一条,TIME_PERIOD,から,86,88
56,附　則　（平成三〇年五月三〇日法律第三三号）　抄,0,第一条,TIME_PERIOD,から,227,229
56,附　則　（平成三〇年五月三〇日法律第三三号）　抄,0,第一条,TIME_PERIOD,十日,233,235
56,附　則　（平成三〇年五月三〇日法律第三三号）　抄,0,第一条,TIME_PERIOD,を経過,235,238
56,附　則　（平成三〇年五月三〇日法律第三三号）　抄,0,第一条,TIME_PERIOD,から,428,430
56,附　則　（平成三〇年五月三〇日法律第三三号）　抄,0,第一条,TIME_PERIOD,まで,435,437
56,附　則　（平成三〇年五月三〇日法律第三三号）　抄,0,第一条,TIME_PERIOD,から,445,447
56,附　則　（平成三〇年五月三〇日法律第三三号）　抄,0,第一条,TIME_PERIOD,一年,451,453
56,附　則　（平成三〇年五月三〇日法律第三三号）　抄,0,第一条,PROCEDURE,意匠,149,151
56,附　則　（平成三〇年五月三〇日法律第三三号）　抄,0,第一条,PROCEDURE,商標,175,177
56,附　則　（平成三〇年五月三〇日法律第三三号）　抄,1,第十条,LAW_REFERENCE, 特許法第二十九条,34,43
56,附　則　（平成三〇年五月三〇日法律第三三号）　抄,1,第十条,LAW_REFERENCE,の規定（同号に掲げる改正規定に限る。）による改正後の特許法,121,150
56,附　則　（平成三〇年五月三〇日法律第三三号）　抄,1,第十条,LAW_REFERENCE,において「第二号新特許法,157,169
56,附　則　（平成三〇年五月三〇日法律第三三号）　抄,1,第十条,ARTICLE_REFERENCE,第十条,0,3
56,附　則　（平成三〇年五月三〇日法律第三三号）　抄,1,第十条,ARTICLE_REFERENCE,第十条,31,34
56,附　則　（平成三〇年五月三〇日法律第三三号）　抄,1,第十条,ARTICLE_REFERENCE,第二十九条,38,43
56,附　則　（平成三〇年五月三〇日法律第三三号）　抄,1,第十条,ARTICLE_REFERENCE,第一項,43,46
56,附　則　（平成三〇年五月三〇日法律第三三号）　抄,1,第十条,ARTICLE_REFERENCE,各号,46,48
56,附　則　（平成三〇年五月三〇日法律第三三号）　抄,1,第十条,ARTICLE_REFERENCE,附則,65,67
56,附　則　（平成三〇年五月三〇日法律第三三号）　抄,1,第十条,ARTICLE_REFERENCE,第一条,67,70
56,附　則　（平成三〇年五月三〇日法律第三三号）　抄,1,第十条,ARTICLE_REFERENCE,第二号,70,73
56,附　則　（平成三〇年五月三〇日法律第三三号）　抄,1,第十条,ARTICLE_REFERENCE,第二号,88,91
56,附　則　（平成三〇年五月三〇日法律第三三号）　抄,1,第十条,ARTICLE_REFERENCE,第三条,118,121
56,附　則　（平成三〇年五月三〇日法律第三三号）　抄,1,第十条,ARTICLE_REFERENCE,同号,125,127
56,附　則　（平成三〇年五月三〇日法律第三三号）　抄,1,第十条,ARTICLE_REFERENCE,附則,151,153
56,附　則　（平成三〇年五月三〇日法律第三三号）　抄,1,第十条,ARTICLE_REFERENCE,第十六条,153,157
56,附　則　（平成三〇年五月三〇日法律第三三号）　抄,1,第十条,ARTICLE_REFERENCE,第二号,162,165
56,附　則　（平成三〇年五月三〇日法律第三三号）　抄,1,第十条,ARTICLE_REFERENCE,第三十条,175,179
56,附　則　（平成三〇年五月三〇日法律第三三号）　抄,1,第十条,ARTICLE_REFERENCE,第一項,179,182
56,附　則　（平成三〇年五月三〇日法律第三三号）　抄,1,第十条,ARTICLE_REFERENCE,第二項,184,187
56,附　則　（平成三〇年五月三〇日法律第三三号）　抄,1,第十条,TIME_PERIOD,六月,101,103
56,附　則　（平成三〇年五月三〇日法律第三三号）　抄,1,第十条,PROCEDURE,発明,5,7
56,附　則　（平成三〇年五月三〇日法律第三三号）　抄,1,第十条,PROCEDURE,発明,110,112
56,附　則　（平成三〇年五月三〇日法律第三三号）　抄,2,第十一条,LAW_REFERENCE,第四号に掲げる改正規定に限る。）による改正後の特許法第百九条,39,69
56,附　則　（平成三〇年五月三〇日法律第三三号）　抄,2,第十一条,ARTICLE_REFERENCE,第十一条,0,4
56,附　則　（平成三〇年五月三〇日法律第三三号）　抄,2,第十一条,ARTICLE_REFERENCE,第十一条,22,26
56,附　則　（平成三〇年五月三〇日法律第三三号）　抄,2,第十一条,ARTICLE_REFERENCE,第三条,27,30
56,附　則　（平成三〇年五月三〇日法律第三三号）　抄,2,第十一条,ARTICLE_REFERENCE,附則,34,36
56,附　則　（平成三〇年五月三〇日法律第三三号）　抄,2,第十一条,ARTICLE_REFERENCE,第一条,36,39
56,附　則　（平成三〇年五月三〇日法律第三三号）　抄,2,第十一条,ARTICLE_REFERENCE,第四号,39,42
56,附　則　（平成三〇年五月三〇日法律第三三号）　抄,2,第十一条,ARTICLE_REFERENCE,第百九条の二,65,71
56,附　則　（平成三〇年五月三〇日法律第三三号）　抄,2,第十一条,ARTICLE_REFERENCE,第一項,71,74
56,附　則　（平成三〇年五月三〇日法律第三三号）　抄,2,第十一条,ARTICLE_REFERENCE,同号,79,81
56,附　則　（平成三〇年五月三〇日法律第三三号）　抄,2,第十一条,ARTICLE_REFERENCE,附則,100,102
56,附　則　（平成三〇年五月三〇日法律第三三号）　抄,2,第十一条,ARTICLE_REFERENCE,第十五条,102,106
56,附　則　（平成三〇年五月三〇日法律第三三号）　抄,2,第十一条,ARTICLE_REFERENCE,第四号,111,114
56,附　則　（平成三〇年五月三〇日法律第三三号）　抄,2,第十一条,ARTICLE_REFERENCE,第四号,154,157
56,附　則　（平成三〇年五月三〇日法律第三三号）　抄,2,第十一条,PROCEDURE,出願,126,128
56,附　則　（平成三〇年五月三〇日法律第三三号）　抄,2,第十一条,PROCEDURE,審査,128,130
56,附　則　（平成三〇年五月三〇日法律第三三号）　抄,2,第十一条,PROCEDURE,請求,131,133
56,附　則　（平成三〇年五月三〇日法律第三三号）　抄,2,第十一条,PROCEDURE,出願,138,140
56,附　則　（平成三〇年五月三〇日法律第三三号）　抄,2,第十一条,PROCEDURE,出願,162,164
56,附　則　（平成三〇年五月三〇日法律第三三号）　抄,2,第十一条,PROCEDURE,審査,164,166
56,附　則　（平成三〇年五月三〇日法律第三三号）　抄,2,第十一条,PROCEDURE,請求,167,169
56,附　則　（平成三〇年五月三〇日法律第三三号）　抄,2,第十一条,PROCEDURE,出願,174,176
56,附　則　（平成三〇年五月三〇日法律第三三号）　抄,3,第十六条,LAW_REFERENCE, 実用新案法（昭和三十四年法,36,50
56,附　則　（平成三〇年五月三〇日法律第三三号）　抄,3,第十六条,LAW_REFERENCE,第一項各号のいずれかに該当するに至った日が、第二号施行日の六月前の日前である考案については、同法第十一条,61,113
56,附　則　（平成三〇年五月三〇日法律第三三号）　抄,3,第十六条,LAW_REFERENCE,第一項において準用する第二号新特許法第三十条,113,135
56,附　則　（平成三〇年五月三〇日法律第三三号）　抄,3,第十六条,ARTICLE_REFERENCE,第十六条,0,4
56,附　則　（平成三〇年五月三〇日法律第三三号）　抄,3,第十六条,ARTICLE_REFERENCE,第十六条,32,36
56,附　則　（平成三〇年五月三〇日法律第三三号）　抄,3,第十六条,ARTICLE_REFERENCE,第百二十三号,51,57
56,附　則　（平成三〇年五月三〇日法律第三三号）　抄,3,第十六条,ARTICLE_REFERENCE,第三条,58,61
56,附　則　（平成三〇年五月三〇日法律第三三号）　抄,3,第十六条,ARTICLE_REFERENCE,第一項,61,64
56,附　則　（平成三〇年五月三〇日法律第三三号）　抄,3,第十六条,ARTICLE_REFERENCE,各号,64,66
56,附　則　（平成三〇年五月三〇日法律第三三号）　抄,3,第十六条,ARTICLE_REFERENCE,第二号,83,86
56,附　則　（平成三〇年五月三〇日法律第三三号）　抄,3,第十六条,ARTICLE_REFERENCE,第十一条,109,113
56,附　則　（平成三〇年五月三〇日法律第三三号）　抄,3,第十六条,ARTICLE_REFERENCE,第一項,113,116
56,附　則　（平成三〇年五月三〇日法律第三三号）　抄,3,第十六条,ARTICLE_REFERENCE,第二号,124,127
56,附　則　（平成三〇年五月三〇日法律第三三号）　抄,3,第十六条,ARTICLE_REFERENCE,第三十条,131,135
56,附　則　（平成三〇年五月三〇日法律第三三号）　抄,3,第十六条,ARTICLE_REFERENCE,第一項,135,138
56,附　則　（平成三〇年五月三〇日法律第三三号）　抄,3,第十六条,ARTICLE_REFERENCE,第二項,140,143
56,附　則　（平成三〇年五月三〇日法律第三三号）　抄,3,第十六条,TIME_PERIOD,三十四年,45,49
56,附　則　（平成三〇年五月三〇日法律第三三号）　抄,3,第十六条,TIME_PERIOD,六月,90,92
56,附　則　（平成三〇年五月三〇日法律第三三号）　抄,3,第十六条,PROCEDURE,考案,6,8
56,附　則　（平成三〇年五月三〇日法律第三三号）　抄,3,第十六条,PROCEDURE,考案,99,101
56,附　則　（平成三〇年五月三〇日法律第三三号）　抄,4,第十七条,LAW_REFERENCE, この法,22,26
56,附　則　（平成三〇年五月三〇日法律第三三号）　抄,4,第十七条,ARTICLE_REFERENCE,第十七条,0,4
56,附　則　（平成三〇年五月三〇日法律第三三号）　抄,4,第十七条,ARTICLE_REFERENCE,第十七条,18,22
56,附　則　（平成三〇年五月三〇日法律第三三号）　抄,5,第十八条,LAW_REFERENCE,政令,6,8
56,附　則　（平成三〇年五月三〇日法律第三三号）　抄,5,第十八条,LAW_REFERENCE, この附則に規定するもののほか、この法,18,37
56,附　則　（平成三〇年五月三〇日法律第三三号）　抄,5,第十八条,LAW_REFERENCE,政令,69,71
56,附　則　（平成三〇年五月三〇日法律第三三号）　抄,5,第十八条,ARTICLE_REFERENCE,第十八条,0,4
56,附　則　（平成三〇年五月三〇日法律第三三号）　抄,5,第十八条,ARTICLE_REFERENCE,第十八条,14,18
56,附　則　（平成三〇年五月三〇日法律第三三号）　抄,5,第十八条,ARTICLE_REFERENCE,附則,21,23
57,附　則　（平成三〇年七月六日法律第七〇号）　抄,0,第一条,LAW_REFERENCE, この法,14,18
57,附　則　（平成三〇年七月六日法律第七〇号）　抄,0,第一条,LAW_REFERENCE,の規定 この法律の公布の日又は不正競争防止法等の一部を改正する法律（平成三十年法,76,116
57,附　則　（平成三〇年七月六日法律第七〇号）　抄,0,第一条,ARTICLE_REFERENCE,第一条,0,3
57,附　則　（平成三〇年七月六日法律第七〇号）　抄,0,第一条,ARTICLE_REFERENCE,第一条,11,14
57,附　則　（平成三〇年七月六日法律第七〇号）　抄,0,第一条,ARTICLE_REFERENCE,各号,38,40
57,附　則　（平成三〇年七月六日法律第七〇号）　抄,0,第一条,ARTICLE_REFERENCE,各号,50,52
57,附　則　（平成三〇年七月六日法律第七〇号）　抄,0,第一条,ARTICLE_REFERENCE,次条,67,69
57,附　則　（平成三〇年七月六日法律第七〇号）　抄,0,第一条,ARTICLE_REFERENCE,附則,71,73
57,附　則　（平成三〇年七月六日法律第七〇号）　抄,0,第一条,ARTICLE_REFERENCE,第三条,73,76
57,附　則　（平成三〇年七月六日法律第七〇号）　抄,0,第一条,ARTICLE_REFERENCE,第三十三号,117,122
57,附　則　（平成三〇年七月六日法律第七〇号）　抄,0,第一条,TIME_PERIOD,から,25,27
57,附　則　（平成三〇年七月六日法律第七〇号）　抄,0,第一条,TIME_PERIOD,から,57,59
57,附　則　（平成三〇年七月六日法律第七〇号）　抄,0,第一条,TIME_PERIOD,三十年,112,115
57,附　則　（平成三〇年七月六日法律第七〇号）　抄,1,第三条,LAW_REFERENCE,"
（不正競争防止法等改正法",3,16
57,附　則　（平成三〇年七月六日法律第七〇号）　抄,1,第三条,LAW_REFERENCE, この法,33,37
57,附　則　（平成三〇年七月六日法律第七〇号）　抄,1,第三条,LAW_REFERENCE,において「施行日」という。）が不正競争防止法等改正法,49,75
57,附　則　（平成三〇年七月六日法律第七〇号）　抄,1,第三条,ARTICLE_REFERENCE,第三条,0,3
57,附　則　（平成三〇年七月六日法律第七〇号）　抄,1,第三条,ARTICLE_REFERENCE,第三条,30,33
57,附　則　（平成三〇年七月六日法律第七〇号）　抄,1,第三条,ARTICLE_REFERENCE,附則,44,46
57,附　則　（平成三〇年七月六日法律第七〇号）　抄,1,第三条,ARTICLE_REFERENCE,第五条,46,49
57,附　則　（平成三〇年七月六日法律第七〇号）　抄,1,第三条,ARTICLE_REFERENCE,附則,75,77
57,附　則　（平成三〇年七月六日法律第七〇号）　抄,1,第三条,ARTICLE_REFERENCE,第一条,77,80
57,附　則　（平成三〇年七月六日法律第七〇号）　抄,1,第三条,ARTICLE_REFERENCE,第二号,80,83
57,附　則　（平成三〇年七月六日法律第七〇号）　抄,1,第三条,ARTICLE_REFERENCE,附則,104,106
57,附　則　（平成三〇年七月六日法律第七〇号）　抄,1,第三条,ARTICLE_REFERENCE,第二条,106,109
57,附　則　（平成三〇年七月六日法律第七〇号）　抄,1,第三条,ARTICLE_REFERENCE,第三項,109,112
57,附　則　（平成三〇年七月六日法律第七〇号）　抄,1,第三条,ARTICLE_REFERENCE,附則,119,121
57,附　則　（平成三〇年七月六日法律第七〇号）　抄,1,第三条,ARTICLE_REFERENCE,第二条,121,124
57,附　則　（平成三〇年七月六日法律第七〇号）　抄,1,第三条,ARTICLE_REFERENCE,第三項,124,127
57,附　則　（平成三〇年七月六日法律第七〇号）　抄,1,第三条,ARTICLE_REFERENCE,附則,134,136
57,附　則　（平成三〇年七月六日法律第七〇号）　抄,1,第三条,ARTICLE_REFERENCE,第二条,136,139
57,附　則　（平成三〇年七月六日法律第七〇号）　抄,1,第三条,ARTICLE_REFERENCE,附則,142,144
57,附　則　（平成三〇年七月六日法律第七〇号）　抄,1,第三条,ARTICLE_REFERENCE,第二条,157,160
57,附　則　（平成三〇年七月六日法律第七〇号）　抄,1,第三条,ARTICLE_REFERENCE,第三項,160,163
57,附　則　（平成三〇年七月六日法律第七〇号）　抄,1,第三条,ARTICLE_REFERENCE,第二条,170,173
57,附　則　（平成三〇年七月六日法律第七〇号）　抄,1,第三条,ARTICLE_REFERENCE,前条,177,179
58,附　則　（令和元年五月一七日法律第三号）　抄,0,第一条,LAW_REFERENCE, この法,14,18
58,附　則　（令和元年五月一七日法律第三号）　抄,0,第一条,LAW_REFERENCE,政令,45,47
58,附　則　（令和元年五月一七日法律第三号）　抄,0,第一条,LAW_REFERENCE,中特許法第六十五条,117,126
58,附　則　（令和元年五月一七日法律第三号）　抄,0,第一条,LAW_REFERENCE,第六項の改正規定、同法第百五条,126,141
58,附　則　（令和元年五月一七日法律第三号）　抄,0,第一条,LAW_REFERENCE,第四項の改正規定、同法第百五条,141,156
58,附　則　（令和元年五月一七日法律第三号）　抄,0,第一条,LAW_REFERENCE,の二を同法第百五条,156,165
58,附　則　（令和元年五月一七日法律第三号）　抄,0,第一条,LAW_REFERENCE,の二の十一とし、同法第百五条,165,179
58,附　則　（令和元年五月一七日法律第三号）　抄,0,第一条,LAW_REFERENCE,を加える改正規定、同法第百五条,184,199
58,附　則　（令和元年五月一七日法律第三号）　抄,0,第一条,LAW_REFERENCE,の四第一項第一号の改正規定、同法第百六十九条,199,221
58,附　則　（令和元年五月一七日法律第三号）　抄,0,第一条,LAW_REFERENCE,第六項の改正規定、同法第二百条,221,236
58,附　則　（令和元年五月一七日法律第三号）　抄,0,第一条,LAW_REFERENCE,の前に見出しを付する改正規定及び同法第二百条,246,268
58,附　則　（令和元年五月一七日法律第三号）　抄,0,第一条,LAW_REFERENCE,の二を同法第二百条,268,277
58,附　則　（令和元年五月一七日法律第三号）　抄,0,第一条,LAW_REFERENCE,の三とし、同法第二百条,277,288
58,附　則　（令和元年五月一七日法律第三号）　抄,0,第一条,LAW_REFERENCE,中実用新案法第三十条,305,315
58,附　則　（令和元年五月一七日法律第三号）　抄,0,第一条,LAW_REFERENCE,中意匠法第四十一条,324,333
58,附　則　（令和元年五月一七日法律第三号）　抄,0,第一条,LAW_REFERENCE,の改正規定及び同法第六十条,333,346
58,附　則　（令和元年五月一七日法律第三号）　抄,0,第一条,LAW_REFERENCE,中商標法第十三条,363,371
58,附　則　（令和元年五月一七日法律第三号）　抄,0,第一条,LAW_REFERENCE,の二第五項の改正規定及び同法第三十九条,371,390
58,附　則　（令和元年五月一七日法律第三号）　抄,0,第一条,LAW_REFERENCE,政令,433,435
58,附　則　（令和元年五月一七日法律第三号）　抄,0,第一条,ARTICLE_REFERENCE,第一条,0,3
58,附　則　（令和元年五月一七日法律第三号）　抄,0,第一条,ARTICLE_REFERENCE,第一条,11,14
58,附　則　（令和元年五月一七日法律第三号）　抄,0,第一条,ARTICLE_REFERENCE,各号,65,67
58,附　則　（令和元年五月一七日法律第三号）　抄,0,第一条,ARTICLE_REFERENCE,各号,77,79
58,附　則　（令和元年五月一七日法律第三号）　抄,0,第一条,ARTICLE_REFERENCE,附則,94,96
58,附　則　（令和元年五月一七日法律第三号）　抄,0,第一条,ARTICLE_REFERENCE,第四条,96,99
58,附　則　（令和元年五月一七日法律第三号）　抄,0,第一条,ARTICLE_REFERENCE,第一条,114,117
58,附　則　（令和元年五月一七日法律第三号）　抄,0,第一条,ARTICLE_REFERENCE,第六十五条,121,126
58,附　則　（令和元年五月一七日法律第三号）　抄,0,第一条,ARTICLE_REFERENCE,第六項,126,129
58,附　則　（令和元年五月一七日法律第三号）　抄,0,第一条,ARTICLE_REFERENCE,第百五条,137,141
58,附　則　（令和元年五月一七日法律第三号）　抄,0,第一条,ARTICLE_REFERENCE,第四項,141,144
58,附　則　（令和元年五月一七日法律第三号）　抄,0,第一条,ARTICLE_REFERENCE,第百五条の二,152,158
58,附　則　（令和元年五月一七日法律第三号）　抄,0,第一条,ARTICLE_REFERENCE,第百五条の二,161,167
58,附　則　（令和元年五月一七日法律第三号）　抄,0,第一条,ARTICLE_REFERENCE,第百五条,175,179
58,附　則　（令和元年五月一七日法律第三号）　抄,0,第一条,ARTICLE_REFERENCE,第百五条の四,195,201
58,附　則　（令和元年五月一七日法律第三号）　抄,0,第一条,ARTICLE_REFERENCE,第一項,201,204
58,附　則　（令和元年五月一七日法律第三号）　抄,0,第一条,ARTICLE_REFERENCE,第一号,204,207
58,附　則　（令和元年五月一七日法律第三号）　抄,0,第一条,ARTICLE_REFERENCE,第百六十九条,215,221
58,附　則　（令和元年五月一七日法律第三号）　抄,0,第一条,ARTICLE_REFERENCE,第六項,221,224
58,附　則　（令和元年五月一七日法律第三号）　抄,0,第一条,ARTICLE_REFERENCE,第二百条,232,236
58,附　則　（令和元年五月一七日法律第三号）　抄,0,第一条,ARTICLE_REFERENCE,同条,244,246
58,附　則　（令和元年五月一七日法律第三号）　抄,0,第一条,ARTICLE_REFERENCE,第二百条の二,264,270
58,附　則　（令和元年五月一七日法律第三号）　抄,0,第一条,ARTICLE_REFERENCE,第二百条の三,273,279
58,附　則　（令和元年五月一七日法律第三号）　抄,0,第一条,ARTICLE_REFERENCE,第二百条,284,288
58,附　則　（令和元年五月一七日法律第三号）　抄,0,第一条,ARTICLE_REFERENCE,第二条,302,305
58,附　則　（令和元年五月一七日法律第三号）　抄,0,第一条,ARTICLE_REFERENCE,第三十条,311,315
58,附　則　（令和元年五月一七日法律第三号）　抄,0,第一条,ARTICLE_REFERENCE,第三条,321,324
58,附　則　（令和元年五月一七日法律第三号）　抄,0,第一条,ARTICLE_REFERENCE,第四十一条,328,333
58,附　則　（令和元年五月一七日法律第三号）　抄,0,第一条,ARTICLE_REFERENCE,第六十条の十二,342,349
58,附　則　（令和元年五月一七日法律第三号）　抄,0,第一条,ARTICLE_REFERENCE,第二項,349,352
58,附　則　（令和元年五月一七日法律第三号）　抄,0,第一条,ARTICLE_REFERENCE,第四条,360,363
58,附　則　（令和元年五月一七日法律第三号）　抄,0,第一条,ARTICLE_REFERENCE,第十三条の二,367,373
58,附　則　（令和元年五月一七日法律第三号）　抄,0,第一条,ARTICLE_REFERENCE,第五項,373,376
58,附　則　（令和元年五月一七日法律第三号）　抄,0,第一条,ARTICLE_REFERENCE,第三十九条,385,390
58,附　則　（令和元年五月一七日法律第三号）　抄,0,第一条,ARTICLE_REFERENCE,附則,398,400
58,附　則　（令和元年五月一七日法律第三号）　抄,0,第一条,ARTICLE_REFERENCE,第五条,400,403
58,附　則　（令和元年五月一七日法律第三号）　抄,0,第一条,TIME_PERIOD,から,25,27
58,附　則　（令和元年五月一七日法律第三号）　抄,0,第一条,TIME_PERIOD,一年,31,33
58,附　則　（令和元年五月一七日法律第三号）　抄,0,第一条,TIME_PERIOD,から,52,54
58,附　則　（令和元年五月一七日法律第三号）　抄,0,第一条,TIME_PERIOD,から,84,86
58,附　則　（令和元年五月一七日法律第三号）　抄,0,第一条,TIME_PERIOD,から,411,413
58,附　則　（令和元年五月一七日法律第三号）　抄,0,第一条,TIME_PERIOD,一年六月,417,421
58,附　則　（令和元年五月一七日法律第三号）　抄,0,第一条,PROCEDURE,意匠,325,327
58,附　則　（令和元年五月一七日法律第三号）　抄,0,第一条,PROCEDURE,商標,364,366
58,附　則　（令和元年五月一七日法律第三号）　抄,1,第四条,LAW_REFERENCE,政令,5,7
58,附　則　（令和元年五月一七日法律第三号）　抄,1,第四条,LAW_REFERENCE,に規定するもののほか、この法,20,34
58,附　則　（令和元年五月一七日法律第三号）　抄,1,第四条,LAW_REFERENCE,政令,50,52
58,附　則　（令和元年五月一七日法律第三号）　抄,1,第四条,ARTICLE_REFERENCE,第四条,0,3
58,附　則　（令和元年五月一七日法律第三号）　抄,1,第四条,ARTICLE_REFERENCE,第四条,13,16
59,附　則　（令和三年四月二八日法律第二四号）　抄,0,第一条,LAW_REFERENCE, この法,14,18
59,附　則　（令和三年四月二八日法律第二四号）　抄,0,第一条,LAW_REFERENCE,政令,45,47
59,附　則　（令和三年四月二八日法律第二四号）　抄,0,第一条,LAW_REFERENCE,中不動産登記法第百三十一条,97,110
59,附　則　（令和三年四月二八日法律第二四号）　抄,0,第一条,ARTICLE_REFERENCE,第一条,0,3
59,附　則　（令和三年四月二八日法律第二四号）　抄,0,第一条,ARTICLE_REFERENCE,第一条,11,14
59,附　則　（令和三年四月二八日法律第二四号）　抄,0,第一条,ARTICLE_REFERENCE,各号,65,67
59,附　則　（令和三年四月二八日法律第二四号）　抄,0,第一条,ARTICLE_REFERENCE,各号,77,79
59,附　則　（令和三年四月二八日法律第二四号）　抄,0,第一条,ARTICLE_REFERENCE,第二条,94,97
59,附　則　（令和三年四月二八日法律第二四号）　抄,0,第一条,ARTICLE_REFERENCE,第百三十一条,104,110
59,附　則　（令和三年四月二八日法律第二四号）　抄,0,第一条,ARTICLE_REFERENCE,第五項,110,113
59,附　則　（令和三年四月二八日法律第二四号）　抄,0,第一条,ARTICLE_REFERENCE,附則,120,122
59,附　則　（令和三年四月二八日法律第二四号）　抄,0,第一条,ARTICLE_REFERENCE,第三十四条,122,127
59,附　則　（令和三年四月二八日法律第二四号）　抄,0,第一条,TIME_PERIOD,から,25,27
59,附　則　（令和三年四月二八日法律第二四号）　抄,0,第一条,TIME_PERIOD,二年,31,33
59,附　則　（令和三年四月二八日法律第二四号）　抄,0,第一条,TIME_PERIOD,から,52,54
59,附　則　（令和三年四月二八日法律第二四号）　抄,0,第一条,TIME_PERIOD,から,84,86
59,附　則　（令和三年四月二八日法律第二四号）　抄,1,第二十条,LAW_REFERENCE,"
（特許法",4,9
59,附　則　（令和三年四月二八日法律第二四号）　抄,1,第二十条,LAW_REFERENCE, 施行日前に旧民法第九百五十二条,27,43
59,附　則　（令和三年四月二八日法律第二四号）　抄,1,第二十条,LAW_REFERENCE,の規定による改正後の特許法第七十六条,101,119
59,附　則　（令和三年四月二八日法律第二四号）　抄,1,第二十条,LAW_REFERENCE,（実用新案法（昭和三十四年法,119,133
59,附　則　（令和三年四月二八日法律第二四号）　抄,1,第二十条,LAW_REFERENCE,、意匠法（昭和三十四年法,146,158
59,附　則　（令和三年四月二八日法律第二四号）　抄,1,第二十条,LAW_REFERENCE,及び商標法（昭和三十四年法,171,184
59,附　則　（令和三年四月二八日法律第二四号）　抄,1,第二十条,ARTICLE_REFERENCE,第二十条,0,4
59,附　則　（令和三年四月二八日法律第二四号）　抄,1,第二十条,ARTICLE_REFERENCE,第二十条,23,27
59,附　則　（令和三年四月二八日法律第二四号）　抄,1,第二十条,ARTICLE_REFERENCE,第九百五十二条,36,43
59,附　則　（令和三年四月二八日法律第二四号）　抄,1,第二十条,ARTICLE_REFERENCE,第一項,43,46
59,附　則　（令和三年四月二八日法律第二四号）　抄,1,第二十条,ARTICLE_REFERENCE,前条,99,101
59,附　則　（令和三年四月二八日法律第二四号）　抄,1,第二十条,ARTICLE_REFERENCE,第七十六条,114,119
59,附　則　（令和三年四月二八日法律第二四号）　抄,1,第二十条,ARTICLE_REFERENCE,第百二十三号,134,140
59,附　則　（令和三年四月二八日法律第二四号）　抄,1,第二十条,ARTICLE_REFERENCE,第二十六条,141,146
59,附　則　（令和三年四月二八日法律第二四号）　抄,1,第二十条,ARTICLE_REFERENCE,第百二十五号,159,165
59,附　則　（令和三年四月二八日法律第二四号）　抄,1,第二十条,ARTICLE_REFERENCE,第三十六条,166,171
59,附　則　（令和三年四月二八日法律第二四号）　抄,1,第二十条,ARTICLE_REFERENCE,第百二十七号,185,191
59,附　則　（令和三年四月二八日法律第二四号）　抄,1,第二十条,ARTICLE_REFERENCE,第三十五条,192,197
59,附　則　（令和三年四月二八日法律第二四号）　抄,1,第二十条,TIME_PERIOD,三十四年,128,132
59,附　則　（令和三年四月二八日法律第二四号）　抄,1,第二十条,TIME_PERIOD,三十四年,153,157
59,附　則　（令和三年四月二八日法律第二四号）　抄,1,第二十条,TIME_PERIOD,三十四年,179,183
59,附　則　（令和三年四月二八日法律第二四号）　抄,1,第二十条,PROCEDURE,特許権,72,75
59,附　則　（令和三年四月二八日法律第二四号）　抄,1,第二十条,PROCEDURE,実用新案権,76,81
59,附　則　（令和三年四月二八日法律第二四号）　抄,1,第二十条,PROCEDURE,意匠権,82,85
59,附　則　（令和三年四月二八日法律第二四号）　抄,1,第二十条,PROCEDURE,商標権,87,90
59,附　則　（令和三年四月二八日法律第二四号）　抄,1,第二十条,PROCEDURE,意匠,147,149
59,附　則　（令和三年四月二八日法律第二四号）　抄,1,第二十条,PROCEDURE,商標,173,175
59,附　則　（令和三年四月二八日法律第二四号）　抄,2,第三十四条,LAW_REFERENCE,政令,16,18
59,附　則　（令和三年四月二八日法律第二四号）　抄,2,第三十四条,LAW_REFERENCE, この附則に定めるもののほか、この法,30,48
59,附　則　（令和三年四月二八日法律第二四号）　抄,2,第三十四条,LAW_REFERENCE,政令,64,66
59,附　則　（令和三年四月二八日法律第二四号）　抄,2,第三十四条,ARTICLE_REFERENCE,第三十四条,0,5
59,附　則　（令和三年四月二八日法律第二四号）　抄,2,第三十四条,ARTICLE_REFERENCE,第三十四条,25,30
59,附　則　（令和三年四月二八日法律第二四号）　抄,2,第三十四条,ARTICLE_REFERENCE,附則,33,35
60,附　則　（令和三年五月一九日法律第三七号）　抄,0,第一条,LAW_REFERENCE, この法,14,18
60,附　則　（令和三年五月一九日法律第三七号）　抄,0,第一条,LAW_REFERENCE,（住民基本台帳法,76,84
60,附　則　（令和三年五月一九日法律第三七号）　抄,0,第一条,LAW_REFERENCE,（行政手続における特定の個人を識別するための番号の利用等に関する法,125,158
60,附　則　（令和三年五月一九日法律第三七号）　抄,0,第一条,LAW_REFERENCE,（戸籍法第百二十九条,339,349
60,附　則　（令和三年五月一九日法律第三七号）　抄,0,第一条,LAW_REFERENCE,（住民基本台帳法第三十条,423,435
60,附　則　（令和三年五月一九日法律第三七号）　抄,0,第一条,LAW_REFERENCE,（行政手続における特定の個人を識別するための番号の利用等に関する法,529,562
60,附　則　（令和三年五月一九日法律第三七号）　抄,0,第一条,LAW_REFERENCE,の二第一項、第五項、第六項及び第九項の改正規定並びに同法第五十二条,568,601
60,附　則　（令和三年五月一九日法律第三七号）　抄,0,第一条,LAW_REFERENCE,（がん登録等の推進に関する法律（平成二十五年法,619,642
60,附　則　（令和三年五月一九日法律第三七号）　抄,0,第一条,LAW_REFERENCE,政令,758,760
60,附　則　（令和三年五月一九日法律第三七号）　抄,0,第一条,ARTICLE_REFERENCE,第一条,0,3
60,附　則　（令和三年五月一九日法律第三七号）　抄,0,第一条,ARTICLE_REFERENCE,第一条,11,14
60,附　則　（令和三年五月一九日法律第三七号）　抄,0,第一条,ARTICLE_REFERENCE,各号,42,44
60,附　則　（令和三年五月一九日法律第三七号）　抄,0,第一条,ARTICLE_REFERENCE,各号,54,56
60,附　則　（令和三年五月一九日法律第三七号）　抄,0,第一条,ARTICLE_REFERENCE,第二十七条,71,76
60,附　則　（令和三年五月一九日法律第三七号）　抄,0,第一条,ARTICLE_REFERENCE,第四十五条,107,112
60,附　則　（令和三年五月一九日法律第三七号）　抄,0,第一条,ARTICLE_REFERENCE,第四十七条,113,118
60,附　則　（令和三年五月一九日法律第三七号）　抄,0,第一条,ARTICLE_REFERENCE,第五十五条,120,125
60,附　則　（令和三年五月一九日法律第三七号）　抄,0,第一条,ARTICLE_REFERENCE,附則,201,203
60,附　則　（令和三年五月一九日法律第三七号）　抄,0,第一条,ARTICLE_REFERENCE,第八条,203,206
60,附　則　（令和三年五月一九日法律第三七号）　抄,0,第一条,ARTICLE_REFERENCE,第一項,206,209
60,附　則　（令和三年五月一九日法律第三七号）　抄,0,第一条,ARTICLE_REFERENCE,第五十九条,210,215
60,附　則　（令和三年五月一九日法律第三七号）　抄,0,第一条,ARTICLE_REFERENCE,第六十三条,217,222
60,附　則　（令和三年五月一九日法律第三七号）　抄,0,第一条,ARTICLE_REFERENCE,第六十七条,225,230
60,附　則　（令和三年五月一九日法律第三七号）　抄,0,第一条,ARTICLE_REFERENCE,第七十一条,232,237
60,附　則　（令和三年五月一九日法律第三七号）　抄,0,第一条,ARTICLE_REFERENCE,第七十三条,239,244
60,附　則　（令和三年五月一九日法律第三七号）　抄,0,第一条,ARTICLE_REFERENCE,第十七条,264,268
60,附　則　（令和三年五月一九日法律第三七号）　抄,0,第一条,ARTICLE_REFERENCE,第三十五条,269,274
60,附　則　（令和三年五月一九日法律第三七号）　抄,0,第一条,ARTICLE_REFERENCE,第四十四条,275,280
60,附　則　（令和三年五月一九日法律第三七号）　抄,0,第一条,ARTICLE_REFERENCE,第五十条,281,285
60,附　則　（令和三年五月一九日法律第三七号）　抄,0,第一条,ARTICLE_REFERENCE,第五十八条,287,292
60,附　則　（令和三年五月一九日法律第三七号）　抄,0,第一条,ARTICLE_REFERENCE,次条,295,297
60,附　則　（令和三年五月一九日法律第三七号）　抄,0,第一条,ARTICLE_REFERENCE,附則,298,300
60,附　則　（令和三年五月一九日法律第三七号）　抄,0,第一条,ARTICLE_REFERENCE,第三条,300,303
60,附　則　（令和三年五月一九日法律第三七号）　抄,0,第一条,ARTICLE_REFERENCE,第五条,304,307
60,附　則　（令和三年五月一九日法律第三七号）　抄,0,第一条,ARTICLE_REFERENCE,第六条,308,311
60,附　則　（令和三年五月一九日法律第三七号）　抄,0,第一条,ARTICLE_REFERENCE,第七条,312,315
60,附　則　（令和三年五月一九日法律第三七号）　抄,0,第一条,ARTICLE_REFERENCE,第三項,316,319
60,附　則　（令和三年五月一九日法律第三七号）　抄,0,第一条,ARTICLE_REFERENCE,第十三条,325,329
60,附　則　（令和三年五月一九日法律第三七号）　抄,0,第一条,ARTICLE_REFERENCE,第十四条,330,334
60,附　則　（令和三年五月一九日法律第三七号）　抄,0,第一条,ARTICLE_REFERENCE,第十八条,335,339
60,附　則　（令和三年五月一九日法律第三七号）　抄,0,第一条,ARTICLE_REFERENCE,第百二十九条,343,349
60,附　則　（令和三年五月一九日法律第三七号）　抄,0,第一条,ARTICLE_REFERENCE,第十九条,386,390
60,附　則　（令和三年五月一九日法律第三七号）　抄,0,第一条,ARTICLE_REFERENCE,第二十一条,392,397
60,附　則　（令和三年五月一九日法律第三七号）　抄,0,第一条,ARTICLE_REFERENCE,第二十三条,400,405
60,附　則　（令和三年五月一九日法律第三七号）　抄,0,第一条,ARTICLE_REFERENCE,第二十四条,406,411
60,附　則　（令和三年五月一九日法律第三七号）　抄,0,第一条,ARTICLE_REFERENCE,第二十七条,412,417
60,附　則　（令和三年五月一九日法律第三七号）　抄,0,第一条,ARTICLE_REFERENCE,第二十九条,418,423
60,附　則　（令和三年五月一九日法律第三七号）　抄,0,第一条,ARTICLE_REFERENCE,第三十条の十五,431,438
60,附　則　（令和三年五月一九日法律第三七号）　抄,0,第一条,ARTICLE_REFERENCE,第三項,438,441
60,附　則　（令和三年五月一九日法律第三七号）　抄,0,第一条,ARTICLE_REFERENCE,第三十条,452,456
60,附　則　（令和三年五月一九日法律第三七号）　抄,0,第一条,ARTICLE_REFERENCE,第三十一条,457,462
60,附　則　（令和三年五月一九日法律第三七号）　抄,0,第一条,ARTICLE_REFERENCE,第三十三条,463,468
60,附　則　（令和三年五月一九日法律第三七号）　抄,0,第一条,ARTICLE_REFERENCE,第三十五条,470,475
60,附　則　（令和三年五月一九日法律第三七号）　抄,0,第一条,ARTICLE_REFERENCE,第四十条,478,482
60,附　則　（令和三年五月一九日法律第三七号）　抄,0,第一条,ARTICLE_REFERENCE,第四十二条,483,488
60,附　則　（令和三年五月一九日法律第三七号）　抄,0,第一条,ARTICLE_REFERENCE,第四十四条,489,494
60,附　則　（令和三年五月一九日法律第三七号）　抄,0,第一条,ARTICLE_REFERENCE,第四十六条,496,501
60,附　則　（令和三年五月一九日法律第三七号）　抄,0,第一条,ARTICLE_REFERENCE,第四十八条,504,509
60,附　則　（令和三年五月一九日法律第三七号）　抄,0,第一条,ARTICLE_REFERENCE,第五十条,510,514
60,附　則　（令和三年五月一九日法律第三七号）　抄,0,第一条,ARTICLE_REFERENCE,第五十二条,516,521
60,附　則　（令和三年五月一九日法律第三七号）　抄,0,第一条,ARTICLE_REFERENCE,第五十三条,524,529
60,附　則　（令和三年五月一九日法律第三七号）　抄,0,第一条,ARTICLE_REFERENCE,第四十五条の二,563,570
60,附　則　（令和三年五月一九日法律第三七号）　抄,0,第一条,ARTICLE_REFERENCE,第一項,570,573
60,附　則　（令和三年五月一九日法律第三七号）　抄,0,第一条,ARTICLE_REFERENCE,第五項,574,577
60,附　則　（令和三年五月一九日法律第三七号）　抄,0,第一条,ARTICLE_REFERENCE,第六項,578,581
60,附　則　（令和三年五月一九日法律第三七号）　抄,0,第一条,ARTICLE_REFERENCE,第九項,583,586
60,附　則　（令和三年五月一九日法律第三七号）　抄,0,第一条,ARTICLE_REFERENCE,第五十二条の三,596,603
60,附　則　（令和三年五月一九日法律第三七号）　抄,0,第一条,ARTICLE_REFERENCE,第五十五条,614,619
60,附　則　（令和三年五月一九日法律第三七号）　抄,0,第一条,ARTICLE_REFERENCE,第百十一号,643,648
60,附　則　（令和三年五月一九日法律第三七号）　抄,0,第一条,ARTICLE_REFERENCE,第三十五条,649,654
60,附　則　（令和三年五月一九日法律第三七号）　抄,0,第一条,ARTICLE_REFERENCE,第五十六条,686,691
60,附　則　（令和三年五月一九日法律第三七号）　抄,0,第一条,ARTICLE_REFERENCE,第五十八条,692,697
60,附　則　（令和三年五月一九日法律第三七号）　抄,0,第一条,ARTICLE_REFERENCE,第六十四条,698,703
60,附　則　（令和三年五月一九日法律第三七号）　抄,0,第一条,ARTICLE_REFERENCE,第六十五条,704,709
60,附　則　（令和三年五月一九日法律第三七号）　抄,0,第一条,ARTICLE_REFERENCE,第六十八条,710,715
60,附　則　（令和三年五月一九日法律第三七号）　抄,0,第一条,ARTICLE_REFERENCE,第六十九条,717,722
60,附　則　（令和三年五月一九日法律第三七号）　抄,0,第一条,TIME_PERIOD,三年九月一日,23,29
60,附　則　（令和三年五月一九日法律第三七号）　抄,0,第一条,TIME_PERIOD,から,29,31
60,附　則　（令和三年五月一九日法律第三七号）　抄,0,第一条,TIME_PERIOD,から,61,63
60,附　則　（令和三年五月一九日法律第三七号）　抄,0,第一条,TIME_PERIOD,から,88,90
60,附　則　（令和三年五月一九日法律第三七号）　抄,0,第一条,TIME_PERIOD,まで,94,96
60,附　則　（令和三年五月一九日法律第三七号）　抄,0,第一条,TIME_PERIOD,から,215,217
60,附　則　（令和三年五月一九日法律第三七号）　抄,0,第一条,TIME_PERIOD,まで,222,224
60,附　則　（令和三年五月一九日法律第三七号）　抄,0,第一条,TIME_PERIOD,から,237,239
60,附　則　（令和三年五月一九日法律第三七号）　抄,0,第一条,TIME_PERIOD,まで,244,246
60,附　則　（令和三年五月一九日法律第三七号）　抄,0,第一条,TIME_PERIOD,から,390,392
60,附　則　（令和三年五月一九日法律第三七号）　抄,0,第一条,TIME_PERIOD,まで,397,399
60,附　則　（令和三年五月一九日法律第三七号）　抄,0,第一条,TIME_PERIOD,から,468,470
60,附　則　（令和三年五月一九日法律第三七号）　抄,0,第一条,TIME_PERIOD,まで,475,477
60,附　則　（令和三年五月一九日法律第三七号）　抄,0,第一条,TIME_PERIOD,から,494,496
60,附　則　（令和三年五月一九日法律第三七号）　抄,0,第一条,TIME_PERIOD,まで,501,503
60,附　則　（令和三年五月一九日法律第三七号）　抄,0,第一条,TIME_PERIOD,から,514,516
60,附　則　（令和三年五月一九日法律第三七号）　抄,0,第一条,TIME_PERIOD,まで,521,523
60,附　則　（令和三年五月一九日法律第三七号）　抄,0,第一条,TIME_PERIOD,二十五年,637,641
60,附　則　（令和三年五月一九日法律第三七号）　抄,0,第一条,TIME_PERIOD,から,730,732
60,附　則　（令和三年五月一九日法律第三七号）　抄,0,第一条,TIME_PERIOD,一年,736,738
60,附　則　（令和三年五月一九日法律第三七号）　抄,0,第一条,PROCEDURE,登録,622,624
60,附　則　（令和三年五月一九日法律第三七号）　抄,1,第七十一条,LAW_REFERENCE, この法,24,28
60,附　則　（令和三年五月一九日法律第三七号）　抄,1,第七十一条,LAW_REFERENCE,において同じ。）の施行前にした行為及びこの附則の規定によりなお従前の例によることとされる場合におけるこの法,59,112
60,附　則　（令和三年五月一九日法律第三七号）　抄,1,第七十一条,ARTICLE_REFERENCE,第七十一条,0,5
60,附　則　（令和三年五月一九日法律第三七号）　抄,1,第七十一条,ARTICLE_REFERENCE,第七十一条,19,24
60,附　則　（令和三年五月一九日法律第三七号）　抄,1,第七十一条,ARTICLE_REFERENCE,附則,30,32
60,附　則　（令和三年五月一九日法律第三七号）　抄,1,第七十一条,ARTICLE_REFERENCE,第一条,32,35
60,附　則　（令和三年五月一九日法律第三七号）　抄,1,第七十一条,ARTICLE_REFERENCE,各号,35,37
60,附　則　（令和三年五月一九日法律第三七号）　抄,1,第七十一条,ARTICLE_REFERENCE,附則,80,82
60,附　則　（令和三年五月一九日法律第三七号）　抄,2,第七十二条,LAW_REFERENCE,政令,7,9
60,附　則　（令和三年五月一九日法律第三七号）　抄,2,第七十二条,LAW_REFERENCE, この附則に定めるもののほか、この法,20,38
60,附　則　（令和三年五月一九日法律第三七号）　抄,2,第七十二条,LAW_REFERENCE,政令,70,72
60,附　則　（令和三年五月一九日法律第三七号）　抄,2,第七十二条,ARTICLE_REFERENCE,第七十二条,0,5
60,附　則　（令和三年五月一九日法律第三七号）　抄,2,第七十二条,ARTICLE_REFERENCE,第七十二条,15,20
60,附　則　（令和三年五月一九日法律第三七号）　抄,2,第七十二条,ARTICLE_REFERENCE,附則,23,25
61,附　則　（令和三年五月二一日法律第四二号）　抄,0,第一条,LAW_REFERENCE, この法,14,18
61,附　則　（令和三年五月二一日法律第四二号）　抄,0,第一条,LAW_REFERENCE,政令,45,47
61,附　則　（令和三年五月二一日法律第四二号）　抄,0,第一条,LAW_REFERENCE,中商標法第七十条,97,105
61,附　則　（令和三年五月二一日法律第四二号）　抄,0,第一条,LAW_REFERENCE,中弁理士法第十五条,117,126
61,附　則　（令和三年五月二一日法律第四二号）　抄,0,第一条,LAW_REFERENCE,中特許法第百五条,157,165
61,附　則　（令和三年五月二一日法律第四二号）　抄,0,第一条,LAW_REFERENCE,中特許法第七十一条,213,222
61,附　則　（令和三年五月二一日法律第四二号）　抄,0,第一条,LAW_REFERENCE,第三項の改正規定、同法第百十二条,222,238
61,附　則　（令和三年五月二一日法律第四二号）　抄,0,第一条,LAW_REFERENCE,第二項及び第四項から第六項までの改正規定、同法第百四十五条,238,267
61,附　則　（令和三年五月二一日法律第四二号）　抄,0,第一条,LAW_REFERENCE,に二項を加える改正規定並びに同法第百五十一条,267,289
61,附　則　（令和三年五月二一日法律第四二号）　抄,0,第一条,LAW_REFERENCE,中実用新案法第三十三条,298,309
61,附　則　（令和三年五月二一日法律第四二号）　抄,0,第一条,LAW_REFERENCE,中意匠法第四条,330,337
61,附　則　（令和三年五月二一日法律第四二号）　抄,0,第一条,LAW_REFERENCE,第三項の改正規定、同法第四十四条,337,353
61,附　則　（令和三年五月二一日法律第四二号）　抄,0,第一条,LAW_REFERENCE,第二項及び第四項の改正規定、同法第六十条,353,373
61,附　則　（令和三年五月二一日法律第四二号）　抄,0,第一条,LAW_REFERENCE,に一項を加える改正規定、同法第六十条,383,401
61,附　則　（令和三年五月二一日法律第四二号）　抄,0,第一条,LAW_REFERENCE,の十一第一項の改正規定、同法第六十条,401,419
61,附　則　（令和三年五月二一日法律第四二号）　抄,0,第一条,LAW_REFERENCE,を加える改正規定並びに同法第六十条,427,444
61,附　則　（令和三年五月二一日法律第四二号）　抄,0,第一条,LAW_REFERENCE,中商標法第四十一条,521,530
61,附　則　（令和三年五月二一日法律第四二号）　抄,0,第一条,LAW_REFERENCE,の二第六項の改正規定、同法第四十三条,530,548
61,附　則　（令和三年五月二一日法律第四二号）　抄,0,第一条,LAW_REFERENCE,第一項から第三項までの改正規定、同法第四十三条,548,571
61,附　則　（令和三年五月二一日法律第四二号）　抄,0,第一条,LAW_REFERENCE,の六第二項の改正規定及び同法第六十八条,571,590
61,附　則　（令和三年五月二一日法律第四二号）　抄,0,第一条,LAW_REFERENCE,の規定（工業所有権に関する手続等の特例に関する法,605,629
61,附　則　（令和三年五月二一日法律第四二号）　抄,0,第一条,LAW_REFERENCE,政令,726,728
61,附　則　（令和三年五月二一日法律第四二号）　抄,0,第一条,LAW_REFERENCE,中特許法第三十六条,743,752
61,附　則　（令和三年五月二一日法律第四二号）　抄,0,第一条,LAW_REFERENCE,の二第六項の改正規定、同法第四十一条,752,770
61,附　則　（令和三年五月二一日法律第四二号）　抄,0,第一条,LAW_REFERENCE,第一項第一号の改正規定、同法第四十三条,770,789
61,附　則　（令和三年五月二一日法律第四二号）　抄,0,第一条,LAW_REFERENCE,の二第一項の改正規定、同法第四十八条,789,807
61,附　則　（令和三年五月二一日法律第四二号）　抄,0,第一条,LAW_REFERENCE,の三第五項の改正規定、同法第百十二条,807,825
61,附　則　（令和三年五月二一日法律第四二号）　抄,0,第一条,LAW_REFERENCE,の二第一項の改正規定、同法第百八十四条,825,844
61,附　則　（令和三年五月二一日法律第四二号）　抄,0,第一条,LAW_REFERENCE,の四第四項の改正規定、同法第百八十四条,844,863
61,附　則　（令和三年五月二一日法律第四二号）　抄,0,第一条,LAW_REFERENCE,の十一第六項の改正規定及び同法,863,878
61,附　則　（令和三年五月二一日法律第四二号）　抄,0,第一条,LAW_REFERENCE,中実用新案法第八条,935,944
61,附　則　（令和三年五月二一日法律第四二号）　抄,0,第一条,LAW_REFERENCE,第一項第一号の改正規定、同法第三十三条,944,963
61,附　則　（令和三年五月二一日法律第四二号）　抄,0,第一条,LAW_REFERENCE,の二第一項の改正規定、同法第四十八条,963,981
61,附　則　（令和三年五月二一日法律第四二号）　抄,0,第一条,LAW_REFERENCE,の四第四項の改正規定及び同法,981,995
61,附　則　（令和三年五月二一日法律第四二号）　抄,0,第一条,LAW_REFERENCE,中意匠法第四十四条,1050,1059
61,附　則　（令和三年五月二一日法律第四二号）　抄,0,第一条,LAW_REFERENCE,の二第一項の改正規定及び同法,1059,1073
61,附　則　（令和三年五月二一日法律第四二号）　抄,0,第一条,LAW_REFERENCE,政令,1251,1253
61,附　則　（令和三年五月二一日法律第四二号）　抄,0,第一条,ARTICLE_REFERENCE,第一条,0,3
61,附　則　（令和三年五月二一日法律第四二号）　抄,0,第一条,ARTICLE_REFERENCE,第一条,11,14
61,附　則　（令和三年五月二一日法律第四二号）　抄,0,第一条,ARTICLE_REFERENCE,各号,65,67
61,附　則　（令和三年五月二一日法律第四二号）　抄,0,第一条,ARTICLE_REFERENCE,各号,77,79
61,附　則　（令和三年五月二一日法律第四二号）　抄,0,第一条,ARTICLE_REFERENCE,第四条,94,97
61,附　則　（令和三年五月二一日法律第四二号）　抄,0,第一条,ARTICLE_REFERENCE,第七十条,101,105
61,附　則　（令和三年五月二一日法律第四二号）　抄,0,第一条,ARTICLE_REFERENCE,第一項,105,108
61,附　則　（令和三年五月二一日法律第四二号）　抄,0,第一条,ARTICLE_REFERENCE,第八条,114,117
61,附　則　（令和三年五月二一日法律第四二号）　抄,0,第一条,ARTICLE_REFERENCE,第十五条の二,122,128
61,附　則　（令和三年五月二一日法律第四二号）　抄,0,第一条,ARTICLE_REFERENCE,第二項,128,131
61,附　則　（令和三年五月二一日法律第四二号）　抄,0,第一条,ARTICLE_REFERENCE,附則,138,140
61,附　則　（令和三年五月二一日法律第四二号）　抄,0,第一条,ARTICLE_REFERENCE,第九条,140,143
61,附　則　（令和三年五月二一日法律第四二号）　抄,0,第一条,ARTICLE_REFERENCE,第一条,154,157
61,附　則　（令和三年五月二一日法律第四二号）　抄,0,第一条,ARTICLE_REFERENCE,第百五条の四,161,167
61,附　則　（令和三年五月二一日法律第四二号）　抄,0,第一条,ARTICLE_REFERENCE,第一項,167,170
61,附　則　（令和三年五月二一日法律第四二号）　抄,0,第一条,ARTICLE_REFERENCE,第一号,170,173
61,附　則　（令和三年五月二一日法律第四二号）　抄,0,第一条,ARTICLE_REFERENCE,次条,180,182
61,附　則　（令和三年五月二一日法律第四二号）　抄,0,第一条,ARTICLE_REFERENCE,第六項,182,185
61,附　則　（令和三年五月二一日法律第四二号）　抄,0,第一条,ARTICLE_REFERENCE,第一条,210,213
61,附　則　（令和三年五月二一日法律第四二号）　抄,0,第一条,ARTICLE_REFERENCE,第七十一条,217,222
61,附　則　（令和三年五月二一日法律第四二号）　抄,0,第一条,ARTICLE_REFERENCE,第三項,222,225
61,附　則　（令和三年五月二一日法律第四二号）　抄,0,第一条,ARTICLE_REFERENCE,第百十二条,233,238
61,附　則　（令和三年五月二一日法律第四二号）　抄,0,第一条,ARTICLE_REFERENCE,第二項,238,241
61,附　則　（令和三年五月二一日法律第四二号）　抄,0,第一条,ARTICLE_REFERENCE,第四項,243,246
61,附　則　（令和三年五月二一日法律第四二号）　抄,0,第一条,ARTICLE_REFERENCE,第六項,248,251
61,附　則　（令和三年五月二一日法律第四二号）　抄,0,第一条,ARTICLE_REFERENCE,第百四十五条,261,267
61,附　則　（令和三年五月二一日法律第四二号）　抄,0,第一条,ARTICLE_REFERENCE,第百五十一条,283,289
61,附　則　（令和三年五月二一日法律第四二号）　抄,0,第一条,ARTICLE_REFERENCE,第二条,295,298
61,附　則　（令和三年五月二一日法律第四二号）　抄,0,第一条,ARTICLE_REFERENCE,第三十三条,304,309
61,附　則　（令和三年五月二一日法律第四二号）　抄,0,第一条,ARTICLE_REFERENCE,第二項,309,312
61,附　則　（令和三年五月二一日法律第四二号）　抄,0,第一条,ARTICLE_REFERENCE,第四項,313,316
61,附　則　（令和三年五月二一日法律第四二号）　抄,0,第一条,ARTICLE_REFERENCE,第五項,318,321
61,附　則　（令和三年五月二一日法律第四二号）　抄,0,第一条,ARTICLE_REFERENCE,第三条,327,330
61,附　則　（令和三年五月二一日法律第四二号）　抄,0,第一条,ARTICLE_REFERENCE,第四条,334,337
61,附　則　（令和三年五月二一日法律第四二号）　抄,0,第一条,ARTICLE_REFERENCE,第三項,337,340
61,附　則　（令和三年五月二一日法律第四二号）　抄,0,第一条,ARTICLE_REFERENCE,第四十四条,348,353
61,附　則　（令和三年五月二一日法律第四二号）　抄,0,第一条,ARTICLE_REFERENCE,第二項,353,356
61,附　則　（令和三年五月二一日法律第四二号）　抄,0,第一条,ARTICLE_REFERENCE,第四項,358,361
61,附　則　（令和三年五月二一日法律第四二号）　抄,0,第一条,ARTICLE_REFERENCE,第六十条の七,369,375
61,附　則　（令和三年五月二一日法律第四二号）　抄,0,第一条,ARTICLE_REFERENCE,同条,381,383
61,附　則　（令和三年五月二一日法律第四二号）　抄,0,第一条,ARTICLE_REFERENCE,第六十条の十一,397,404
61,附　則　（令和三年五月二一日法律第四二号）　抄,0,第一条,ARTICLE_REFERENCE,第一項,404,407
61,附　則　（令和三年五月二一日法律第四二号）　抄,0,第一条,ARTICLE_REFERENCE,第六十条の十二,415,422
61,附　則　（令和三年五月二一日法律第四二号）　抄,0,第一条,ARTICLE_REFERENCE,第六十条の二十一,440,448
61,附　則　（令和三年五月二一日法律第四二号）　抄,0,第一条,ARTICLE_REFERENCE,第一項,448,451
61,附　則　（令和三年五月二一日法律第四二号）　抄,0,第一条,ARTICLE_REFERENCE,第一条,467,470
61,附　則　（令和三年五月二一日法律第四二号）　抄,0,第一条,ARTICLE_REFERENCE,次項,488,490
61,附　則　（令和三年五月二一日法律第四二号）　抄,0,第一条,ARTICLE_REFERENCE,第四条,518,521
61,附　則　（令和三年五月二一日法律第四二号）　抄,0,第一条,ARTICLE_REFERENCE,第四十一条の二,525,532
61,附　則　（令和三年五月二一日法律第四二号）　抄,0,第一条,ARTICLE_REFERENCE,第六項,532,535
61,附　則　（令和三年五月二一日法律第四二号）　抄,0,第一条,ARTICLE_REFERENCE,第四十三条,543,548
61,附　則　（令和三年五月二一日法律第四二号）　抄,0,第一条,ARTICLE_REFERENCE,第一項,548,551
61,附　則　（令和三年五月二一日法律第四二号）　抄,0,第一条,ARTICLE_REFERENCE,第三項,553,556
61,附　則　（令和三年五月二一日法律第四二号）　抄,0,第一条,ARTICLE_REFERENCE,第四十三条の六,566,573
61,附　則　（令和三年五月二一日法律第四二号）　抄,0,第一条,ARTICLE_REFERENCE,第二項,573,576
61,附　則　（令和三年五月二一日法律第四二号）　抄,0,第一条,ARTICLE_REFERENCE,第六十八条の十六,585,593
61,附　則　（令和三年五月二一日法律第四二号）　抄,0,第一条,ARTICLE_REFERENCE,第一項,593,596
61,附　則　（令和三年五月二一日法律第四二号）　抄,0,第一条,ARTICLE_REFERENCE,第六条,602,605
61,附　則　（令和三年五月二一日法律第四二号）　抄,0,第一条,ARTICLE_REFERENCE,第十五条の三,630,636
61,附　則　（令和三年五月二一日法律第四二号）　抄,0,第一条,ARTICLE_REFERENCE,第一項,636,639
61,附　則　（令和三年五月二一日法律第四二号）　抄,0,第一条,ARTICLE_REFERENCE,次条,652,654
61,附　則　（令和三年五月二一日法律第四二号）　抄,0,第一条,ARTICLE_REFERENCE,第七項,654,657
61,附　則　（令和三年五月二一日法律第四二号）　抄,0,第一条,ARTICLE_REFERENCE,附則,660,662
61,附　則　（令和三年五月二一日法律第四二号）　抄,0,第一条,ARTICLE_REFERENCE,第三条,662,665
61,附　則　（令和三年五月二一日法律第四二号）　抄,0,第一条,ARTICLE_REFERENCE,第五項,665,668
61,附　則　（令和三年五月二一日法律第四二号）　抄,0,第一条,ARTICLE_REFERENCE,第四条,669,672
61,附　則　（令和三年五月二一日法律第四二号）　抄,0,第一条,ARTICLE_REFERENCE,第四項,672,675
61,附　則　（令和三年五月二一日法律第四二号）　抄,0,第一条,ARTICLE_REFERENCE,第六項,677,680
61,附　則　（令和三年五月二一日法律第四二号）　抄,0,第一条,ARTICLE_REFERENCE,第五条,681,684
61,附　則　（令和三年五月二一日法律第四二号）　抄,0,第一条,ARTICLE_REFERENCE,第四項,684,687
61,附　則　（令和三年五月二一日法律第四二号）　抄,0,第一条,ARTICLE_REFERENCE,第五項,689,692
61,附　則　（令和三年五月二一日法律第四二号）　抄,0,第一条,ARTICLE_REFERENCE,第六条,695,698
61,附　則　（令和三年五月二一日法律第四二号）　抄,0,第一条,ARTICLE_REFERENCE,第一条,740,743
61,附　則　（令和三年五月二一日法律第四二号）　抄,0,第一条,ARTICLE_REFERENCE,第三十六条の二,747,754
61,附　則　（令和三年五月二一日法律第四二号）　抄,0,第一条,ARTICLE_REFERENCE,第六項,754,757
61,附　則　（令和三年五月二一日法律第四二号）　抄,0,第一条,ARTICLE_REFERENCE,第四十一条,765,770
61,附　則　（令和三年五月二一日法律第四二号）　抄,0,第一条,ARTICLE_REFERENCE,第一項,770,773
61,附　則　（令和三年五月二一日法律第四二号）　抄,0,第一条,ARTICLE_REFERENCE,第一号,773,776
61,附　則　（令和三年五月二一日法律第四二号）　抄,0,第一条,ARTICLE_REFERENCE,第四十三条の二,784,791
61,附　則　（令和三年五月二一日法律第四二号）　抄,0,第一条,ARTICLE_REFERENCE,第一項,791,794
61,附　則　（令和三年五月二一日法律第四二号）　抄,0,第一条,ARTICLE_REFERENCE,第四十八条の三,802,809
61,附　則　（令和三年五月二一日法律第四二号）　抄,0,第一条,ARTICLE_REFERENCE,第五項,809,812
61,附　則　（令和三年五月二一日法律第四二号）　抄,0,第一条,ARTICLE_REFERENCE,第百十二条の二,820,827
61,附　則　（令和三年五月二一日法律第四二号）　抄,0,第一条,ARTICLE_REFERENCE,第一項,827,830
61,附　則　（令和三年五月二一日法律第四二号）　抄,0,第一条,ARTICLE_REFERENCE,第百八十四条の四,838,846
61,附　則　（令和三年五月二一日法律第四二号）　抄,0,第一条,ARTICLE_REFERENCE,第四項,846,849
61,附　則　（令和三年五月二一日法律第四二号）　抄,0,第一条,ARTICLE_REFERENCE,第百八十四条の十一,857,866
61,附　則　（令和三年五月二一日法律第四二号）　抄,0,第一条,ARTICLE_REFERENCE,第六項,866,869
61,附　則　（令和三年五月二一日法律第四二号）　抄,0,第一条,ARTICLE_REFERENCE,第十九号,881,885
61,附　則　（令和三年五月二一日法律第四二号）　抄,0,第一条,ARTICLE_REFERENCE,第二十号,886,890
61,附　則　（令和三年五月二一日法律第四二号）　抄,0,第一条,ARTICLE_REFERENCE,第十一号,893,897
61,附　則　（令和三年五月二一日法律第四二号）　抄,0,第一条,ARTICLE_REFERENCE,第十八号,899,903
61,附　則　（令和三年五月二一日法律第四二号）　抄,0,第一条,ARTICLE_REFERENCE,第十号,915,918
61,附　則　（令和三年五月二一日法律第四二号）　抄,0,第一条,ARTICLE_REFERENCE,第二条,932,935
61,附　則　（令和三年五月二一日法律第四二号）　抄,0,第一条,ARTICLE_REFERENCE,第八条,941,944
61,附　則　（令和三年五月二一日法律第四二号）　抄,0,第一条,ARTICLE_REFERENCE,第一項,944,947
61,附　則　（令和三年五月二一日法律第四二号）　抄,0,第一条,ARTICLE_REFERENCE,第一号,947,950
61,附　則　（令和三年五月二一日法律第四二号）　抄,0,第一条,ARTICLE_REFERENCE,第三十三条の二,958,965
61,附　則　（令和三年五月二一日法律第四二号）　抄,0,第一条,ARTICLE_REFERENCE,第一項,965,968
61,附　則　（令和三年五月二一日法律第四二号）　抄,0,第一条,ARTICLE_REFERENCE,第四十八条の四,976,983
61,附　則　（令和三年五月二一日法律第四二号）　抄,0,第一条,ARTICLE_REFERENCE,第四項,983,986
61,附　則　（令和三年五月二一日法律第四二号）　抄,0,第一条,ARTICLE_REFERENCE,第十一号,998,1002
61,附　則　（令和三年五月二一日法律第四二号）　抄,0,第一条,ARTICLE_REFERENCE,第十二号,1003,1007
61,附　則　（令和三年五月二一日法律第四二号）　抄,0,第一条,ARTICLE_REFERENCE,第七号,1010,1013
61,附　則　（令和三年五月二一日法律第四二号）　抄,0,第一条,ARTICLE_REFERENCE,第十号,1015,1018
61,附　則　（令和三年五月二一日法律第四二号）　抄,0,第一条,ARTICLE_REFERENCE,第六号,1030,1033
61,附　則　（令和三年五月二一日法律第四二号）　抄,0,第一条,ARTICLE_REFERENCE,第三条,1047,1050
61,附　則　（令和三年五月二一日法律第四二号）　抄,0,第一条,ARTICLE_REFERENCE,第四十四条の二,1054,1061
61,附　則　（令和三年五月二一日法律第四二号）　抄,0,第一条,ARTICLE_REFERENCE,第一項,1061,1064
61,附　則　（令和三年五月二一日法律第四二号）　抄,0,第一条,ARTICLE_REFERENCE,第九号,1076,1079
61,附　則　（令和三年五月二一日法律第四二号）　抄,0,第一条,ARTICLE_REFERENCE,第十号,1080,1083
61,附　則　（令和三年五月二一日法律第四二号）　抄,0,第一条,ARTICLE_REFERENCE,第三号,1086,1089
61,附　則　（令和三年五月二一日法律第四二号）　抄,0,第一条,ARTICLE_REFERENCE,第八号,1091,1094
61,附　則　（令和三年五月二一日法律第四二号）　抄,0,第一条,ARTICLE_REFERENCE,第二号,1106,1109
61,附　則　（令和三年五月二一日法律第四二号）　抄,0,第一条,ARTICLE_REFERENCE,第五条,1123,1126
61,附　則　（令和三年五月二一日法律第四二号）　抄,0,第一条,ARTICLE_REFERENCE,次条,1132,1134
61,附　則　（令和三年五月二一日法律第四二号）　抄,0,第一条,ARTICLE_REFERENCE,第一項,1134,1137
61,附　則　（令和三年五月二一日法律第四二号）　抄,0,第一条,ARTICLE_REFERENCE,第四項,1139,1142
61,附　則　（令和三年五月二一日法律第四二号）　抄,0,第一条,ARTICLE_REFERENCE,第八項,1145,1148
61,附　則　（令和三年五月二一日法律第四二号）　抄,0,第一条,ARTICLE_REFERENCE,第十項,1149,1152
61,附　則　（令和三年五月二一日法律第四二号）　抄,0,第一条,ARTICLE_REFERENCE,第十一項,1154,1158
61,附　則　（令和三年五月二一日法律第四二号）　抄,0,第一条,ARTICLE_REFERENCE,附則,1161,1163
61,附　則　（令和三年五月二一日法律第四二号）　抄,0,第一条,ARTICLE_REFERENCE,第三条,1163,1166
61,附　則　（令和三年五月二一日法律第四二号）　抄,0,第一条,ARTICLE_REFERENCE,第一項,1166,1169
61,附　則　（令和三年五月二一日法律第四二号）　抄,0,第一条,ARTICLE_REFERENCE,第二項,1170,1173
61,附　則　（令和三年五月二一日法律第四二号）　抄,0,第一条,ARTICLE_REFERENCE,第六項,1175,1178
61,附　則　（令和三年五月二一日法律第四二号）　抄,0,第一条,ARTICLE_REFERENCE,第八項,1180,1183
61,附　則　（令和三年五月二一日法律第四二号）　抄,0,第一条,ARTICLE_REFERENCE,第四条,1186,1189
61,附　則　（令和三年五月二一日法律第四二号）　抄,0,第一条,ARTICLE_REFERENCE,第二項,1189,1192
61,附　則　（令和三年五月二一日法律第四二号）　抄,0,第一条,ARTICLE_REFERENCE,第五項,1194,1197
61,附　則　（令和三年五月二一日法律第四二号）　抄,0,第一条,ARTICLE_REFERENCE,第五条,1200,1203
61,附　則　（令和三年五月二一日法律第四二号）　抄,0,第一条,ARTICLE_REFERENCE,第二項,1203,1206
61,附　則　（令和三年五月二一日法律第四二号）　抄,0,第一条,ARTICLE_REFERENCE,第三項,1207,1210
61,附　則　（令和三年五月二一日法律第四二号）　抄,0,第一条,ARTICLE_REFERENCE,第六項,1212,1215
61,附　則　（令和三年五月二一日法律第四二号）　抄,0,第一条,ARTICLE_REFERENCE,第十一項,1217,1221
61,附　則　（令和三年五月二一日法律第四二号）　抄,0,第一条,TIME_PERIOD,から,25,27
61,附　則　（令和三年五月二一日法律第四二号）　抄,0,第一条,TIME_PERIOD,一年,31,33
61,附　則　（令和三年五月二一日法律第四二号）　抄,0,第一条,TIME_PERIOD,から,52,54
61,附　則　（令和三年五月二一日法律第四二号）　抄,0,第一条,TIME_PERIOD,から,84,86
61,附　則　（令和三年五月二一日法律第四二号）　抄,0,第一条,TIME_PERIOD,から,193,195
61,附　則　（令和三年五月二一日法律第四二号）　抄,0,第一条,TIME_PERIOD,一月,199,201
61,附　則　（令和三年五月二一日法律第四二号）　抄,0,第一条,TIME_PERIOD,を経過,201,204
61,附　則　（令和三年五月二一日法律第四二号）　抄,0,第一条,TIME_PERIOD,から,246,248
61,附　則　（令和三年五月二一日法律第四二号）　抄,0,第一条,TIME_PERIOD,まで,251,253
61,附　則　（令和三年五月二一日法律第四二号）　抄,0,第一条,TIME_PERIOD,から,551,553
61,附　則　（令和三年五月二一日法律第四二号）　抄,0,第一条,TIME_PERIOD,まで,556,558
61,附　則　（令和三年五月二一日法律第四二号）　抄,0,第一条,TIME_PERIOD,から,706,708
61,附　則　（令和三年五月二一日法律第四二号）　抄,0,第一条,TIME_PERIOD,六月,712,714
61,附　則　（令和三年五月二一日法律第四二号）　抄,0,第一条,TIME_PERIOD,から,897,899
61,附　則　（令和三年五月二一日法律第四二号）　抄,0,第一条,TIME_PERIOD,まで,903,905
61,附　則　（令和三年五月二一日法律第四二号）　抄,0,第一条,TIME_PERIOD,から,1013,1015
61,附　則　（令和三年五月二一日法律第四二号）　抄,0,第一条,TIME_PERIOD,まで,1018,1020
61,附　則　（令和三年五月二一日法律第四二号）　抄,0,第一条,TIME_PERIOD,から,1089,1091
61,附　則　（令和三年五月二一日法律第四二号）　抄,0,第一条,TIME_PERIOD,まで,1094,1096
61,附　則　（令和三年五月二一日法律第四二号）　抄,0,第一条,TIME_PERIOD,から,1137,1139
61,附　則　（令和三年五月二一日法律第四二号）　抄,0,第一条,TIME_PERIOD,まで,1142,1144
61,附　則　（令和三年五月二一日法律第四二号）　抄,0,第一条,TIME_PERIOD,から,1178,1180
61,附　則　（令和三年五月二一日法律第四二号）　抄,0,第一条,TIME_PERIOD,まで,1183,1185
61,附　則　（令和三年五月二一日法律第四二号）　抄,0,第一条,TIME_PERIOD,から,1215,1217
61,附　則　（令和三年五月二一日法律第四二号）　抄,0,第一条,TIME_PERIOD,まで,1221,1223
61,附　則　（令和三年五月二一日法律第四二号）　抄,0,第一条,TIME_PERIOD,から,1231,1233
61,附　則　（令和三年五月二一日法律第四二号）　抄,0,第一条,TIME_PERIOD,二年,1237,1239
61,附　則　（令和三年五月二一日法律第四二号）　抄,0,第一条,PROCEDURE,商標,98,100
61,附　則　（令和三年五月二一日法律第四二号）　抄,0,第一条,PROCEDURE,意匠,331,333
61,附　則　（令和三年五月二一日法律第四二号）　抄,0,第一条,PROCEDURE,商標,522,524
61,附　則　（令和三年五月二一日法律第四二号）　抄,0,第一条,PROCEDURE,意匠,1051,1053
61,附　則　（令和三年五月二一日法律第四二号）　抄,1,第二条,LAW_REFERENCE,"
（特許法",3,8
61,附　則　（令和三年五月二一日法律第四二号）　抄,1,第二条,LAW_REFERENCE,第五号に掲げる改正規定に限る。）による改正後の特許法（以下「第五号改正後特許法,35,74
61,附　則　（令和三年五月二一日法律第四二号）　抄,1,第二条,LAW_REFERENCE,の二第六項の規定は、同号に掲げる規定の施行の日（以下「第五号施行日」という。）以後に特許法第三十六条,85,135
61,附　則　（令和三年五月二一日法律第四二号）　抄,1,第二条,LAW_REFERENCE,の二第五項の規定により取り下げられたものとみなされる特許出願について適用し、第五号施行日前に同項の規定により取り下げられたものとみなされた特許出願については、なお従前の例による。 ２ 第五号改正後特許法第四十一条,135,241
61,附　則　（令和三年五月二一日法律第四二号）　抄,1,第二条,LAW_REFERENCE,第一項（第一号括弧書に係る部分に限る。）の規定は、同項に規定する先の出願の日から一年を経過した日が第五号施行日以後である場合について適用し、その経過した日が第五号施行日前である場合については、なお従前の例による。 ３ 第五号改正後特許法第四十三条,241,364
61,附　則　（令和三年五月二一日法律第四二号）　抄,1,第二条,LAW_REFERENCE,の二第一項（第五号改正後特許法第四十三条,364,384
61,附　則　（令和三年五月二一日法律第四二号）　抄,1,第二条,LAW_REFERENCE,約（特許法第三十六条,412,422
61,附　則　（令和三年五月二一日法律第四二号）　抄,1,第二条,LAW_REFERENCE,Ｃ（１）に規定する優先期間を経過した日が第五号施行日以後である場合について適用し、その経過した日が第五号施行日前である場合については、なお従前の例による。 ４ 第五号改正後特許法第四十八条,466,560
61,附　則　（令和三年五月二一日法律第四二号）　抄,1,第二条,LAW_REFERENCE,第七項において準用する場合を含む。）の規定は、第五号施行日以後に特許法第四十八条,568,608
61,附　則　（令和三年五月二一日法律第四二号）　抄,1,第二条,LAW_REFERENCE,第二号、第三号及び第五号に掲げる改正規定を除く。）による改正後の特許法（以下「改正後特許法,754,799
61,附　則　（令和三年五月二一日法律第四二号）　抄,1,第二条,LAW_REFERENCE,第一項の規定は、この法,810,821
61,附　則　（令和三年五月二一日法律第四二号）　抄,1,第二条,LAW_REFERENCE,第二号に掲げる改正規定に限る。以下この項において同じ。）による改正後の特許法（以下この項において「第二号改正後特許法,916,974
61,附　則　（令和三年五月二一日法律第四二号）　抄,1,第二条,LAW_REFERENCE,の五（これらの規定を第二号改正後特許法第六十五条,992,1016
61,附　則　（令和三年五月二一日法律第四二号）　抄,1,第二条,LAW_REFERENCE,の規定による改正前の特許法（以下この項において「第二号改正前特許法,1060,1093
61,附　則　（令和三年五月二一日法律第四二号）　抄,1,第二条,LAW_REFERENCE,の五第一項の規定による申立てについても適用する。ただし、第二号改正前特許法第百五条,1114,1155
61,附　則　（令和三年五月二一日法律第四二号）　抄,1,第二条,LAW_REFERENCE,第三号に掲げる改正規定に限る。）による改正後の特許法（次項において「第三号改正後特許法,1194,1237
61,附　則　（令和三年五月二一日法律第四二号）　抄,1,第二条,LAW_REFERENCE,第二項ただし書の規定は、同号に掲げる規定の施行の日（以下「第三号施行日」という。）前に特許法第百八条,1248,1298
61,附　則　（令和三年五月二一日法律第四二号）　抄,1,第二条,LAW_REFERENCE,第二号、第三号及び第五号に掲げる改正規定を除く。）による改正前の特許法第百九条,1319,1358
61,附　則　（令和三年五月二一日法律第四二号）　抄,1,第二条,LAW_REFERENCE,の二の規定による納付の猶予後の期間を経過した場合であって、これらの期間内に特許料の納付がなかったときについては、適用しない。 ８ 第五号改正後特許法第百十二条,1366,1445
61,附　則　（令和三年五月二一日法律第四二号）　抄,1,第二条,LAW_REFERENCE,の二第一項の規定は、第五号施行日以後に第三号改正後特許法第百十二条,1445,1478
61,附　則　（令和三年五月二一日法律第四二号）　抄,1,第二条,LAW_REFERENCE,第三号に掲げる改正規定に限る。）による改正前の特許法第百十二条,1549,1580
61,附　則　（令和三年五月二一日法律第四二号）　抄,1,第二条,LAW_REFERENCE,第四項から第六項まで又は第三号改正後特許法第百十二条,1580,1606
61,附　則　（令和三年五月二一日法律第四二号）　抄,1,第二条,LAW_REFERENCE,第四項から第六項までの規定により消滅したもの又は初めから存在しなかったものとみなされた特許権については、なお従前の例による。 ９ 改正後特許法第百二十七条,1606,1683
61,附　則　（令和三年五月二一日法律第四二号）　抄,1,第二条,LAW_REFERENCE,（改正後特許法第百二十条,1683,1695
61,附　則　（令和三年五月二一日法律第四二号）　抄,1,第二条,LAW_REFERENCE,の二第九項において準用する場合を含む。）の規定は、施行日以後にする特許法第百二十条,1708,1749
61,附　則　（令和三年五月二一日法律第四二号）　抄,1,第二条,LAW_REFERENCE,の二第一項の訂正の請求及び訂正審判の請求について適用し、施行日前にした同法第百二十条,1762,1804
61,附　則　（令和三年五月二一日法律第四二号）　抄,1,第二条,LAW_REFERENCE,の二第一項の訂正の請求及び訂正審判の請求については、なお従前の例による。 １０ 第五号改正後特許法第百八十四条,1817,1872
61,附　則　（令和三年五月二一日法律第四二号）　抄,1,第二条,LAW_REFERENCE,の四第四項の規定は、第五号施行日以後に特許法第百八十四条,1872,1900
61,附　則　（令和三年五月二一日法律第四二号）　抄,1,第二条,LAW_REFERENCE,の四第三項の規定により取り下げられたものとみなされる国際特許出願について適用し、第五号施行日前に同項の規定により取り下げられたものとみなされた国際特許出願については、なお従前の例による。 １１ 第五号改正後特許法第百八十四条,1900,2012
61,附　則　（令和三年五月二一日法律第四二号）　抄,1,第二条,LAW_REFERENCE,の十一第六項の規定は、第五号施行日以後に特許法第百八十四条,2012,2041
61,附　則　（令和三年五月二一日法律第四二号）　抄,1,第二条,ARTICLE_REFERENCE,第二条,0,3
61,附　則　（令和三年五月二一日法律第四二号）　抄,1,第二条,ARTICLE_REFERENCE,第二条,22,25
61,附　則　（令和三年五月二一日法律第四二号）　抄,1,第二条,ARTICLE_REFERENCE,第一条,26,29
61,附　則　（令和三年五月二一日法律第四二号）　抄,1,第二条,ARTICLE_REFERENCE,前条,33,35
61,附　則　（令和三年五月二一日法律第四二号）　抄,1,第二条,ARTICLE_REFERENCE,第五号,35,38
61,附　則　（令和三年五月二一日法律第四二号）　抄,1,第二条,ARTICLE_REFERENCE,第五号,65,68
61,附　則　（令和三年五月二一日法律第四二号）　抄,1,第二条,ARTICLE_REFERENCE,第三十六条の二,80,87
61,附　則　（令和三年五月二一日法律第四二号）　抄,1,第二条,ARTICLE_REFERENCE,第六項,87,90
61,附　則　（令和三年五月二一日法律第四二号）　抄,1,第二条,ARTICLE_REFERENCE,同号,95,97
61,附　則　（令和三年五月二一日法律第四二号）　抄,1,第二条,ARTICLE_REFERENCE,第五号,112,115
61,附　則　（令和三年五月二一日法律第四二号）　抄,1,第二条,ARTICLE_REFERENCE,第三十六条の二,130,137
61,附　則　（令和三年五月二一日法律第四二号）　抄,1,第二条,ARTICLE_REFERENCE,第五項,137,140
61,附　則　（令和三年五月二一日法律第四二号）　抄,1,第二条,ARTICLE_REFERENCE,第五号,173,176
61,附　則　（令和三年五月二一日法律第四二号）　抄,1,第二条,ARTICLE_REFERENCE,同項,181,183
61,附　則　（令和三年五月二一日法律第四二号）　抄,1,第二条,ARTICLE_REFERENCE,第五号,227,230
61,附　則　（令和三年五月二一日法律第四二号）　抄,1,第二条,ARTICLE_REFERENCE,第四十一条,236,241
61,附　則　（令和三年五月二一日法律第四二号）　抄,1,第二条,ARTICLE_REFERENCE,第一項,241,244
61,附　則　（令和三年五月二一日法律第四二号）　抄,1,第二条,ARTICLE_REFERENCE,第一号,245,248
61,附　則　（令和三年五月二一日法律第四二号）　抄,1,第二条,ARTICLE_REFERENCE,同項,266,268
61,附　則　（令和三年五月二一日法律第四二号）　抄,1,第二条,ARTICLE_REFERENCE,第五号,290,293
61,附　則　（令和三年五月二一日法律第四二号）　抄,1,第二条,ARTICLE_REFERENCE,第五号,319,322
61,附　則　（令和三年五月二一日法律第四二号）　抄,1,第二条,ARTICLE_REFERENCE,第五号,350,353
61,附　則　（令和三年五月二一日法律第四二号）　抄,1,第二条,ARTICLE_REFERENCE,第四十三条の二,359,366
61,附　則　（令和三年五月二一日法律第四二号）　抄,1,第二条,ARTICLE_REFERENCE,第一項,366,369
61,附　則　（令和三年五月二一日法律第四二号）　抄,1,第二条,ARTICLE_REFERENCE,第五号,370,373
61,附　則　（令和三年五月二一日法律第四二号）　抄,1,第二条,ARTICLE_REFERENCE,第四十三条の三,379,386
61,附　則　（令和三年五月二一日法律第四二号）　抄,1,第二条,ARTICLE_REFERENCE,第三項,386,389
61,附　則　（令和三年五月二一日法律第四二号）　抄,1,第二条,ARTICLE_REFERENCE,第三十六条の二,417,424
61,附　則　（令和三年五月二一日法律第四二号）　抄,1,第二条,ARTICLE_REFERENCE,第二項,424,427
61,附　則　（令和三年五月二一日法律第四二号）　抄,1,第二条,ARTICLE_REFERENCE,次条,440,442
61,附　則　（令和三年五月二一日法律第四二号）　抄,1,第二条,ARTICLE_REFERENCE,第二項,442,445
61,附　則　（令和三年五月二一日法律第四二号）　抄,1,第二条,ARTICLE_REFERENCE,附則,447,449
61,附　則　（令和三年五月二一日法律第四二号）　抄,1,第二条,ARTICLE_REFERENCE,第四条,449,452
61,附　則　（令和三年五月二一日法律第四二号）　抄,1,第二条,ARTICLE_REFERENCE,第二項,452,455
61,附　則　（令和三年五月二一日法律第四二号）　抄,1,第二条,ARTICLE_REFERENCE,第四条,463,466
61,附　則　（令和三年五月二一日法律第四二号）　抄,1,第二条,ARTICLE_REFERENCE,第五号,486,489
61,附　則　（令和三年五月二一日法律第四二号）　抄,1,第二条,ARTICLE_REFERENCE,第五号,515,518
61,附　則　（令和三年五月二一日法律第四二号）　抄,1,第二条,ARTICLE_REFERENCE,第五号,546,549
61,附　則　（令和三年五月二一日法律第四二号）　抄,1,第二条,ARTICLE_REFERENCE,第四十八条の三,555,562
61,附　則　（令和三年五月二一日法律第四二号）　抄,1,第二条,ARTICLE_REFERENCE,第五項,562,565
61,附　則　（令和三年五月二一日法律第四二号）　抄,1,第二条,ARTICLE_REFERENCE,同条,566,568
61,附　則　（令和三年五月二一日法律第四二号）　抄,1,第二条,ARTICLE_REFERENCE,第七項,568,571
61,附　則　（令和三年五月二一日法律第四二号）　抄,1,第二条,ARTICLE_REFERENCE,第五号,591,594
61,附　則　（令和三年五月二一日法律第四二号）　抄,1,第二条,ARTICLE_REFERENCE,第四十八条の三,603,610
61,附　則　（令和三年五月二一日法律第四二号）　抄,1,第二条,ARTICLE_REFERENCE,第四項,610,613
61,附　則　（令和三年五月二一日法律第四二号）　抄,1,第二条,ARTICLE_REFERENCE,同条,614,616
61,附　則　（令和三年五月二一日法律第四二号）　抄,1,第二条,ARTICLE_REFERENCE,第七項,616,619
61,附　則　（令和三年五月二一日法律第四二号）　抄,1,第二条,ARTICLE_REFERENCE,第五号,667,670
61,附　則　（令和三年五月二一日法律第四二号）　抄,1,第二条,ARTICLE_REFERENCE,同条,675,677
61,附　則　（令和三年五月二一日法律第四二号）　抄,1,第二条,ARTICLE_REFERENCE,第四項,677,680
61,附　則　（令和三年五月二一日法律第四二号）　抄,1,第二条,ARTICLE_REFERENCE,同条,681,683
61,附　則　（令和三年五月二一日法律第四二号）　抄,1,第二条,ARTICLE_REFERENCE,第七項,683,686
61,附　則　（令和三年五月二一日法律第四二号）　抄,1,第二条,ARTICLE_REFERENCE,第一条,745,748
61,附　則　（令和三年五月二一日法律第四二号）　抄,1,第二条,ARTICLE_REFERENCE,前条,752,754
61,附　則　（令和三年五月二一日法律第四二号）　抄,1,第二条,ARTICLE_REFERENCE,第二号,754,757
61,附　則　（令和三年五月二一日法律第四二号）　抄,1,第二条,ARTICLE_REFERENCE,第三号,758,761
61,附　則　（令和三年五月二一日法律第四二号）　抄,1,第二条,ARTICLE_REFERENCE,第五号,763,766
61,附　則　（令和三年五月二一日法律第四二号）　抄,1,第二条,ARTICLE_REFERENCE,第九十七条,805,810
61,附　則　（令和三年五月二一日法律第四二号）　抄,1,第二条,ARTICLE_REFERENCE,第一項,810,813
61,附　則　（令和三年五月二一日法律第四二号）　抄,1,第二条,ARTICLE_REFERENCE,第一条,907,910
61,附　則　（令和三年五月二一日法律第四二号）　抄,1,第二条,ARTICLE_REFERENCE,前条,914,916
61,附　則　（令和三年五月二一日法律第四二号）　抄,1,第二条,ARTICLE_REFERENCE,第二号,916,919
61,附　則　（令和三年五月二一日法律第四二号）　抄,1,第二条,ARTICLE_REFERENCE,第二号,965,968
61,附　則　（令和三年五月二一日法律第四二号）　抄,1,第二条,ARTICLE_REFERENCE,第百五条の四,980,986
61,附　則　（令和三年五月二一日法律第四二号）　抄,1,第二条,ARTICLE_REFERENCE,第百五条の五,988,994
61,附　則　（令和三年五月二一日法律第四二号）　抄,1,第二条,ARTICLE_REFERENCE,第二号,1002,1005
61,附　則　（令和三年五月二一日法律第四二号）　抄,1,第二条,ARTICLE_REFERENCE,第六十五条,1011,1016
61,附　則　（令和三年五月二一日法律第四二号）　抄,1,第二条,ARTICLE_REFERENCE,第六項,1016,1019
61,附　則　（令和三年五月二一日法律第四二号）　抄,1,第二条,ARTICLE_REFERENCE,同号,1039,1041
61,附　則　（令和三年五月二一日法律第四二号）　抄,1,第二条,ARTICLE_REFERENCE,第一条,1057,1060
61,附　則　（令和三年五月二一日法律第四二号）　抄,1,第二条,ARTICLE_REFERENCE,第二号,1084,1087
61,附　則　（令和三年五月二一日法律第四二号）　抄,1,第二条,ARTICLE_REFERENCE,第百五条の四,1099,1105
61,附　則　（令和三年五月二一日法律第四二号）　抄,1,第二条,ARTICLE_REFERENCE,第一項,1105,1108
61,附　則　（令和三年五月二一日法律第四二号）　抄,1,第二条,ARTICLE_REFERENCE,第百五条の五,1110,1116
61,附　則　（令和三年五月二一日法律第四二号）　抄,1,第二条,ARTICLE_REFERENCE,第一項,1116,1119
61,附　則　（令和三年五月二一日法律第四二号）　抄,1,第二条,ARTICLE_REFERENCE,第二号,1142,1145
61,附　則　（令和三年五月二一日法律第四二号）　抄,1,第二条,ARTICLE_REFERENCE,第百五条の四,1151,1157
61,附　則　（令和三年五月二一日法律第四二号）　抄,1,第二条,ARTICLE_REFERENCE,第百五条の五,1159,1165
61,附　則　（令和三年五月二一日法律第四二号）　抄,1,第二条,ARTICLE_REFERENCE,第一条,1185,1188
61,附　則　（令和三年五月二一日法律第四二号）　抄,1,第二条,ARTICLE_REFERENCE,前条,1192,1194
61,附　則　（令和三年五月二一日法律第四二号）　抄,1,第二条,ARTICLE_REFERENCE,第三号,1194,1197
61,附　則　（令和三年五月二一日法律第四二号）　抄,1,第二条,ARTICLE_REFERENCE,次項,1221,1223
61,附　則　（令和三年五月二一日法律第四二号）　抄,1,第二条,ARTICLE_REFERENCE,第三号,1228,1231
61,附　則　（令和三年五月二一日法律第四二号）　抄,1,第二条,ARTICLE_REFERENCE,第百十二条,1243,1248
61,附　則　（令和三年五月二一日法律第四二号）　抄,1,第二条,ARTICLE_REFERENCE,第二項,1248,1251
61,附　則　（令和三年五月二一日法律第四二号）　抄,1,第二条,ARTICLE_REFERENCE,同号,1260,1262
61,附　則　（令和三年五月二一日法律第四二号）　抄,1,第二条,ARTICLE_REFERENCE,第三号,1277,1280
61,附　則　（令和三年五月二一日法律第四二号）　抄,1,第二条,ARTICLE_REFERENCE,第百八条,1294,1298
61,附　則　（令和三年五月二一日法律第四二号）　抄,1,第二条,ARTICLE_REFERENCE,第二項,1298,1301
61,附　則　（令和三年五月二一日法律第四二号）　抄,1,第二条,ARTICLE_REFERENCE,第一条,1310,1313
61,附　則　（令和三年五月二一日法律第四二号）　抄,1,第二条,ARTICLE_REFERENCE,前条,1317,1319
61,附　則　（令和三年五月二一日法律第四二号）　抄,1,第二条,ARTICLE_REFERENCE,第二号,1319,1322
61,附　則　（令和三年五月二一日法律第四二号）　抄,1,第二条,ARTICLE_REFERENCE,第三号,1323,1326
61,附　則　（令和三年五月二一日法律第四二号）　抄,1,第二条,ARTICLE_REFERENCE,第五号,1328,1331
61,附　則　（令和三年五月二一日法律第四二号）　抄,1,第二条,ARTICLE_REFERENCE,第百九条,1354,1358
61,附　則　（令和三年五月二一日法律第四二号）　抄,1,第二条,ARTICLE_REFERENCE,第百九条の二,1362,1368
61,附　則　（令和三年五月二一日法律第四二号）　抄,1,第二条,ARTICLE_REFERENCE,第五号,1431,1434
61,附　則　（令和三年五月二一日法律第四二号）　抄,1,第二条,ARTICLE_REFERENCE,第百十二条の二,1440,1447
61,附　則　（令和三年五月二一日法律第四二号）　抄,1,第二条,ARTICLE_REFERENCE,第一項,1447,1450
61,附　則　（令和三年五月二一日法律第四二号）　抄,1,第二条,ARTICLE_REFERENCE,第五号,1455,1458
61,附　則　（令和三年五月二一日法律第四二号）　抄,1,第二条,ARTICLE_REFERENCE,第三号,1464,1467
61,附　則　（令和三年五月二一日法律第四二号）　抄,1,第二条,ARTICLE_REFERENCE,第百十二条,1473,1478
61,附　則　（令和三年五月二一日法律第四二号）　抄,1,第二条,ARTICLE_REFERENCE,第四項,1478,1481
61,附　則　（令和三年五月二一日法律第四二号）　抄,1,第二条,ARTICLE_REFERENCE,第六項,1483,1486
61,附　則　（令和三年五月二一日法律第四二号）　抄,1,第二条,ARTICLE_REFERENCE,第五号,1532,1535
61,附　則　（令和三年五月二一日法律第四二号）　抄,1,第二条,ARTICLE_REFERENCE,第一条,1540,1543
61,附　則　（令和三年五月二一日法律第四二号）　抄,1,第二条,ARTICLE_REFERENCE,前条,1547,1549
61,附　則　（令和三年五月二一日法律第四二号）　抄,1,第二条,ARTICLE_REFERENCE,第三号,1549,1552
61,附　則　（令和三年五月二一日法律第四二号）　抄,1,第二条,ARTICLE_REFERENCE,第百十二条,1575,1580
61,附　則　（令和三年五月二一日法律第四二号）　抄,1,第二条,ARTICLE_REFERENCE,第四項,1580,1583
61,附　則　（令和三年五月二一日法律第四二号）　抄,1,第二条,ARTICLE_REFERENCE,第六項,1585,1588
61,附　則　（令和三年五月二一日法律第四二号）　抄,1,第二条,ARTICLE_REFERENCE,第三号,1592,1595
61,附　則　（令和三年五月二一日法律第四二号）　抄,1,第二条,ARTICLE_REFERENCE,第百十二条,1601,1606
61,附　則　（令和三年五月二一日法律第四二号）　抄,1,第二条,ARTICLE_REFERENCE,第四項,1606,1609
61,附　則　（令和三年五月二一日法律第四二号）　抄,1,第二条,ARTICLE_REFERENCE,第六項,1611,1614
61,附　則　（令和三年五月二一日法律第四二号）　抄,1,第二条,ARTICLE_REFERENCE,第百二十七条,1677,1683
61,附　則　（令和三年五月二一日法律第四二号）　抄,1,第二条,ARTICLE_REFERENCE,第百二十条の五,1690,1697
61,附　則　（令和三年五月二一日法律第四二号）　抄,1,第二条,ARTICLE_REFERENCE,第九項,1697,1700
61,附　則　（令和三年五月二一日法律第四二号）　抄,1,第二条,ARTICLE_REFERENCE,第百三十四条の二,1702,1710
61,附　則　（令和三年五月二一日法律第四二号）　抄,1,第二条,ARTICLE_REFERENCE,第九項,1710,1713
61,附　則　（令和三年五月二一日法律第四二号）　抄,1,第二条,ARTICLE_REFERENCE,第百二十条の五,1744,1751
61,附　則　（令和三年五月二一日法律第四二号）　抄,1,第二条,ARTICLE_REFERENCE,第二項,1751,1754
61,附　則　（令和三年五月二一日法律第四二号）　抄,1,第二条,ARTICLE_REFERENCE,第百三十四条の二,1756,1764
61,附　則　（令和三年五月二一日法律第四二号）　抄,1,第二条,ARTICLE_REFERENCE,第一項,1764,1767
61,附　則　（令和三年五月二一日法律第四二号）　抄,1,第二条,ARTICLE_REFERENCE,第百二十条の五,1799,1806
61,附　則　（令和三年五月二一日法律第四二号）　抄,1,第二条,ARTICLE_REFERENCE,第二項,1806,1809
61,附　則　（令和三年五月二一日法律第四二号）　抄,1,第二条,ARTICLE_REFERENCE,第百三十四条の二,1811,1819
61,附　則　（令和三年五月二一日法律第四二号）　抄,1,第二条,ARTICLE_REFERENCE,第一項,1819,1822
61,附　則　（令和三年五月二一日法律第四二号）　抄,1,第二条,ARTICLE_REFERENCE,第五号,1857,1860
61,附　則　（令和三年五月二一日法律第四二号）　抄,1,第二条,ARTICLE_REFERENCE,第百八十四条の四,1866,1874
61,附　則　（令和三年五月二一日法律第四二号）　抄,1,第二条,ARTICLE_REFERENCE,第四項,1874,1877
61,附　則　（令和三年五月二一日法律第四二号）　抄,1,第二条,ARTICLE_REFERENCE,第五号,1882,1885
61,附　則　（令和三年五月二一日法律第四二号）　抄,1,第二条,ARTICLE_REFERENCE,第百八十四条の四,1894,1902
61,附　則　（令和三年五月二一日法律第四二号）　抄,1,第二条,ARTICLE_REFERENCE,第三項,1902,1905
61,附　則　（令和三年五月二一日法律第四二号）　抄,1,第二条,ARTICLE_REFERENCE,第五号,1940,1943
61,附　則　（令和三年五月二一日法律第四二号）　抄,1,第二条,ARTICLE_REFERENCE,同項,1948,1950
61,附　則　（令和三年五月二一日法律第四二号）　抄,1,第二条,ARTICLE_REFERENCE,第五号,1997,2000
61,附　則　（令和三年五月二一日法律第四二号）　抄,1,第二条,ARTICLE_REFERENCE,第百八十四条の十一,2006,2015
61,附　則　（令和三年五月二一日法律第四二号）　抄,1,第二条,ARTICLE_REFERENCE,第六項,2015,2018
61,附　則　（令和三年五月二一日法律第四二号）　抄,1,第二条,ARTICLE_REFERENCE,第五号,2023,2026
61,附　則　（令和三年五月二一日法律第四二号）　抄,1,第二条,ARTICLE_REFERENCE,第百八十四条の十一,2035,2044
61,附　則　（令和三年五月二一日法律第四二号）　抄,1,第二条,ARTICLE_REFERENCE,第五項,2044,2047
61,附　則　（令和三年五月二一日法律第四二号）　抄,1,第二条,ARTICLE_REFERENCE,第五号,2082,2085
61,附　則　（令和三年五月二一日法律第四二号）　抄,1,第二条,ARTICLE_REFERENCE,同項,2090,2092
61,附　則　（令和三年五月二一日法律第四二号）　抄,1,第二条,TIME_PERIOD,出願の日,275,279
61,附　則　（令和三年五月二一日法律第四二号）　抄,1,第二条,TIME_PERIOD,から,279,281
61,附　則　（令和三年五月二一日法律第四二号）　抄,1,第二条,TIME_PERIOD,一年,281,283
61,附　則　（令和三年五月二一日法律第四二号）　抄,1,第二条,TIME_PERIOD,を経過,283,286
61,附　則　（令和三年五月二一日法律第四二号）　抄,1,第二条,TIME_PERIOD,を経過,479,482
61,附　則　（令和三年五月二一日法律第四二号）　抄,1,第二条,TIME_PERIOD,を経過,1383,1386
61,附　則　（令和三年五月二一日法律第四二号）　抄,1,第二条,TIME_PERIOD,から,1481,1483
61,附　則　（令和三年五月二一日法律第四二号）　抄,1,第二条,TIME_PERIOD,まで,1486,1488
61,附　則　（令和三年五月二一日法律第四二号）　抄,1,第二条,TIME_PERIOD,から,1504,1506
61,附　則　（令和三年五月二一日法律第四二号）　抄,1,第二条,TIME_PERIOD,から,1583,1585
61,附　則　（令和三年五月二一日法律第四二号）　抄,1,第二条,TIME_PERIOD,まで,1588,1590
61,附　則　（令和三年五月二一日法律第四二号）　抄,1,第二条,TIME_PERIOD,から,1609,1611
61,附　則　（令和三年五月二一日法律第四二号）　抄,1,第二条,TIME_PERIOD,まで,1614,1616
61,附　則　（令和三年五月二一日法律第四二号）　抄,1,第二条,TIME_PERIOD,から,1632,1634
61,附　則　（令和三年五月二一日法律第四二号）　抄,1,第二条,PROCEDURE,出願,163,165
61,附　則　（令和三年五月二一日法律第四二号）　抄,1,第二条,PROCEDURE,出願,206,208
61,附　則　（令和三年五月二一日法律第四二号）　抄,1,第二条,PROCEDURE,出願,275,277
61,附　則　（令和三年五月二一日法律第四二号）　抄,1,第二条,PROCEDURE,出願,657,659
61,附　則　（令和三年五月二一日法律第四二号）　抄,1,第二条,PROCEDURE,出願,724,726
61,附　則　（令和三年五月二一日法律第四二号）　抄,1,第二条,PROCEDURE,特許権,845,848
61,附　則　（令和三年五月二一日法律第四二号）　抄,1,第二条,PROCEDURE,登録,854,856
61,附　則　（令和三年五月二一日法律第四二号）　抄,1,第二条,PROCEDURE,申請,857,859
61,附　則　（令和三年五月二一日法律第四二号）　抄,1,第二条,PROCEDURE,特許権,874,877
61,附　則　（令和三年五月二一日法律第四二号）　抄,1,第二条,PROCEDURE,登録,883,885
61,附　則　（令和三年五月二一日法律第四二号）　抄,1,第二条,PROCEDURE,申請,886,888
61,附　則　（令和三年五月二一日法律第四二号）　抄,1,第二条,PROCEDURE,特許権,1521,1524
61,附　則　（令和三年五月二一日法律第四二号）　抄,1,第二条,PROCEDURE,特許権,1649,1652
61,附　則　（令和三年五月二一日法律第四二号）　抄,1,第二条,PROCEDURE,請求,1771,1773
61,附　則　（令和三年五月二一日法律第四二号）　抄,1,第二条,PROCEDURE,審判,1777,1779
61,附　則　（令和三年五月二一日法律第四二号）　抄,1,第二条,PROCEDURE,請求,1780,1782
61,附　則　（令和三年五月二一日法律第四二号）　抄,1,第二条,PROCEDURE,請求,1826,1828
61,附　則　（令和三年五月二一日法律第四二号）　抄,1,第二条,PROCEDURE,審判,1832,1834
61,附　則　（令和三年五月二一日法律第四二号）　抄,1,第二条,PROCEDURE,請求,1835,1837
61,附　則　（令和三年五月二一日法律第四二号）　抄,1,第二条,PROCEDURE,出願,1930,1932
61,附　則　（令和三年五月二一日法律第四二号）　抄,1,第二条,PROCEDURE,出願,1975,1977
61,附　則　（令和三年五月二一日法律第四二号）　抄,1,第二条,PROCEDURE,出願,2072,2074
61,附　則　（令和三年五月二一日法律第四二号）　抄,1,第二条,PROCEDURE,出願,2117,2119
61,附　則　（令和三年五月二一日法律第四二号）　抄,1,第二条,LEGAL_STATUS,効力,1174,1176
61,附　則　（令和三年五月二一日法律第四二号）　抄,2,第八条,LAW_REFERENCE, この法,20,24
61,附　則　（令和三年五月二一日法律第四二号）　抄,2,第八条,ARTICLE_REFERENCE,第八条,0,3
61,附　則　（令和三年五月二一日法律第四二号）　抄,2,第八条,ARTICLE_REFERENCE,第八条,17,20
61,附　則　（令和三年五月二一日法律第四二号）　抄,3,第九条,LAW_REFERENCE,政令,5,7
61,附　則　（令和三年五月二一日法律第四二号）　抄,3,第九条,LAW_REFERENCE, この附則に規定するもののほか、この法,16,35
61,附　則　（令和三年五月二一日法律第四二号）　抄,3,第九条,LAW_REFERENCE,政令,51,53
61,附　則　（令和三年五月二一日法律第四二号）　抄,3,第九条,ARTICLE_REFERENCE,第九条,0,3
61,附　則　（令和三年五月二一日法律第四二号）　抄,3,第九条,ARTICLE_REFERENCE,第九条,13,16
61,附　則　（令和三年五月二一日法律第四二号）　抄,3,第九条,ARTICLE_REFERENCE,附則,19,21
61,附　則　（令和三年五月二一日法律第四二号）　抄,4,第十条,LAW_REFERENCE, 政府は、この法律の施行後五年を経過した場合において、この法律による改正後の特許法第百七条,12,57
61,附　則　（令和三年五月二一日法律第四二号）　抄,4,第十条,LAW_REFERENCE,第一項、実用新案法第三十一条,57,71
61,附　則　（令和三年五月二一日法律第四二号）　抄,4,第十条,LAW_REFERENCE,第一項、意匠法第四十二条,71,83
61,附　則　（令和三年五月二一日法律第四二号）　抄,4,第十条,LAW_REFERENCE,の二十一第一項及び第二項、商標法第四十条,93,113
61,附　則　（令和三年五月二一日法律第四二号）　抄,4,第十条,LAW_REFERENCE,約に基づく国際出願等に関する法,180,195
61,附　則　（令和三年五月二一日法律第四二号）　抄,4,第十条,ARTICLE_REFERENCE,第十条,0,3
61,附　則　（令和三年五月二一日法律第四二号）　抄,4,第十条,ARTICLE_REFERENCE,第十条,9,12
61,附　則　（令和三年五月二一日法律第四二号）　抄,4,第十条,ARTICLE_REFERENCE,第百七条,53,57
61,附　則　（令和三年五月二一日法律第四二号）　抄,4,第十条,ARTICLE_REFERENCE,第一項,57,60
61,附　則　（令和三年五月二一日法律第四二号）　抄,4,第十条,ARTICLE_REFERENCE,第三十一条,66,71
61,附　則　（令和三年五月二一日法律第四二号）　抄,4,第十条,ARTICLE_REFERENCE,第一項,71,74
61,附　則　（令和三年五月二一日法律第四二号）　抄,4,第十条,ARTICLE_REFERENCE,第四十二条,78,83
61,附　則　（令和三年五月二一日法律第四二号）　抄,4,第十条,ARTICLE_REFERENCE,第一項,83,86
61,附　則　（令和三年五月二一日法律第四二号）　抄,4,第十条,ARTICLE_REFERENCE,第六十条の二十一,89,97
61,附　則　（令和三年五月二一日法律第四二号）　抄,4,第十条,ARTICLE_REFERENCE,第一項,97,100
61,附　則　（令和三年五月二一日法律第四二号）　抄,4,第十条,ARTICLE_REFERENCE,第二項,102,105
61,附　則　（令和三年五月二一日法律第四二号）　抄,4,第十条,ARTICLE_REFERENCE,第四十条,109,113
61,附　則　（令和三年五月二一日法律第四二号）　抄,4,第十条,ARTICLE_REFERENCE,第一項,113,116
61,附　則　（令和三年五月二一日法律第四二号）　抄,4,第十条,ARTICLE_REFERENCE,第二項,118,121
61,附　則　（令和三年五月二一日法律第四二号）　抄,4,第十条,ARTICLE_REFERENCE,第四十一条の二,122,129
61,附　則　（令和三年五月二一日法律第四二号）　抄,4,第十条,ARTICLE_REFERENCE,第一項,129,132
61,附　則　（令和三年五月二一日法律第四二号）　抄,4,第十条,ARTICLE_REFERENCE,第七項,134,137
61,附　則　（令和三年五月二一日法律第四二号）　抄,4,第十条,ARTICLE_REFERENCE,第六十五条の七,138,145
61,附　則　（令和三年五月二一日法律第四二号）　抄,4,第十条,ARTICLE_REFERENCE,第一項,145,148
61,附　則　（令和三年五月二一日法律第四二号）　抄,4,第十条,ARTICLE_REFERENCE,第二項,150,153
61,附　則　（令和三年五月二一日法律第四二号）　抄,4,第十条,ARTICLE_REFERENCE,第六十八条の三十,156,164
61,附　則　（令和三年五月二一日法律第四二号）　抄,4,第十条,ARTICLE_REFERENCE,第一項,164,167
61,附　則　（令和三年五月二一日法律第四二号）　抄,4,第十条,ARTICLE_REFERENCE,第五項,169,172
61,附　則　（令和三年五月二一日法律第四二号）　抄,4,第十条,ARTICLE_REFERENCE,第十八条,196,200
61,附　則　（令和三年五月二一日法律第四二号）　抄,4,第十条,ARTICLE_REFERENCE,第二項,200,203
61,附　則　（令和三年五月二一日法律第四二号）　抄,4,第十条,TIME_PERIOD,五年,25,27
61,附　則　（令和三年五月二一日法律第四二号）　抄,4,第十条,TIME_PERIOD,を経過,27,30
61,附　則　（令和三年五月二一日法律第四二号）　抄,4,第十条,PROCEDURE,意匠,75,77
61,附　則　（令和三年五月二一日法律第四二号）　抄,4,第十条,PROCEDURE,商標,106,108
61,附　則　（令和三年五月二一日法律第四二号）　抄,4,第十条,PROCEDURE,出願,187,189
62,附　則　（令和四年五月二五日法律第四八号）　抄,0,第一条,LAW_REFERENCE, この法,14,18
62,附　則　（令和四年五月二五日法律第四八号）　抄,0,第一条,LAW_REFERENCE,政令,45,47
62,附　則　（令和四年五月二五日法律第四八号）　抄,0,第一条,LAW_REFERENCE,中商業登記法（昭和三十八年法,109,123
62,附　則　（令和四年五月二五日法律第四八号）　抄,0,第一条,ARTICLE_REFERENCE,第一条,0,3
62,附　則　（令和四年五月二五日法律第四八号）　抄,0,第一条,ARTICLE_REFERENCE,第一条,11,14
62,附　則　（令和四年五月二五日法律第四八号）　抄,0,第一条,ARTICLE_REFERENCE,各号,65,67
62,附　則　（令和四年五月二五日法律第四八号）　抄,0,第一条,ARTICLE_REFERENCE,各号,77,79
62,附　則　（令和四年五月二五日法律第四八号）　抄,0,第一条,ARTICLE_REFERENCE,第三条,94,97
62,附　則　（令和四年五月二五日法律第四八号）　抄,0,第一条,ARTICLE_REFERENCE,附則,103,105
62,附　則　（令和四年五月二五日法律第四八号）　抄,0,第一条,ARTICLE_REFERENCE,第六十条,105,109
62,附　則　（令和四年五月二五日法律第四八号）　抄,0,第一条,ARTICLE_REFERENCE,第百二十五号,124,130
62,附　則　（令和四年五月二五日法律第四八号）　抄,0,第一条,ARTICLE_REFERENCE,第五十二条,131,136
62,附　則　（令和四年五月二五日法律第四八号）　抄,0,第一条,ARTICLE_REFERENCE,第二項,136,139
62,附　則　（令和四年五月二五日法律第四八号）　抄,0,第一条,ARTICLE_REFERENCE,附則,146,148
62,附　則　（令和四年五月二五日法律第四八号）　抄,0,第一条,ARTICLE_REFERENCE,第百二十五条,148,154
62,附　則　（令和四年五月二五日法律第四八号）　抄,0,第一条,TIME_PERIOD,から,25,27
62,附　則　（令和四年五月二五日法律第四八号）　抄,0,第一条,TIME_PERIOD,四年,31,33
62,附　則　（令和四年五月二五日法律第四八号）　抄,0,第一条,TIME_PERIOD,から,52,54
62,附　則　（令和四年五月二五日法律第四八号）　抄,0,第一条,TIME_PERIOD,から,84,86
62,附　則　（令和四年五月二五日法律第四八号）　抄,0,第一条,TIME_PERIOD,三十八年,118,122
62,附　則　（令和四年五月二五日法律第四八号）　抄,1,第百二十五条,LAW_REFERENCE,政令,8,10
62,附　則　（令和四年五月二五日法律第四八号）　抄,1,第百二十五条,LAW_REFERENCE, この附則に定めるもののほか、この法,22,40
62,附　則　（令和四年五月二五日法律第四八号）　抄,1,第百二十五条,LAW_REFERENCE,政令,56,58
62,附　則　（令和四年五月二五日法律第四八号）　抄,1,第百二十五条,ARTICLE_REFERENCE,第百二十五条,0,6
62,附　則　（令和四年五月二五日法律第四八号）　抄,1,第百二十五条,ARTICLE_REFERENCE,第百二十五条,16,22
62,附　則　（令和四年五月二五日法律第四八号）　抄,1,第百二十五条,ARTICLE_REFERENCE,附則,25,27
63,附　則　（令和五年六月一四日法律第五一号）　抄,0,第一条,LAW_REFERENCE, この法,14,18
63,附　則　（令和五年六月一四日法律第五一号）　抄,0,第一条,LAW_REFERENCE,政令,45,47
63,附　則　（令和五年六月一四日法律第五一号）　抄,0,第一条,LAW_REFERENCE,中特許法第百八十四条,97,107
63,附　則　（令和五年六月一四日法律第五一号）　抄,0,第一条,LAW_REFERENCE,の九第五項の改正規定、同法第百八十六条,107,126
63,附　則　（令和五年六月一四日法律第五一号）　抄,0,第一条,LAW_REFERENCE,第一項及び第二項の改正規定並びに同法第百九十一条,126,150
63,附　則　（令和五年六月一四日法律第五一号）　抄,0,第一条,LAW_REFERENCE,中実用新案法第五十五条,167,178
63,附　則　（令和五年六月一四日法律第五一号）　抄,0,第一条,LAW_REFERENCE,中意匠法第六十三条,190,199
63,附　則　（令和五年六月一四日法律第五一号）　抄,0,第一条,LAW_REFERENCE,政令,253,255
63,附　則　（令和五年六月一四日法律第五一号）　抄,0,第一条,LAW_REFERENCE,中特許法第四十三条,266,275
63,附　則　（令和五年六月一四日法律第五一号）　抄,0,第一条,LAW_REFERENCE,第二項から第九項までの改正規定、同法第四十四条,275,298
63,附　則　（令和五年六月一四日法律第五一号）　抄,0,第一条,LAW_REFERENCE,第四項の改正規定及び同法第六十四条,298,315
63,附　則　（令和五年六月一四日法律第五一号）　抄,0,第一条,LAW_REFERENCE,中実用新案法第十条,332,341
63,附　則　（令和五年六月一四日法律第五一号）　抄,0,第一条,LAW_REFERENCE,中意匠法第四条,353,360
63,附　則　（令和五年六月一四日法律第五一号）　抄,0,第一条,LAW_REFERENCE,第三項の改正規定、同法第十条,360,374
63,附　則　（令和五年六月一四日法律第五一号）　抄,0,第一条,LAW_REFERENCE,の二第三項の改正規定及び同法第六十条,374,392
63,附　則　（令和五年六月一四日法律第五一号）　抄,0,第一条,LAW_REFERENCE,中商標法第二条,406,413
63,附　則　（令和五年六月一四日法律第五一号）　抄,0,第一条,LAW_REFERENCE,第三項第七号の改正規定、同法第十条,413,430
63,附　則　（令和五年六月一四日法律第五一号）　抄,0,第一条,LAW_REFERENCE,第三項の改正規定、同法第十三条,430,445
63,附　則　（令和五年六月一四日法律第五一号）　抄,0,第一条,LAW_REFERENCE,第一項の改正規定、同法第六十八条,445,461
63,附　則　（令和五年六月一四日法律第五一号）　抄,0,第一条,LAW_REFERENCE,の二に一項を加える改正規定、同法第六十八条,461,482
63,附　則　（令和五年六月一四日法律第五一号）　抄,0,第一条,LAW_REFERENCE,の三第一項の改正規定、同法第六十八条,482,500
63,附　則　（令和五年六月一四日法律第五一号）　抄,0,第一条,LAW_REFERENCE,の十六第一項の改正規定及び同法第七十六条,500,520
63,附　則　（令和五年六月一四日法律第五一号）　抄,0,第一条,LAW_REFERENCE,中工業所有権に関する手続等の特例に関する法,535,556
63,附　則　（令和五年六月一四日法律第五一号）　抄,0,第一条,LAW_REFERENCE,第一項から第四項までの改正規定、同法第十条,560,581
63,附　則　（令和五年六月一四日法律第五一号）　抄,0,第一条,LAW_REFERENCE,に一項を加える改正規定並びに同法第二十四条,581,602
63,附　則　（令和五年六月一四日法律第五一号）　抄,0,第一条,LAW_REFERENCE,政令,654,656
63,附　則　（令和五年六月一四日法律第五一号）　抄,0,第一条,ARTICLE_REFERENCE,第一条,0,3
63,附　則　（令和五年六月一四日法律第五一号）　抄,0,第一条,ARTICLE_REFERENCE,第一条,11,14
63,附　則　（令和五年六月一四日法律第五一号）　抄,0,第一条,ARTICLE_REFERENCE,各号,65,67
63,附　則　（令和五年六月一四日法律第五一号）　抄,0,第一条,ARTICLE_REFERENCE,各号,77,79
63,附　則　（令和五年六月一四日法律第五一号）　抄,0,第一条,ARTICLE_REFERENCE,第二条,94,97
63,附　則　（令和五年六月一四日法律第五一号）　抄,0,第一条,ARTICLE_REFERENCE,第百八十四条の九,101,109
63,附　則　（令和五年六月一四日法律第五一号）　抄,0,第一条,ARTICLE_REFERENCE,第五項,109,112
63,附　則　（令和五年六月一四日法律第五一号）　抄,0,第一条,ARTICLE_REFERENCE,第百八十六条,120,126
63,附　則　（令和五年六月一四日法律第五一号）　抄,0,第一条,ARTICLE_REFERENCE,第一項,126,129
63,附　則　（令和五年六月一四日法律第五一号）　抄,0,第一条,ARTICLE_REFERENCE,第二項,131,134
63,附　則　（令和五年六月一四日法律第五一号）　抄,0,第一条,ARTICLE_REFERENCE,第百九十一条,144,150
63,附　則　（令和五年六月一四日法律第五一号）　抄,0,第一条,ARTICLE_REFERENCE,第一項,150,153
63,附　則　（令和五年六月一四日法律第五一号）　抄,0,第一条,ARTICLE_REFERENCE,第二項,155,158
63,附　則　（令和五年六月一四日法律第五一号）　抄,0,第一条,ARTICLE_REFERENCE,第三条,164,167
63,附　則　（令和五年六月一四日法律第五一号）　抄,0,第一条,ARTICLE_REFERENCE,第五十五条,173,178
63,附　則　（令和五年六月一四日法律第五一号）　抄,0,第一条,ARTICLE_REFERENCE,第一項,178,181
63,附　則　（令和五年六月一四日法律第五一号）　抄,0,第一条,ARTICLE_REFERENCE,第四条,187,190
63,附　則　（令和五年六月一四日法律第五一号）　抄,0,第一条,ARTICLE_REFERENCE,第六十三条,194,199
63,附　則　（令和五年六月一四日法律第五一号）　抄,0,第一条,ARTICLE_REFERENCE,第一項,199,202
63,附　則　（令和五年六月一四日法律第五一号）　抄,0,第一条,ARTICLE_REFERENCE,第二項,204,207
63,附　則　（令和五年六月一四日法律第五一号）　抄,0,第一条,ARTICLE_REFERENCE,附則,215,217
63,附　則　（令和五年六月一四日法律第五一号）　抄,0,第一条,ARTICLE_REFERENCE,第三条,217,220
63,附　則　（令和五年六月一四日法律第五一号）　抄,0,第一条,ARTICLE_REFERENCE,第七条,222,225
63,附　則　（令和五年六月一四日法律第五一号）　抄,0,第一条,ARTICLE_REFERENCE,第二条,263,266
63,附　則　（令和五年六月一四日法律第五一号）　抄,0,第一条,ARTICLE_REFERENCE,第四十三条,270,275
63,附　則　（令和五年六月一四日法律第五一号）　抄,0,第一条,ARTICLE_REFERENCE,第二項,275,278
63,附　則　（令和五年六月一四日法律第五一号）　抄,0,第一条,ARTICLE_REFERENCE,第九項,280,283
63,附　則　（令和五年六月一四日法律第五一号）　抄,0,第一条,ARTICLE_REFERENCE,第四十四条,293,298
63,附　則　（令和五年六月一四日法律第五一号）　抄,0,第一条,ARTICLE_REFERENCE,第四項,298,301
63,附　則　（令和五年六月一四日法律第五一号）　抄,0,第一条,ARTICLE_REFERENCE,第六十四条の二,310,317
63,附　則　（令和五年六月一四日法律第五一号）　抄,0,第一条,ARTICLE_REFERENCE,第一項,317,320
63,附　則　（令和五年六月一四日法律第五一号）　抄,0,第一条,ARTICLE_REFERENCE,第二号,320,323
63,附　則　（令和五年六月一四日法律第五一号）　抄,0,第一条,ARTICLE_REFERENCE,第三条,329,332
63,附　則　（令和五年六月一四日法律第五一号）　抄,0,第一条,ARTICLE_REFERENCE,第十条,338,341
63,附　則　（令和五年六月一四日法律第五一号）　抄,0,第一条,ARTICLE_REFERENCE,第八項,341,344
63,附　則　（令和五年六月一四日法律第五一号）　抄,0,第一条,ARTICLE_REFERENCE,第四条,350,353
63,附　則　（令和五年六月一四日法律第五一号）　抄,0,第一条,ARTICLE_REFERENCE,第四条,357,360
63,附　則　（令和五年六月一四日法律第五一号）　抄,0,第一条,ARTICLE_REFERENCE,第三項,360,363
63,附　則　（令和五年六月一四日法律第五一号）　抄,0,第一条,ARTICLE_REFERENCE,第十条の二,371,376
63,附　則　（令和五年六月一四日法律第五一号）　抄,0,第一条,ARTICLE_REFERENCE,第三項,376,379
63,附　則　（令和五年六月一四日法律第五一号）　抄,0,第一条,ARTICLE_REFERENCE,第六十条の七,388,394
63,附　則　（令和五年六月一四日法律第五一号）　抄,0,第一条,ARTICLE_REFERENCE,第一項,394,397
63,附　則　（令和五年六月一四日法律第五一号）　抄,0,第一条,ARTICLE_REFERENCE,第五条,403,406
63,附　則　（令和五年六月一四日法律第五一号）　抄,0,第一条,ARTICLE_REFERENCE,第二条,410,413
63,附　則　（令和五年六月一四日法律第五一号）　抄,0,第一条,ARTICLE_REFERENCE,第三項,413,416
63,附　則　（令和五年六月一四日法律第五一号）　抄,0,第一条,ARTICLE_REFERENCE,第七号,416,419
63,附　則　（令和五年六月一四日法律第五一号）　抄,0,第一条,ARTICLE_REFERENCE,第十条,427,430
63,附　則　（令和五年六月一四日法律第五一号）　抄,0,第一条,ARTICLE_REFERENCE,第三項,430,433
63,附　則　（令和五年六月一四日法律第五一号）　抄,0,第一条,ARTICLE_REFERENCE,第十三条,441,445
63,附　則　（令和五年六月一四日法律第五一号）　抄,0,第一条,ARTICLE_REFERENCE,第一項,445,448
63,附　則　（令和五年六月一四日法律第五一号）　抄,0,第一条,ARTICLE_REFERENCE,第六十八条の二,456,463
63,附　則　（令和五年六月一四日法律第五一号）　抄,0,第一条,ARTICLE_REFERENCE,第六十八条の三,477,484
63,附　則　（令和五年六月一四日法律第五一号）　抄,0,第一条,ARTICLE_REFERENCE,第一項,484,487
63,附　則　（令和五年六月一四日法律第五一号）　抄,0,第一条,ARTICLE_REFERENCE,第六十八条の十六,495,503
63,附　則　（令和五年六月一四日法律第五一号）　抄,0,第一条,ARTICLE_REFERENCE,第一項,503,506
63,附　則　（令和五年六月一四日法律第五一号）　抄,0,第一条,ARTICLE_REFERENCE,第七十六条,515,520
63,附　則　（令和五年六月一四日法律第五一号）　抄,0,第一条,ARTICLE_REFERENCE,第一項,520,523
63,附　則　（令和五年六月一四日法律第五一号）　抄,0,第一条,ARTICLE_REFERENCE,第三号,523,526
63,附　則　（令和五年六月一四日法律第五一号）　抄,0,第一条,ARTICLE_REFERENCE,第六条,532,535
63,附　則　（令和五年六月一四日法律第五一号）　抄,0,第一条,ARTICLE_REFERENCE,第八条,557,560
63,附　則　（令和五年六月一四日法律第五一号）　抄,0,第一条,ARTICLE_REFERENCE,第一項,560,563
63,附　則　（令和五年六月一四日法律第五一号）　抄,0,第一条,ARTICLE_REFERENCE,第四項,565,568
63,附　則　（令和五年六月一四日法律第五一号）　抄,0,第一条,ARTICLE_REFERENCE,第十条,578,581
63,附　則　（令和五年六月一四日法律第五一号）　抄,0,第一条,ARTICLE_REFERENCE,第二十四条,597,602
63,附　則　（令和五年六月一四日法律第五一号）　抄,0,第一条,ARTICLE_REFERENCE,第一項,602,605
63,附　則　（令和五年六月一四日法律第五一号）　抄,0,第一条,ARTICLE_REFERENCE,第二項,607,610
63,附　則　（令和五年六月一四日法律第五一号）　抄,0,第一条,ARTICLE_REFERENCE,第四号,610,613
63,附　則　（令和五年六月一四日法律第五一号）　抄,0,第一条,ARTICLE_REFERENCE,附則,621,623
63,附　則　（令和五年六月一四日法律第五一号）　抄,0,第一条,ARTICLE_REFERENCE,第四条,623,626
63,附　則　（令和五年六月一四日法律第五一号）　抄,0,第一条,TIME_PERIOD,から,25,27
63,附　則　（令和五年六月一四日法律第五一号）　抄,0,第一条,TIME_PERIOD,一年,31,33
63,附　則　（令和五年六月一四日法律第五一号）　抄,0,第一条,TIME_PERIOD,から,52,54
63,附　則　（令和五年六月一四日法律第五一号）　抄,0,第一条,TIME_PERIOD,から,84,86
63,附　則　（令和五年六月一四日法律第五一号）　抄,0,第一条,TIME_PERIOD,から,233,235
63,附　則　（令和五年六月一四日法律第五一号）　抄,0,第一条,TIME_PERIOD,三月,239,241
63,附　則　（令和五年六月一四日法律第五一号）　抄,0,第一条,TIME_PERIOD,から,278,280
63,附　則　（令和五年六月一四日法律第五一号）　抄,0,第一条,TIME_PERIOD,まで,283,285
63,附　則　（令和五年六月一四日法律第五一号）　抄,0,第一条,TIME_PERIOD,から,563,565
63,附　則　（令和五年六月一四日法律第五一号）　抄,0,第一条,TIME_PERIOD,まで,568,570
63,附　則　（令和五年六月一四日法律第五一号）　抄,0,第一条,TIME_PERIOD,から,634,636
63,附　則　（令和五年六月一四日法律第五一号）　抄,0,第一条,TIME_PERIOD,九月,640,642
63,附　則　（令和五年六月一四日法律第五一号）　抄,0,第一条,PROCEDURE,意匠,191,193
63,附　則　（令和五年六月一四日法律第五一号）　抄,0,第一条,PROCEDURE,意匠,354,356
63,附　則　（令和五年六月一四日法律第五一号）　抄,0,第一条,PROCEDURE,商標,407,409
63,附　則　（令和五年六月一四日法律第五一号）　抄,1,第三条,LAW_REFERENCE,"
（特許法",3,8
63,附　則　（令和五年六月一四日法律第五一号）　抄,1,第三条,LAW_REFERENCE,第一号に掲げる改正規定に限る。）による改正後の特許法,38,64
63,附　則　（令和五年六月一四日法律第五一号）　抄,1,第三条,LAW_REFERENCE,において「新特許法,70,79
63,附　則　（令和五年六月一四日法律第五一号）　抄,1,第三条,LAW_REFERENCE,第一項（実用新案法第五十五条,91,105
63,附　則　（令和五年六月一四日法律第五一号）　抄,1,第三条,LAW_REFERENCE,第二項、意匠法第六十八条,105,117
63,附　則　（令和五年六月一四日法律第五一号）　抄,1,第三条,LAW_REFERENCE,第五項及び商標法第七十七条,117,130
63,附　則　（令和五年六月一四日法律第五一号）　抄,1,第三条,LAW_REFERENCE,第五項において準用する場合を含む。以下この項において同じ。）の規定の適用については、同号に掲げる規定の施行の日（次項において「第一号施行日」という。）前の期間については、新特許法第百九十一条,130,225
63,附　則　（令和五年六月一四日法律第五一号）　抄,1,第三条,LAW_REFERENCE,第一項第三号に規定する六月の期間に算入しない。 ２ 新特許法第百九十一条,225,261
63,附　則　（令和五年六月一四日法律第五一号）　抄,1,第三条,LAW_REFERENCE,第二項（実用新案法第五十五条,261,275
63,附　則　（令和五年六月一四日法律第五一号）　抄,1,第三条,LAW_REFERENCE,第二項、意匠法第六十八条,275,287
63,附　則　（令和五年六月一四日法律第五一号）　抄,1,第三条,LAW_REFERENCE,第五項及び商標法第七十七条,287,300
63,附　則　（令和五年六月一四日法律第五一号）　抄,1,第三条,ARTICLE_REFERENCE,第三条,0,3
63,附　則　（令和五年六月一四日法律第五一号）　抄,1,第三条,ARTICLE_REFERENCE,第三条,22,25
63,附　則　（令和五年六月一四日法律第五一号）　抄,1,第三条,ARTICLE_REFERENCE,第二条,26,29
63,附　則　（令和五年六月一四日法律第五一号）　抄,1,第三条,ARTICLE_REFERENCE,附則,33,35
63,附　則　（令和五年六月一四日法律第五一号）　抄,1,第三条,ARTICLE_REFERENCE,第一条,35,38
63,附　則　（令和五年六月一四日法律第五一号）　抄,1,第三条,ARTICLE_REFERENCE,第一号,38,41
63,附　則　（令和五年六月一四日法律第五一号）　抄,1,第三条,ARTICLE_REFERENCE,第百九十一条,85,91
63,附　則　（令和五年六月一四日法律第五一号）　抄,1,第三条,ARTICLE_REFERENCE,第一項,91,94
63,附　則　（令和五年六月一四日法律第五一号）　抄,1,第三条,ARTICLE_REFERENCE,第五十五条,100,105
63,附　則　（令和五年六月一四日法律第五一号）　抄,1,第三条,ARTICLE_REFERENCE,第二項,105,108
63,附　則　（令和五年六月一四日法律第五一号）　抄,1,第三条,ARTICLE_REFERENCE,第六十八条,112,117
63,附　則　（令和五年六月一四日法律第五一号）　抄,1,第三条,ARTICLE_REFERENCE,第五項,117,120
63,附　則　（令和五年六月一四日法律第五一号）　抄,1,第三条,ARTICLE_REFERENCE,第七十七条,125,130
63,附　則　（令和五年六月一四日法律第五一号）　抄,1,第三条,ARTICLE_REFERENCE,第五項,130,133
63,附　則　（令和五年六月一四日法律第五一号）　抄,1,第三条,ARTICLE_REFERENCE,同号,172,174
63,附　則　（令和五年六月一四日法律第五一号）　抄,1,第三条,ARTICLE_REFERENCE,次項,186,188
63,附　則　（令和五年六月一四日法律第五一号）　抄,1,第三条,ARTICLE_REFERENCE,第一号,193,196
63,附　則　（令和五年六月一四日法律第五一号）　抄,1,第三条,ARTICLE_REFERENCE,第百九十一条,219,225
63,附　則　（令和五年六月一四日法律第五一号）　抄,1,第三条,ARTICLE_REFERENCE,第一項,225,228
63,附　則　（令和五年六月一四日法律第五一号）　抄,1,第三条,ARTICLE_REFERENCE,第三号,228,231
63,附　則　（令和五年六月一四日法律第五一号）　抄,1,第三条,ARTICLE_REFERENCE,第百九十一条,255,261
63,附　則　（令和五年六月一四日法律第五一号）　抄,1,第三条,ARTICLE_REFERENCE,第二項,261,264
63,附　則　（令和五年六月一四日法律第五一号）　抄,1,第三条,ARTICLE_REFERENCE,第五十五条,270,275
63,附　則　（令和五年六月一四日法律第五一号）　抄,1,第三条,ARTICLE_REFERENCE,第二項,275,278
63,附　則　（令和五年六月一四日法律第五一号）　抄,1,第三条,ARTICLE_REFERENCE,第六十八条,282,287
63,附　則　（令和五年六月一四日法律第五一号）　抄,1,第三条,ARTICLE_REFERENCE,第五項,287,290
63,附　則　（令和五年六月一四日法律第五一号）　抄,1,第三条,ARTICLE_REFERENCE,第七十七条,295,300
63,附　則　（令和五年六月一四日法律第五一号）　抄,1,第三条,ARTICLE_REFERENCE,第五項,300,303
63,附　則　（令和五年六月一四日法律第五一号）　抄,1,第三条,ARTICLE_REFERENCE,第一号,323,326
63,附　則　（令和五年六月一四日法律第五一号）　抄,1,第三条,ARTICLE_REFERENCE,第一号,348,351
63,附　則　（令和五年六月一四日法律第五一号）　抄,1,第三条,TIME_PERIOD,六月,236,238
63,附　則　（令和五年六月一四日法律第五一号）　抄,1,第三条,PROCEDURE,意匠,109,111
63,附　則　（令和五年六月一四日法律第五一号）　抄,1,第三条,PROCEDURE,商標,122,124
63,附　則　（令和五年六月一四日法律第五一号）　抄,1,第三条,PROCEDURE,意匠,279,281
63,附　則　（令和五年六月一四日法律第五一号）　抄,1,第三条,PROCEDURE,商標,292,294
63,附　則　（令和五年六月一四日法律第五一号）　抄,1,第三条,PROCEDURE,公示,336,338
63,附　則　（令和五年六月一四日法律第五一号）　抄,1,第三条,PROCEDURE,公示,360,362
63,附　則　（令和五年六月一四日法律第五一号）　抄,2,第七条,LAW_REFERENCE,政令,5,7
63,附　則　（令和五年六月一四日法律第五一号）　抄,2,第七条,LAW_REFERENCE, この附則に規定するもののほか、この法,16,35
63,附　則　（令和五年六月一四日法律第五一号）　抄,2,第七条,LAW_REFERENCE,政令,51,53
63,附　則　（令和五年六月一四日法律第五一号）　抄,2,第七条,ARTICLE_REFERENCE,第七条,0,3
63,附　則　（令和五年六月一四日法律第五一号）　抄,2,第七条,ARTICLE_REFERENCE,第七条,13,16
63,附　則　（令和五年六月一四日法律第五一号）　抄,2,第七条,ARTICLE_REFERENCE,附則,19,21
